-0.704648077,-0.081008278,1.707412720,-0.995102167,0.065081038,0.074405342,0,265,1
-0.704648077,-0.081008278,1.707412720,-0.995205343,0.063948236,0.074006580,0,255,-1
-0.704648077,-0.081008278,1.707412720,-0.995102167,0.065081015,0.074405365,0,265,-1
-0.704648077,-0.081008278,1.707412720,-0.995410919,0.072401464,0.062571257,0,81,-1
-0.704648077,-0.081008278,1.707412720,-0.995237470,0.063510038,0.073951967,0,176,-1
-0.704648077,-0.081008278,1.707412720,-0.995972872,0.059181761,0.067346603,0,1707,-1
-0.704648077,-0.081008278,1.707412720,-0.995253801,0.063091077,0.074090555,0,131,-1
-0.704648077,-0.081008278,1.707412720,-0.995219231,0.063749626,0.073991455,0,340,-1
-0.704648077,-0.081008278,1.707412720,-0.994935274,0.068960622,0.073131092,0,0,-1
-0.704648077,-0.081008278,1.707412720,-0.994832814,0.079709791,0.062881343,0,189,-1
-0.704648077,-0.081008278,1.707412720,-0.995059490,0.065561637,0.074553944,0,299,-1
-0.704648077,-0.081008278,1.707412720,-0.995612681,0.059416953,0.072284654,0,1708,-1
-0.704648077,-0.081008278,1.707412720,-0.995679617,0.059323598,0.071434073,0,83,-1
-0.704648077,-0.081008278,1.707412720,-0.995258212,0.063330330,0.073826648,0,59,-1
-0.704648077,-0.081008278,1.707412720,-0.995479643,0.069422729,0.064813688,0,301,-1
-0.704648077,-0.081008278,1.707412720,-0.995985210,0.055785891,0.070009500,0,215,-1
-0.704648077,-0.081008278,1.707412720,-0.994830847,0.070699312,0.072892100,0,425,-1
-0.704648077,-0.081008278,1.707412720,-0.995178878,0.074821845,0.063409396,0,449,-1
-0.639569104,0.074824363,1.098536253,-0.765618980,0.113172285,0.633261144,1,1,2
-0.658384919,-0.265889764,1.298179865,0.302441418,-0.514183879,-0.802585840,2,1706,1
-0.642874956,0.047861770,1.112805247,-0.812964499,0.513543546,0.274520934,3,3,2
-0.744839787,-0.255092055,1.313537240,-0.973385811,0.133042186,0.186600789,4,4,2
-0.754354179,-0.319072217,1.308930039,-0.988210797,0.081217997,0.129780814,5,5,2
-0.737619996,-0.172077373,1.299207091,-0.957152009,0.157696694,0.242882371,6,6,2
-0.735944271,-0.143819526,1.295316339,0.915931225,-0.215027913,-0.338870287,7,7,2
-0.739277840,-0.210398853,1.329439402,-0.968299329,0.123276338,0.217254192,11,11,2
-0.736064196,-0.122193992,1.287454009,-0.473640651,0.473181158,0.742808342,13,13,2
-0.668303132,-0.180945426,1.237144351,-0.349668682,0.490179092,0.798408568,15,15,2
-0.653082669,-0.374758422,1.369879961,0.684047520,-0.404624075,-0.606925309,18,18,2
-0.739524841,-0.504523695,1.513576865,-0.463147938,-0.460610211,-0.757187128,24,24,2
-0.743262947,-0.495312333,1.508359194,0.912650943,-0.250717670,-0.322814226,25,25,2
-0.751968086,-0.555845261,1.520932198,-0.975320697,0.158650383,0.153556690,26,26,2
-0.757174313,-0.652894735,1.601839185,-0.985722125,0.127589971,0.109875999,28,28,2
-0.762927651,-0.672660470,1.569297433,-0.993499160,0.090504870,0.069053233,29,29,2
-0.765404999,-0.679915369,1.559287071,-0.985127866,0.169400841,-0.028748803,30,30,2
-0.714780867,-0.658464909,1.577356458,-0.006376359,0.982945204,-0.183788031,31,31,2
-0.748315752,-0.554503977,1.542645574,0.930487633,-0.230831265,-0.284446448,32,32,2
-0.737768590,-0.644486070,1.583700538,0.597380996,-0.352151871,-0.720503330,33,33,2
-0.740179181,-0.677049994,1.598492742,-0.416861206,-0.541560948,-0.730026364,35,35,2
-0.754997611,-0.679924011,1.625569701,-0.986874521,0.063218020,0.148600876,37,37,2
-0.677679121,-0.669496417,1.551793814,0.306363553,-0.560124636,-0.769676507,38,38,2
-0.668165088,-0.683693647,1.575655937,0.659607172,0.591141403,-0.464187771,39,39,2
-0.655133486,-0.625691772,1.536676645,0.662491262,-0.502315938,-0.555683434,42,42,2
-0.657952666,-0.641142726,1.547270060,0.000000000,0.000000000,1.000000000,43,43,2
-0.649170160,-0.614933491,1.533510089,0.000000000,0.000000001,1.000000000,44,44,2
-0.656190097,-0.659305632,1.562583685,-0.983124614,0.108524017,0.147270426,45,45,2
-0.693589270,-0.642811656,1.646136999,-0.530575991,-0.236010119,-0.814118207,46,46,2
-0.668274403,-0.658776939,1.623262286,0.328786165,-0.680387437,0.654960036,47,47,2
-0.688406169,-0.650693238,1.642244697,-0.655968726,0.291009039,-0.696432889,48,48,2
-0.652114272,0.672865629,1.688281894,-0.987155974,-0.122874379,0.102103204,51,51,2
-0.652571797,0.690276504,1.693886161,-0.974742770,-0.190222815,0.117012039,52,52,2
-0.652417779,0.700223327,1.697401524,-0.962298334,-0.245814279,0.116435997,53,53,2
-0.650241017,0.714645028,1.706285357,-0.992440283,-0.097441882,0.074615449,54,54,2
-0.646399796,0.729181409,1.713335991,0.999973476,0.000000007,-0.007284047,55,55,2
-0.603938580,0.702390015,1.694808483,0.684043109,0.607464850,0.403821290,57,57,2
0.186436862,0.630076766,1.653708220,-0.084995240,-0.939840674,-0.330870628,59,255,1
0.186436862,0.630076766,1.653708220,-0.087043464,-0.933633804,-0.347493082,59,265,1
0.186436862,0.630076766,1.653708220,-0.086194746,-0.939762831,-0.330781192,59,265,-1
0.186436862,0.630076766,1.653708220,-0.085377306,-0.933755338,-0.347579777,59,1710,-1
0.186436862,0.630076766,1.653708220,-0.083408631,-0.946148276,-0.312804163,59,59,-1
0.186436862,0.630076766,1.653708220,-0.081086248,-0.933375895,-0.349620551,59,1708,-1
-0.647538662,0.616612852,1.747932434,-0.951496184,0.100647606,0.290731996,61,61,2
-0.640991271,0.720540404,1.754004478,-0.799800277,0.318185806,0.508996427,63,63,2
-0.641998291,0.671876073,1.820618272,-0.980993032,0.069623001,0.181122437,65,65,2
-0.638016462,0.707245827,1.782815456,0.926309168,-0.199481413,-0.319622427,67,67,2
-0.646295547,0.579881132,1.829435349,0.995286286,-0.086355813,-0.044135291,69,69,2
-0.639714897,0.695097148,1.809451342,-0.986605525,0.092369661,0.134452462,71,71,2
-0.598628640,0.707301080,1.658936024,-0.784368396,-0.470834017,-0.403833568,72,72,2
-0.640731096,0.489406556,1.806738615,0.955354333,0.290449291,0.054197628,73,73,2
-0.568931401,0.464725226,1.755354762,0.365625650,0.874257445,0.319361717,74,74,2
0.131749853,0.423855364,1.694851398,0.015255306,-0.525449753,0.850687921,75,81,1
0.131749853,0.423855364,1.694851398,-0.081644021,-0.957570016,-0.276394635,75,176,1
0.131749853,0.423855364,1.694851398,0.029108314,-0.526406527,0.849734604,75,265,-1
0.131749853,0.423855364,1.694851398,0.000856483,-0.523744524,0.851875007,75,365,-1
0.131749853,0.423855364,1.694851398,-0.084770754,-0.951948345,-0.294292927,75,299,-1
-0.638632894,0.589880526,1.839971185,0.939645112,0.109175250,-0.324265093,78,78,2
0.131783426,0.521934628,1.731399179,0.015665233,-0.459845692,0.887860715,83,83,1
0.131783456,0.521935105,1.731272936,0.015665233,-0.459845692,0.887860715,83,83,1
0.131783456,0.521935105,1.731272936,-0.089627810,-0.638702929,-0.764215648,83,1707,1
0.131783456,0.521935105,1.731272936,-0.098827071,-0.638128817,-0.763560653,83,265,-1
0.131783426,0.521934628,1.731399179,0.015665235,-0.459845692,0.887860715,83,83,-1
0.131783426,0.521934628,1.731399179,0.011497725,-0.459340185,0.888186038,83,365,-1
-0.624677837,0.696042836,1.787950158,0.000000000,-0.000000000,1.000000000,84,84,2
-0.594516516,0.474120647,1.735758662,-0.247398242,-0.895877063,-0.369050711,86,86,2
-0.621760011,0.602857292,1.834434748,-0.792289197,0.335049123,-0.509921551,87,87,2
-0.635258615,0.633985639,1.846711159,-0.946701646,0.274777979,0.168086603,88,88,2
-0.630474448,0.580009937,1.830495119,0.672088504,-0.426352471,0.605409443,92,92,2
-0.633024633,0.693345547,1.825819969,0.000000000,0.000000000,1.000000000,95,95,2
-0.657910705,0.374661952,1.926449656,-0.984213233,0.023587555,0.175408363,98,98,2
0.165654302,0.369917393,1.801064968,-0.084995240,-0.939840674,-0.330870628,100,255,1
0.165654302,0.369917393,1.801064968,-0.087043464,-0.933633804,-0.347493082,100,265,1
0.165654302,0.369917393,1.801064968,-0.086194746,-0.939762831,-0.330781192,100,265,-1
0.165654302,0.369917393,1.801064968,-0.085377306,-0.933755338,-0.347579777,100,1710,-1
0.165654302,0.369917393,1.801064968,-0.083408631,-0.946148276,-0.312804163,100,59,-1
0.165654302,0.369917393,1.801064968,-0.081086248,-0.933375895,-0.349620551,100,1708,-1
-0.584075928,0.612169504,1.795779347,-0.433236361,0.432649195,-0.790645957,103,103,2
-0.622083127,0.684040904,1.819440365,0.812817037,0.554497659,0.178496018,104,104,2
-0.596796095,0.428486496,1.865421414,-0.442078590,-0.859299481,-0.257237315,106,106,2
-0.648029625,0.448220313,1.925640941,0.704559028,-0.630601823,-0.325481057,107,107,2
-0.646345854,0.449127197,1.921765924,-0.973714352,-0.145771459,-0.175017372,108,108,2
-0.598608971,0.651322603,1.810305715,0.773518085,0.608846426,0.175999686,112,112,2
-0.667217493,0.001128679,2.048997641,-0.995053649,0.029645011,0.094812714,114,114,2
-0.640522480,0.420267522,1.974489570,-0.504073560,-0.856078982,-0.114187159,116,116,2
-0.574955523,0.630743206,1.799956679,0.038271535,-0.844876468,0.533590734,117,117,2
-0.647649109,0.326007634,2.027438641,-0.994097710,-0.013844643,0.107602149,118,118,2
-0.639818907,0.413412660,2.011507273,0.636052608,0.699028313,-0.326797396,119,119,2
-0.564481318,0.639913082,1.792610407,-0.080580190,0.975577652,0.204340637,120,120,2
-0.639725149,0.409149081,2.028661251,0.929405391,0.330045611,-0.165153116,122,122,2
-0.637104392,0.299533367,2.011945248,-0.914432883,0.201281920,-0.351138294,125,125,2
-0.636770189,0.350286275,2.034220457,0.848282516,-0.242552742,0.470728099,126,126,2
0.134085149,0.231684059,1.885983109,0.015255306,-0.525449753,0.850687921,128,81,1
0.134085149,0.231684059,1.885983109,0.015665233,-0.459845692,0.887860715,128,83,1
0.134085149,0.231684059,1.885983109,0.029108314,-0.526406527,0.849734604,128,265,-1
0.134085149,0.231684059,1.885983109,0.000856483,-0.523744524,0.851875007,128,365,-1
0.134085149,0.231684059,1.885983109,0.015665235,-0.459845692,0.887860715,128,83,-1
0.163468063,0.136615992,1.883720279,-0.074046165,-0.984994233,-0.155895963,131,131,1
0.163468063,0.136615992,1.883720279,-0.082953185,-0.951622963,-0.295859069,131,340,1
0.163468063,0.136615992,1.883720279,-0.076056823,-0.984864712,-0.155745968,131,265,-1
0.163468063,0.136615992,1.883720279,-0.074046172,-0.984994233,-0.155895963,131,131,-1
0.163468063,0.136615992,1.883720279,-0.084770754,-0.951948345,-0.294292927,131,299,-1
0.163468063,0.136615992,1.883720279,-0.083408631,-0.946148276,-0.312804163,131,59,-1
-0.641795695,0.339734465,2.040350914,0.994287789,-0.098171681,-0.041884255,133,133,2
-0.654842377,0.008344869,2.152193069,0.883913279,0.026537424,-0.466897368,137,137,2
-0.570221484,0.155918211,2.023212910,-0.270705611,-0.915886343,-0.296429902,138,138,2
-0.618890285,0.335300386,1.992556453,0.855032325,-0.216911688,0.471029848,144,144,2
-0.604997277,0.377441734,1.997341156,-0.762512982,0.201277986,-0.614866853,149,149,2
-0.600237787,0.383949220,1.985982299,0.578961909,0.791990221,0.193790376,150,150,2
-0.677866340,-0.278188378,2.220638514,-0.989758551,0.079748288,0.118398823,154,154,2
-0.588441670,0.358019471,1.980635762,-0.342908949,0.683486581,-0.644406378,155,155,2
-0.670398116,-0.204506949,2.244096279,-0.994854808,0.056230515,0.084274545,161,161,2
-0.642764747,0.012001197,2.161038637,0.818690181,0.181021810,-0.544956505,162,162,2
0.203562424,0.108791038,1.948875546,-0.042858686,-0.949138999,0.311926842,163,0,1
0.203562424,0.108791038,1.948875546,-0.087043464,-0.933633804,-0.347493082,163,265,1
0.203562424,0.108791038,1.948875546,-0.038792133,-0.949412882,0.311625361,163,265,-1
0.203562424,0.108791038,1.948875546,-0.084995240,-0.939840674,-0.330870628,163,255,-1
0.203562424,0.108791038,1.948875546,-0.081086248,-0.933375895,-0.349620551,163,1708,-1
0.203562424,0.108791038,1.948875546,-0.087043539,-0.933632314,-0.347496808,163,1710,-1
-0.643089473,0.138121516,2.163876057,-0.852419734,-0.421878397,0.308867723,165,165,2
0.173752934,0.318534940,1.915701509,-0.074046165,-0.984994233,-0.155895963,167,131,1
0.173752934,0.318534940,1.915701509,-0.023728082,-0.784745753,0.619363487,167,189,1
0.173752934,0.318534940,1.915701509,-0.076056823,-0.984864712,-0.155745968,167,265,-1
0.173752934,0.318534940,1.915701509,-0.074046172,-0.984994233,-0.155895963,167,131,-1
-0.631053388,0.000662033,2.138193607,0.871990561,-0.300846845,0.386165291,168,168,2
-0.041577764,-0.102242075,2.046563625,-0.103462286,-0.671267450,-0.733958900,171,0,1
-0.041577764,-0.102242075,2.046563625,-0.084770754,-0.951948345,-0.294292927,171,299,1
-0.041577764,-0.102242075,2.046563625,-0.098827824,-0.671577930,-0.734313428,171,265,-1
-0.041577764,-0.102242075,2.046563625,-0.081644021,-0.957570016,-0.276394635,171,176,-1
-0.041577764,-0.102242075,2.046563625,-0.082953185,-0.951622963,-0.295859069,171,340,-1
-0.041577764,-0.102242075,2.046563625,-0.083408631,-0.946148276,-0.312804163,171,59,-1
-0.586667299,0.030841535,2.103157043,0.404402018,-0.374816954,0.834248960,172,172,2
-0.002702572,-0.152803242,2.154389143,-0.087043464,-0.933633804,-0.347493082,177,265,1
-0.002702572,-0.152803242,2.154389143,-0.081086248,-0.933375895,-0.349620551,177,1708,1
-0.002702572,-0.152803242,2.154389143,-0.087043479,-0.933633804,-0.347493112,177,265,-1
-0.002702572,-0.152803242,2.154389143,-0.084995240,-0.939840674,-0.330870628,177,255,-1
-0.002702572,-0.152803242,2.154389143,-0.087043539,-0.933632314,-0.347496808,177,1710,-1
-0.491071790,0.014126529,2.079372644,0.064107276,-0.448169112,0.891647220,178,178,-1
-0.491071790,0.014126529,2.079372644,0.062728800,-0.462582678,0.884354234,178,83,-1
-0.491071790,0.014126529,2.079372644,0.065607525,-0.431563228,0.899693727,178,215,-1
-0.563236535,0.197196335,1.906579971,0.000000000,0.000000000,1.000000000,180,180,2
-0.648139536,-0.219924673,2.347342968,0.946191788,0.012281656,-0.323373467,181,181,2
-0.663342059,-0.130010575,2.261852264,0.996922731,0.054433085,-0.056410491,182,182,2
-0.601405025,-0.050018232,2.054229975,0.000000000,0.000000000,1.000000000,184,184,2
-0.659365296,-0.117554136,2.267412663,-0.993891180,0.065136820,0.089093588,186,186,2
-0.656175196,-0.106438488,2.255896568,-0.852268577,-0.423267663,-0.307380497,187,187,2
-0.680302560,-0.494672000,2.418947458,-0.995064497,0.044267505,0.088809781,194,194,2
-0.561999559,-0.086474314,2.115321636,-0.154008150,-0.904334903,-0.398070127,196,196,2
-0.683575928,-0.588110328,2.431882381,-0.998766422,0.029376572,0.040033918,199,199,2
-0.601540804,0.108894192,2.136398077,0.710368395,0.443997353,0.546116412,202,202,2
-0.591416001,0.122784287,2.101698875,-0.073812209,-0.958154559,-0.276571244,203,203,2
-0.652126968,-0.551172197,2.427560091,0.696469903,-0.121350043,-0.707250953,205,205,2
-0.593046129,0.099697903,2.133542061,-0.283110440,-0.728955090,-0.623276055,208,208,2
-0.678207934,-0.520632863,2.413709879,0.000000000,0.000000030,1.000000000,209,209,2
-0.633600950,-0.307630002,2.275712013,0.822641253,-0.168541268,-0.543005764,210,210,2
-0.604133785,-0.129293904,2.255733013,-0.410240799,-0.841980219,-0.350388318,213,213,2
0.048565455,-0.293790191,2.219191551,-0.085537747,-0.885330677,-0.457026154,215,83,1
0.048565455,-0.293790191,2.219191551,0.016780211,-0.410719663,0.911607265,215,301,1
0.048565455,-0.293790191,2.219191551,-0.092012420,-0.884926081,-0.456551731,215,265,-1
0.048565455,-0.293790191,2.219191551,-0.085537754,-0.885330617,-0.457026154,215,83,-1
0.048565455,-0.293790191,2.219191551,0.016780207,-0.410719633,0.911607206,215,301,-1
0.048565455,-0.293790191,2.219191551,0.015180096,-0.428762943,0.903289497,215,215,-1
0.048565455,-0.293790191,2.219191551,0.019177360,-0.411013991,0.911427379,215,365,-1
-0.633065701,-0.313268244,2.326247215,0.808289528,0.160897925,-0.566374362,217,217,2
-0.522038519,0.117156208,2.090471506,-0.060215082,-0.990335643,-0.124938428,218,218,2
-0.668943703,-0.399356484,2.444754601,-0.968727171,0.237394214,0.072192222,219,219,2
-0.611577094,-0.225405037,2.283319950,0.715942562,-0.395828038,0.575105667,220,220,2
-0.693261445,-0.790062010,2.585938692,0.998772264,-0.015580684,-0.047025323,226,226,2
-0.661204875,-0.517817855,2.530053377,-0.996386170,0.059322327,0.060791019,227,227,2
-0.666825473,-0.396581590,2.453303337,0.925960720,-0.376238674,-0.032268006,228,228,2
-0.622823238,-0.215848356,2.310109138,0.868528605,-0.219572768,0.444348902,229,229,2
-0.561514497,0.105370142,2.114529610,-0.059942868,0.809065580,0.584653616,232,232,2
-0.605932832,-0.345654398,2.283236265,-0.321208686,-0.839559734,-0.438137561,234,234,2
-0.557030082,-0.072421230,2.081522226,0.200950354,0.964632630,0.170595497,235,235,2
-0.654152811,-0.392008632,2.457755566,-0.493180454,-0.785642862,-0.373548448,236,236,2
0.205945805,-0.014927696,2.052506447,0.020722020,-0.350442171,0.936355174,240,1710,1
0.205945805,-0.014927696,2.052506447,0.022237275,-0.333778799,0.942389071,240,255,-1
0.205945805,-0.014927696,2.052506447,0.020722372,-0.350438416,0.936356544,240,265,-1
0.205945805,-0.014927696,2.052506447,0.020563554,-0.352267563,0.935673416,240,1708,-1
0.205945805,-0.014927696,2.052506447,0.028325826,-0.351382166,0.935803533,240,365,-1
-0.689491928,-0.856682301,2.587624311,0.999929667,-0.000000307,0.011861947,241,241,2
-0.604479611,-0.176825687,2.309242964,0.620237648,-0.734013140,0.276640534,242,242,2
-0.686694205,-0.848462641,2.603245735,-0.969324112,-0.196904555,-0.147103116,247,247,2
-0.684924841,-0.689385414,2.599077940,0.875781000,-0.414512783,-0.247359723,249,249,2
-0.607568681,-0.169097826,2.316550970,0.809928358,-0.394835949,0.433728844,254,254,2
-0.681579649,-0.687942863,2.609561205,-0.986754596,0.162085012,-0.006628107,258,258,2
-0.651635647,-0.578378737,2.488427877,-0.975586414,-0.083824322,0.202989325,260,260,2
-0.650299609,-0.405675888,2.491497040,-0.289327800,-0.876808703,-0.384052038,261,261,2
-0.642333925,-0.540502131,2.485068083,0.940619469,-0.155620605,0.301690936,264,264,2
0.153182730,-0.428389072,2.312481403,-0.083408631,-0.946148276,-0.312804163,265,59,1
0.153182730,-0.428389072,2.312481403,-0.087043464,-0.933633804,-0.347493082,265,265,1
0.153182730,-0.428389072,2.312481403,-0.085250184,-0.946029425,-0.312667042,265,265,-1
0.153182730,-0.428389072,2.312481403,-0.084995240,-0.939840674,-0.330870628,265,255,-1
0.153182730,-0.428389072,2.312481403,-0.082953185,-0.951622963,-0.295859069,265,340,-1
0.153182730,-0.428389072,2.312481403,-0.084770754,-0.951948345,-0.294292927,265,299,-1
0.153182730,-0.428389072,2.312481403,-0.081086248,-0.933375895,-0.349620551,265,1708,-1
0.153182730,-0.428389072,2.312481403,-0.087043539,-0.933632314,-0.347496808,265,1710,-1
-0.579723418,-0.361377418,2.281032085,-0.799629271,-0.234290317,-0.552902400,266,266,2
-0.559116483,-0.110845365,2.178268194,-0.237248302,-0.855711102,-0.459860682,267,267,2
-0.675309300,-0.792541385,2.690436125,-0.976014018,-0.054325819,0.210820928,268,268,2
-0.677560031,-0.688015401,2.628845692,-0.984733820,0.160345986,0.067738213,269,269,2
0.123025291,-0.564184248,2.380568743,0.030585123,-0.411746204,0.910785198,270,301,1
0.123025291,-0.564184248,2.380568743,-0.091832899,-0.908515036,-0.407636106,270,301,1
0.123025291,-0.564184248,2.380568743,0.041070931,-0.412454754,0.910051823,270,265,-1
0.123025291,-0.564184248,2.380568743,-0.091832899,-0.908515036,-0.407636136,270,301,-1
0.123025291,-0.564184248,2.380568743,0.029000940,-0.429639578,0.902534664,270,215,-1
0.123025291,-0.564184248,2.380568743,0.040710706,-0.412628621,0.909989178,270,0,-1
0.123025291,-0.564184248,2.380568743,0.019274928,-0.410389930,0.911706448,270,365,-1
0.123025291,-0.564184248,2.380568743,-0.091840900,-0.908434033,-0.407814771,270,0,-1
-0.626756072,-0.509514451,2.467855930,0.922695756,-0.240082711,0.301650256,271,271,2
-0.347025931,0.089593895,2.107251644,-0.066905208,-0.926574230,0.370113522,272,272,2
-0.695744812,-1.086714268,2.784757137,-0.991578937,0.017151704,0.128362864,273,273,2
-0.695669293,-1.039792776,2.736891031,0.996297479,-0.085729428,-0.006465689,274,274,2
-0.648970544,-0.498936236,2.519530058,0.000000000,0.000000000,1.000000000,276,276,2
-0.670502067,-0.682892978,2.652979612,-0.460744530,-0.746222973,-0.480484933,278,278,2
-0.632431567,-0.420338243,2.509084702,0.703976631,0.488714427,0.515339851,280,280,2
-0.568982899,-0.350882411,2.261749983,-0.596830010,-0.542744040,-0.590950906,281,281,2
0.114886805,-0.284079313,2.216813087,-0.074046165,-0.984994233,-0.155895963,282,131,1
0.114886805,-0.284079313,2.216813087,0.009428803,-0.499926835,0.866016328,282,367,1
0.114886805,-0.284079313,2.216813087,-0.076056823,-0.984864712,-0.155745968,282,265,-1
0.114886805,-0.284079313,2.216813087,-0.074046172,-0.984994233,-0.155895963,282,131,-1
0.114886805,-0.284079313,2.216813087,0.004939324,-0.499383062,0.866367280,282,365,-1
-0.692432582,-1.032686710,2.761670113,0.000000000,0.000000000,1.000000000,287,287,2
-0.367808521,-0.658990979,2.510818958,-0.083092295,-0.924733222,-0.371435344,288,288,-1
-0.367808521,-0.658990979,2.510818958,-0.088202313,-0.924411237,-0.371058196,288,265,-1
-0.627094626,-0.456322342,2.505822182,0.816332936,-0.305256844,0.490325272,291,291,2
-0.678051710,-1.064733744,2.835418463,0.907709122,0.150926739,-0.391516566,294,294,2
-0.646244526,-0.802954733,2.652302980,0.910159647,-0.253408074,0.327709943,295,295,2
-0.659442067,-0.807982683,2.682454824,0.877100229,0.132014334,-0.461808920,296,296,2
-0.686277032,-0.962343931,2.761670351,-0.000000000,0.000000000,1.000000000,300,300,2
0.163145706,-0.394212812,2.220202684,-0.083408631,-0.946148276,-0.312804163,304,59,1
0.163145706,-0.394212812,2.220202684,-0.080431797,-0.900989652,-0.426319599,304,215,1
0.163145706,-0.394212812,2.220202684,-0.085250184,-0.946029425,-0.312667042,304,265,-1
0.163145706,-0.394212812,2.220202684,-0.084995240,-0.939840674,-0.330870628,304,255,-1
0.163145706,-0.394212812,2.220202684,-0.082953185,-0.951622963,-0.295859069,304,340,-1
0.163145706,-0.394212812,2.220202684,-0.084770754,-0.951948345,-0.294292927,304,299,-1
0.163145706,-0.394212812,2.220202684,-0.080113240,-0.909356534,-0.408230960,304,301,-1
0.163145706,-0.394212812,2.220202684,-0.080212288,-0.895866156,-0.437023818,304,304,-1
0.163145706,-0.394212812,2.220202684,-0.079655193,-0.909185708,-0.408700794,304,0,-1
-0.688290954,-0.982865810,2.829779863,0.946724772,0.291717947,-0.136429220,305,305,2
-0.684240222,-0.959840119,2.806757689,-0.952454805,0.303270161,0.029275298,306,306,2
-0.639942527,-0.859706521,2.605220079,-0.894917786,-0.000000004,-0.446231186,308,308,2
-0.636277378,-0.803712130,2.625870705,-0.955961168,-0.003955617,0.293466628,309,309,2
-0.109303951,-0.804602981,2.564260483,-0.102267154,-0.553153157,-0.826778769,314,0,1
0.121222496,-0.818986773,2.548894882,0.064624168,-0.413940430,0.908007205,314,301,1
0.121222496,-0.818986773,2.548894882,-0.018969981,-0.436985135,0.899268687,314,304,1
-0.109303951,-0.804602981,2.564260483,-0.098039076,-0.553434670,-0.827102423,314,265,-1
0.121222496,-0.818986773,2.548894882,0.064624168,-0.413940400,0.908007264,314,301,-1
0.121222496,-0.818986773,2.548894882,0.063080177,-0.431449056,0.899929285,314,215,-1
-0.298372716,-0.441916227,2.435915470,-0.076535605,-0.900183558,-0.428733021,316,316,-1
-0.298372716,-0.441916227,2.435915470,-0.090798877,-0.899343550,-0.427711099,316,265,-1
-0.298372716,-0.441916227,2.435915470,-0.080431797,-0.900989652,-0.426319599,316,215,-1
-0.298372716,-0.441916227,2.435915470,-0.076362975,-0.896170080,-0.437090307,316,304,-1
-0.652650416,-0.749272406,2.705440044,-0.967313886,0.075147368,-0.242191747,319,319,2
-0.274056107,-0.661130369,2.495112896,-0.089266270,-0.929209650,-0.358609796,320,320,-1
-0.274056107,-0.661130369,2.495112896,-0.087601900,-0.929319799,-0.358734757,320,265,-1
-0.274056107,-0.661130369,2.495112896,-0.087043464,-0.933633804,-0.347493082,320,265,-1
-0.274056107,-0.661130369,2.495112896,-0.081086248,-0.933375895,-0.349620551,320,1708,-1
-0.274056107,-0.661130369,2.495112896,-0.089023985,-0.933482766,-0.347397059,320,1710,-1
-0.486445993,-0.415789515,2.431870937,-0.068327650,-0.978385210,-0.195176512,321,321,2
-0.507046998,-0.613302231,2.435265303,-0.069532663,-0.930207431,-0.360387892,327,327,2
-0.653243482,-1.051270366,2.839594841,0.933915257,-0.234378710,0.269942760,328,328,2
-0.625102222,-0.743277013,2.652440548,-0.350230575,-0.418878198,0.837782562,329,329,2
-0.580814540,-0.630944431,2.490546942,0.108073562,-0.944985390,-0.308743924,331,331,2
-0.636789441,-1.052168846,2.798721313,0.887621939,-0.299540371,0.349861324,335,335,2
-0.370572865,-0.690722167,2.591667414,-0.088795237,-0.859040558,-0.504147530,337,337,2
0.043356035,-1.081599593,2.718850136,0.040710706,-0.412628621,0.909989178,342,0,1
0.043356035,-1.081599593,2.718850136,0.041051522,-0.412650973,0.909963787,342,265,-1
0.043356035,-1.081599593,2.718850136,0.030585123,-0.411746204,0.910785198,342,301,-1
0.043356035,-1.081599593,2.718850136,0.040728737,-0.412450284,0.910069287,342,301,-1
0.043356035,-1.081599593,2.718850136,0.039153993,-0.430231065,0.901869297,342,215,-1
-0.441461742,-0.877457798,2.575708389,-0.069638520,-0.879889131,-0.470048636,344,344,2
-0.231666386,-0.661720097,2.487520933,-0.087196037,-0.940856099,-0.327393800,353,353,-1
-0.231666386,-0.661720097,2.487520933,-0.086024597,-0.940933347,-0.327481657,353,265,-1
-0.231666386,-0.661720097,2.487520933,-0.084995240,-0.939840674,-0.330870628,353,255,-1
-0.231666386,-0.661720097,2.487520933,-0.083408631,-0.946148276,-0.312804163,353,59,-1
-0.626400411,-0.989278615,2.829649925,0.000000000,0.000000000,1.000000000,354,354,2
-0.209258422,-0.436949462,2.419124842,-0.068635866,-0.982472062,-0.173314184,357,357,2
-0.282152385,-1.002370238,2.766526699,0.026160125,-0.062954649,0.997673452,360,360,-1
-0.434184790,-0.165788233,2.269784451,0.055914741,0.872116804,0.486092538,368,368,2
0.323578745,-0.169942364,2.120904446,-0.087043464,-0.933633804,-0.347493082,369,265,1
0.323578745,-0.169942364,2.120904446,-0.087043464,-0.933633804,-0.347493082,369,265,1
0.323578745,-0.169942364,2.120904446,-0.087043479,-0.933633804,-0.347493112,369,265,-1
0.323578745,-0.169942364,2.120904446,-0.084995240,-0.939840674,-0.330870628,369,255,-1
0.323578745,-0.169942364,2.120904446,-0.081086248,-0.933375895,-0.349620551,369,1708,-1
0.323578745,-0.169942364,2.120904446,-0.087043539,-0.933632314,-0.347496808,369,1710,-1
-0.356526017,-0.103686109,2.094802380,0.000000000,-0.865353405,0.501162171,370,370,2
-0.657758415,-1.597169995,3.732955217,0.936421871,-0.284121662,-0.205885768,372,372,2
-0.440879613,-1.143833041,2.725040913,0.019195501,0.922529280,0.385449439,373,373,2
-0.647825539,-1.693477988,3.928576708,-0.993862927,-0.076304436,0.080088466,374,374,2
-0.293191016,-0.084878936,2.051189899,-0.078218453,-0.955171347,0.285533965,375,375,2
-0.645501554,-1.757387042,4.087485313,0.964776695,0.248954371,0.085015886,376,376,2
-0.647034645,-1.785686731,4.212299824,0.000000000,0.000000000,1.000000000,377,377,2
-0.635684609,-1.803946137,4.212299824,0.000000000,0.000000000,1.000000000,378,378,2
-0.272791088,0.083565362,2.110839128,0.069151841,0.959679842,-0.272456825,380,380,2
-0.525913417,-1.832358956,4.255131245,-0.063592702,-0.725349247,-0.685437500,381,381,2
-0.287410706,0.099383213,2.091609955,0.000000000,0.000000000,1.000000000,383,383,2
-0.579290986,-1.847727060,4.246991634,-0.957862556,0.066129945,0.279510677,386,386,2
-0.348888040,-0.963318527,2.739730358,0.000000000,0.000000000,1.000000000,387,387,2
-0.272804976,-0.725668073,2.596207142,-0.113656975,-0.100496516,-0.988424361,389,389,2
-0.304733247,-0.544967592,2.405675173,-0.052762467,-0.721759617,0.690129936,390,390,2
-0.352604002,-0.950634003,2.718130112,0.000000000,0.000000000,1.000000000,391,391,2
-0.527659953,-1.841983080,4.264389515,0.000000000,-0.000000000,-1.000000000,397,397,2
-0.316374153,-0.952364743,2.718130350,0.000000000,-0.000000000,-1.000000000,400,400,2
-0.139708787,-0.634466469,2.399024010,-0.113937259,-0.699769735,-0.705223858,402,402,2
-0.219836771,-0.634825647,2.421028137,-0.042144876,-0.970275104,0.238306478,404,404,2
-0.292803705,-0.973141432,2.763651133,-0.272565812,0.825617075,0.494028717,405,405,2
-0.191468909,-0.189738482,2.267633677,-0.039675541,-0.938911140,0.341865093,406,406,2
-0.221131295,-0.691807508,2.572517395,0.000000000,-0.971677959,0.236309111,407,407,2
-0.167233646,-0.180145979,2.255810022,0.000000000,0.000000000,1.000000000,408,408,2
-0.157658607,0.325868636,1.938740015,0.000000000,0.000000000,1.000000000,409,409,2
-0.364939123,-1.844304562,4.263816833,-0.057254665,-0.139416456,-0.988577247,410,410,2
-0.147904962,-0.275837779,2.234770775,-0.181874141,-0.478267550,0.859175205,413,413,2
-0.217562050,-1.839636683,4.250117302,0.007692995,-0.945298135,-0.326116979,415,415,2
-0.137667686,-0.865198672,2.550467968,-0.253819466,-0.555109382,0.792104363,418,418,2
-0.008019327,-0.652502239,2.401804209,-0.089470848,-0.995890856,0.014015011,419,419,2
-0.116405420,-0.614063382,2.373855829,-0.181324601,-0.975043237,-0.128109902,421,421,2
0.429964304,0.509902835,1.719479799,-0.023728082,-0.784745753,0.619363487,422,189,1
0.429964304,0.509902835,1.719479799,-0.049482103,-0.964340389,0.259998351,422,425,1
0.429964304,0.509902835,1.719479799,-0.005196399,-0.786094129,0.618084908,422,265,-1
-0.029017815,-0.020484949,2.054820776,-0.173784569,0.551906407,-0.815596879,424,424,2
0.031145222,0.073105358,2.065328836,-0.071455985,-0.981374383,0.178321123,426,426,2
-0.027132224,-0.887308002,2.525209665,-0.244135782,-0.781730533,-0.573842406,427,427,2
-0.019221777,0.601250350,1.757950306,-0.126067072,-0.990110457,0.061549872,428,428,2
-0.066276953,-1.157542586,2.678263426,-0.265733927,-0.884046555,-0.384509027,429,429,2
0.214872211,0.410918385,1.680063605,-0.034619328,-0.905843019,0.422196686,430,430,2
0.133167371,-0.709262431,2.529641867,-0.143958375,-0.974700749,-0.170981124,433,433,2
0.165781647,-0.645913720,2.355054379,-0.034162495,-0.962469578,-0.269231051,434,434,2
0.157506734,-0.463108152,2.396930218,0.000000000,0.000000000,1.000000000,437,437,2
0.169016719,0.304826438,1.923526406,-0.066454291,-0.903379977,0.423660785,438,438,2
0.306178063,-0.534856200,2.383612871,0.016424745,-0.577563584,0.816180527,441,441,-1
0.306178063,-0.534856200,2.383612871,0.023187499,-0.578019142,0.815693736,441,265,-1
0.473171234,0.025040917,2.073164463,-0.062449619,-0.997706652,-0.026107449,442,442,-1
0.473171234,0.025040917,2.073164463,-0.067157716,-0.997409940,-0.025755759,442,265,-1
0.335107177,-1.084226727,2.702059984,0.039467648,0.397602081,-0.916708767,443,443,-1
0.335107177,-1.084226727,2.702059984,0.040280264,0.405641645,-0.913144231,443,301,-1
0.182095289,-0.662140429,2.380380154,0.000000000,-0.000000000,1.000000000,444,444,2
0.437207609,-0.124698147,2.009172440,-0.070860133,-0.933137715,0.352466911,445,445,-1
0.437207609,-0.124698147,2.009172440,-0.086925797,-0.931297183,0.353736460,445,365,-1
0.301541537,-0.229077846,2.241149902,0.000000000,0.000000000,1.000000000,447,447,2
0.508381009,-0.316318303,2.197442055,-0.002089191,-0.662553906,0.749011397,449,449,1
0.508381009,-0.316318303,2.197442055,0.012529968,-0.663581550,0.747999012,449,265,-1
0.410261691,0.047501020,2.058955193,-0.050377131,-0.975989163,0.211913437,450,450,2
0.232782498,-0.919256747,2.508774996,0.081239961,0.963292837,0.255865246,451,451,2
0.205256850,0.157176524,1.846948862,-0.034084938,-0.947321296,0.318466157,452,452,2
0.306815147,-0.216583773,2.236657381,-0.103732735,-0.955441773,0.276352286,453,453,2
0.243660703,-0.301611632,2.206580162,0.086897008,0.481410742,-0.872177005,454,454,2
0.317107528,-1.010735273,2.715956211,-0.062079720,0.853361368,0.517610431,456,456,2
0.282566696,-0.965628564,2.624038219,0.115225419,0.902408123,0.415190041,457,457,2
0.258215725,-0.385372490,2.191690683,0.051677722,-0.992417216,-0.111523330,458,458,2
0.642192066,-0.495219558,2.359768391,-0.088077553,-0.988089740,-0.126178488,460,460,2
0.486261696,-0.754148543,2.543291807,-0.123755932,-0.916356385,-0.380756408,461,461,2
0.584063172,-0.715300679,2.421971321,-0.099536270,-0.932324171,-0.347655267,463,463,2
0.436632156,-1.149647117,2.653017998,-0.005254204,0.947579622,0.319476634,464,464,2
0.417778701,-0.671424747,2.357102156,-0.028915294,0.950038314,0.310791224,465,465,2
0.624717653,-0.723909914,2.437064409,-0.095809214,-0.941635311,-0.322712749,466,466,2
0.399547130,-0.463841975,2.347970009,0.000000000,0.000000000,1.000000000,467,467,2
0.433456182,-0.683918595,2.375720024,0.000000000,-0.999943793,-0.010608387,468,468,2
0.531336665,-0.746208072,2.519530058,0.000000000,0.000000000,1.000000000,469,469,2
0.475747019,-0.745807886,2.525709867,-0.158124715,-0.982851207,-0.094868653,470,470,2
0.681793571,-0.512488961,2.368772984,0.055201318,0.219365090,0.974079967,471,471,2
0.593202591,-0.726684511,2.450888634,0.076956384,0.936226964,0.342865646,472,472,2
0.473991692,-0.681537032,2.364069939,0.000000000,0.000000000,1.000000000,474,474,2
0.594226301,-0.757362425,2.530123472,-0.086729951,-0.984518409,-0.152320266,475,475,2
0.515464783,-0.683794975,2.364070177,0.000000000,1.000000000,-0.000000000,476,476,2
0.601920545,-0.753307283,2.519530058,0.000000000,0.000000000,1.000000000,477,477,2
0.638793170,-0.065360971,2.027904510,-0.005150817,-0.512519121,0.858660400,479,479,-1
0.638793170,-0.065360971,2.027904510,0.002585497,-0.513480723,0.858097255,479,365,-1
0.753198862,-1.115020752,2.673875570,0.014275609,0.446336955,-0.894751132,480,480,2
0.568137705,-0.129271269,1.997701049,-0.124040239,-0.933624625,0.336093932,482,482,2
0.707240105,-0.947412491,2.496087074,0.046531316,0.693548381,0.718905866,484,484,2
0.750400722,-0.000148003,2.059081554,-0.032801334,-0.799424827,0.599870026,485,485,2
0.713176847,-0.690911472,2.339818716,0.094247624,0.823526502,0.559393883,486,486,2
0.725406528,-1.012815475,2.637992620,-0.150848776,-0.967778385,-0.201617643,487,487,2
0.721076965,-0.702655852,2.353334665,-0.105691873,-0.994030952,-0.027050242,488,488,2
0.672022104,0.268464625,1.895454407,0.038120013,0.857933223,-0.512345016,489,489,2
0.721908510,-0.972254336,2.526945829,-0.231272370,-0.885129333,-0.403805882,490,490,2
0.773237944,-1.001335025,2.578450441,0.118408613,0.914408684,0.387086809,493,493,2
0.788954854,-0.535028875,2.372953176,-0.058289394,0.812319815,-0.580292165,494,494,2
0.839023471,-1.065684199,2.695191622,0.826851368,0.529293299,0.190172121,495,495,2
0.816685796,-0.361978680,2.176058292,-0.059909511,-0.407906145,0.911056280,496,496,2
0.776691318,-0.417480916,2.157954454,-0.061642051,-0.422190011,0.904409170,497,497,2
0.870716691,-1.111710072,2.739729881,0.000000000,0.000000000,1.000000000,504,504,2
0.825800240,-0.810122311,2.549567461,0.891339958,-0.399156392,-0.214912370,506,506,2
0.962995350,-1.197291374,2.900829315,0.010959304,0.542894185,-0.839729667,507,507,2
0.848566055,-0.887690723,2.513720274,-0.642404795,-0.341963738,0.685840368,513,513,2
0.954846084,-1.238492727,2.857101202,-0.070351586,-0.808298409,-0.584554970,516,516,2
0.787631750,-0.513312042,2.364070415,0.000000000,0.000000002,-1.000000000,517,517,2
0.884518445,-0.875497878,2.558658838,0.866119921,0.299289942,-0.400327086,518,518,2
0.784150124,-0.711894572,2.364070177,0.000000000,0.000000000,1.000000000,519,519,2
0.821407139,-0.760565460,2.487772465,-0.028553246,0.957049906,0.288513929,520,520,2
0.579060972,0.392753005,1.666939855,0.000000000,0.000000000,1.000000000,523,523,2
0.764880002,0.553402364,1.714944243,-0.078600742,-0.984969556,-0.153808266,524,524,2
0.764468908,-0.256623447,2.218514442,0.000000000,-0.902217805,0.431280643,525,525,2
0.868429065,-0.979156315,2.469456673,-0.450633496,0.814229667,-0.366004765,527,527,2
0.826693892,-0.724294186,2.376749039,0.053038407,-0.918964386,-0.390757442,530,530,2
0.907055974,-0.888541102,2.600301027,0.898137748,0.245090008,-0.365074635,532,532,2
0.851305544,-1.017543316,2.439351559,-0.965096056,0.223918468,-0.135831803,534,534,2
0.867731452,-1.028018951,2.417846918,-0.358577698,0.861333966,-0.359897047,535,535,2
0.854375899,-1.019079328,2.432281256,0.541233182,-0.360693663,-0.759583294,536,536,2
1.700928807,-1.410961866,4.312045097,0.539532602,-0.219750553,0.812781870,540,540,2
1.548467517,-1.443582773,4.319957733,-0.203868896,-0.196618199,0.959050953,541,541,2
0.842769444,-0.629802704,2.329772711,-0.731424809,0.434017152,-0.525972307,543,543,2
0.897934914,-0.944388390,2.502567291,-0.551427186,0.809000552,-0.203583464,546,546,2
1.548554659,-1.462075114,4.256602764,0.915445030,0.080966823,0.394214213,547,547,2
0.874586284,-0.999886990,2.403722048,-0.997885585,0.027859489,0.058721419,550,550,2
1.585610032,-1.498617291,4.372539997,0.000000000,0.000000000,1.000000000,551,551,2
1.575666785,-1.507665873,4.372539997,0.000000000,0.000000000,1.000000000,554,554,2
1.875751972,-1.260174870,4.311457634,0.466465950,-0.498367220,0.730780244,555,555,1
1.598908424,-1.572762370,4.346313477,0.681047976,0.671462297,0.292082340,557,557,2
1.594669104,-1.366484880,4.414609432,0.859821856,-0.476437896,-0.183612093,559,559,2
1.592569113,-1.340038180,4.388583183,0.354592502,-0.894622445,-0.271872997,560,560,2
1.590978384,-1.491658211,4.372539997,0.000000000,0.000000000,1.000000000,562,562,2
0.847033679,-0.686696351,2.306768894,0.013860357,-0.634521961,-0.772780597,563,563,2
0.836344600,-0.451453358,2.210952282,-0.060251016,-0.934922397,-0.349699795,564,564,2
1.779338002,-1.104428887,4.409270287,-0.015530556,0.157445148,-0.987405658,565,131,1
1.779338002,-1.104428887,4.409270287,-0.015530542,0.157445163,-0.987405598,565,131,-1
0.870707452,-0.912183285,2.355737448,-0.787994981,-0.374078214,-0.489008635,566,566,2
1.573165655,-1.522064447,4.264389992,0.000000000,0.000000000,1.000000000,567,567,2
1.158069968,-1.126894832,2.744452238,0.000342617,0.985240519,-0.171175808,570,570,-1
1.556250095,-1.473584414,4.212299824,0.000000000,0.000000000,1.000000000,573,573,2
1.614933610,-1.603579164,4.317790985,0.000000000,-0.000003494,-1.000000000,576,576,2
0.818528056,-0.432951033,2.170610189,0.000000000,0.992277920,0.124034740,577,577,2
1.607306838,-1.582116008,4.264389515,0.000000000,-0.000000010,1.000000000,578,578,2
1.614643216,-1.551014662,4.216650009,0.556750178,0.803428113,-0.211027279,579,579,2
1.724398017,-1.070097923,4.606170177,0.000000000,0.000000000,1.000000000,585,585,2
0.872185528,-0.822752416,2.296963215,-0.691140056,0.248926386,0.678499222,586,586,2
1.649769068,-1.396236539,4.366983414,-0.965927243,-0.140107259,-0.217611209,588,588,2
1.643895030,-1.107421637,4.372539997,0.000000000,0.000000000,1.000000000,590,590,2
1.721198916,-1.169848323,4.427146435,-0.610986352,-0.265910953,0.745645404,591,591,2
1.679956079,-1.286056042,4.428699970,0.000000000,0.000000000,1.000000000,595,595,2
1.649464965,-1.218795061,4.372539997,0.000000000,0.000000000,1.000000000,597,597,2
1.668493390,-1.193844199,4.419314384,-0.989040792,0.016663108,0.146699160,599,599,2
1.680187106,-1.170977592,4.404940605,0.938355803,0.225795552,-0.261734068,600,600,2
0.873201311,-0.746915996,2.250510931,-0.770401537,0.494788617,0.402076721,604,604,2
0.842327952,-0.440330565,2.184360266,0.000000000,-0.000000002,1.000000000,605,605,2
1.742892027,-0.953885078,4.437346935,0.344292521,0.894388318,-0.285538733,609,609,2
0.855691731,-0.258320332,2.203794718,0.592365801,0.784655213,-0.182808474,610,610,2
1.729510188,-0.938805878,4.435909271,0.192412645,0.978446543,0.074965328,615,615,2
1.726043344,-1.511612296,4.372539997,0.000000000,0.000000000,1.000000000,617,617,2
1.715292335,-1.189104915,4.389822960,0.729244292,-0.010941114,-0.684165955,619,619,2
1.695413589,-1.001621127,4.372539997,0.000000000,0.000000000,1.000000000,620,620,2
0.852927208,-0.241065875,2.169994354,0.406092644,0.890731990,0.204169840,622,622,2
1.673014283,-1.587199807,4.214776516,0.363004446,0.809347987,0.461718202,623,623,2
1.723571301,-1.527504683,4.175455093,0.139711708,0.987010896,-0.079310611,624,624,2
1.776374817,-1.426414132,4.241335392,0.497916698,-0.810208380,0.309259504,625,625,2
1.905094504,-1.146541357,4.389382839,-0.058342617,0.181544915,-0.981650472,626,626,2
1.701265693,-1.547133684,4.161520481,-0.244476497,-0.968557417,-0.046128411,627,627,2
1.755649567,-1.075590491,4.381449699,-0.850425124,-0.379592687,0.364261597,633,633,2
0.871607721,-0.257352948,2.207102537,-0.696368158,0.142029986,0.703490496,635,635,2
1.709742069,-1.480245709,4.214432716,0.570022464,0.766898334,-0.294858187,639,639,2
1.770954967,-0.940551162,4.486310005,0.000000000,0.000000000,1.000000000,640,640,2
1.722029924,-1.502950072,4.317790508,0.000000000,-0.000000003,-1.000000000,644,644,2
1.714055061,-1.466106653,4.317790508,0.000000000,0.000000000,-1.000000000,645,645,2
1.844560623,-0.945587397,4.567897797,0.425415993,-0.880263507,-0.210136667,650,650,2
1.717012286,-1.573809981,4.178914070,-0.117760234,-0.990172029,-0.075444460,652,652,2
1.714269757,-1.505107999,4.174267292,-0.021450313,-0.996554136,-0.080123737,653,653,2
1.737665653,-1.547074556,4.183013916,0.045836378,0.874530971,0.482798725,657,657,2
1.737430096,-1.448234916,4.317790508,0.000000000,0.000000003,1.000000000,660,660,2
1.737821341,-1.588244319,4.186870575,-0.294409454,-0.813044131,-0.502277255,662,662,2
1.893804908,-0.596750915,4.668529987,0.000000000,0.000000000,1.000000000,669,669,2
1.938101411,-0.629742920,4.799256325,-0.946789086,0.043324962,0.318925500,670,670,2
1.770497799,-1.459209204,4.339689732,-0.973087192,-0.201961935,-0.110962972,674,674,2
1.974335551,-1.319065928,4.221693039,0.560243547,-0.388233602,0.731711626,676,676,2
1.836153746,-1.117669940,4.486309528,0.000000000,-0.000000002,-1.000000000,679,679,2
1.933092713,-0.634960234,4.605699539,0.065196536,0.018614361,0.997698843,682,682,2
1.958983779,-0.529523373,4.686882019,-0.781627417,0.427064300,-0.454614878,684,684,2
1.790543795,-1.426961899,4.235427856,-0.719072342,0.533055782,-0.445854783,687,687,2
1.826956034,-1.191372037,4.486310005,0.000000000,0.000000000,1.000000000,688,688,2
1.766579986,-1.448509932,4.317790508,0.000000000,-0.000000004,-1.000000000,695,695,2
1.856857777,-1.206930161,4.381917477,-0.418511271,0.238444358,-0.876351833,696,696,2
1.860200644,-1.152180791,4.515831947,0.999803424,-0.018678725,-0.006660238,697,697,2
1.870146036,-1.108089924,4.545450211,0.000000000,0.000000000,1.000000000,698,698,2
1.864158630,-0.895462394,4.413388252,-0.141295880,0.400189668,-0.905474365,699,699,2
1.743691325,-1.566581607,4.180571079,-0.010937897,-0.937471926,-0.347889096,705,705,2
1.980612159,-0.870305240,4.475434780,-0.626318932,0.703910649,-0.335014135,706,706,2
1.859806657,-0.908630133,4.476673126,-0.223617464,0.777960718,0.587173223,707,707,2
1.839293718,-0.847956419,4.439942360,-0.900221348,-0.043562155,0.433248013,709,709,2
1.909210443,-0.773122489,4.606170177,0.000000000,0.000000000,1.000000000,714,714,2
1.940681577,-0.576891840,4.652939796,0.050835226,-0.900827765,0.431190461,715,715,2
1.752659798,-1.604631782,4.212299824,0.000000000,0.000000000,1.000000000,716,716,2
1.890996933,-1.093634963,4.503239632,0.219121292,-0.948128939,-0.230298817,719,719,2
1.894898653,-0.789415359,4.545450211,0.000000000,0.000000000,1.000000000,723,723,2
0.853201926,0.020630149,2.029454231,-0.142904133,-0.946321845,-0.289919823,724,724,2
0.855565012,-0.794287264,2.027132034,0.491287947,-0.539307356,-0.683947265,725,725,2
1.849758148,-0.853763878,4.445160866,0.835004628,-0.546426475,-0.064694494,728,728,2
1.866242528,-0.852965415,4.439208031,-0.813615561,0.359511137,0.456926256,733,733,2
1.917045951,-0.660035431,4.545450211,0.000000000,0.000000000,1.000000000,738,738,2
0.873516679,-0.000919856,2.053653717,0.415181130,0.524710834,-0.743171036,739,739,2
1.768490076,-1.619117975,4.212299824,0.000000000,0.000000000,1.000000000,740,740,2
1.938226461,-1.324419260,4.261087418,0.787045240,-0.158648014,0.596146524,741,741,2
1.900674105,-1.045681953,4.486310005,0.000000000,0.000000000,1.000000000,743,743,2
0.885451496,-0.461422682,2.086361647,-0.505630910,0.604724884,0.615341544,744,744,2
1.882430792,-0.829647720,4.470661163,-0.910360157,0.295567662,0.289627731,745,745,2
1.886293411,-0.778774917,4.446642399,-0.996866882,0.076921873,-0.018423161,747,747,2
1.916735649,-0.843753457,4.473453522,-0.659803808,-0.110834621,-0.743219137,755,755,2
1.869602203,-1.313931584,4.388053417,-0.843060076,-0.225569710,0.488229513,759,759,2
1.898608327,-0.761339962,4.457461357,-0.923450351,-0.382886440,-0.025248559,764,764,2
0.876223624,0.016672395,2.035117388,0.029873269,-0.952031076,-0.304539829,765,765,2
0.871414244,-0.126569763,2.006944656,-0.774809003,-0.081627399,0.626903534,771,771,2
0.862476707,-0.635686219,1.925567031,0.652732491,-0.410478562,-0.636747718,772,772,2
0.894029617,-0.446710199,2.076507330,-0.377441049,0.560278654,0.737310112,775,775,2
0.893457174,-0.147092745,2.027992725,-0.480489135,0.348769009,-0.804667950,778,778,2
1.997450948,-0.911368489,4.619353771,0.629502356,-0.154423147,-0.761498690,784,784,2
1.964067459,-0.844753742,4.515909672,0.210638627,0.842114627,0.496461898,785,785,2
0.872946441,-0.192592487,2.030040026,0.000000000,0.000000000,1.000000000,786,786,2
0.870117486,0.026280256,2.012291193,0.077082276,0.988829613,0.127570868,787,787,2
0.870929897,0.030706460,1.999032378,-0.106653348,-0.965866685,-0.236064792,788,788,2
1.861244440,-1.377178550,4.264389515,0.000000000,-0.000000000,1.000000000,792,792,2
1.897706509,-1.313957572,4.372541428,0.000000000,0.000000001,-1.000000000,793,793,2
1.948922157,-0.794856846,4.486310482,0.000000000,-0.000000007,1.000000000,796,796,2
1.819886208,-1.548344254,4.007829189,-0.226748109,-0.854416847,-0.467501044,800,800,2
2.002248526,-0.727680802,4.606170177,0.000000000,0.000000000,1.000000000,808,808,2
0.890376985,-0.184171245,2.006272793,0.093532138,-0.596472144,-0.797165513,810,810,2
0.872993171,-0.318112105,1.808347464,-0.989781439,0.121025145,0.075403020,814,365,1
0.872993171,-0.318112105,1.808347464,-0.989664257,0.113393158,0.087787740,814,81,-1
0.872993171,-0.318112105,1.808347464,-0.989724278,0.119089961,0.079142176,814,83,-1
0.872993171,-0.318112105,1.808347464,-0.989825010,0.122020207,0.073195465,814,301,-1
0.872993171,-0.318112105,1.808347464,-0.989969850,0.123720713,0.068212457,814,1710,-1
0.872993171,-0.318112105,1.808347464,-0.989748836,0.118758731,0.079331987,814,367,-1
2.042159081,-0.724322081,4.646994114,0.957167864,0.124132082,0.261574209,815,815,2
1.911230087,-1.349656820,4.372539997,0.000000000,0.000000000,1.000000000,821,821,2
1.906445384,-1.271107078,4.317790985,0.000000000,0.000000000,-1.000000000,823,823,2
1.944441557,-0.825338066,4.428699970,0.000000000,0.000000000,1.000000000,825,825,2
1.958628058,-0.796376884,4.437612534,-0.803519368,-0.511240363,0.304942518,826,826,2
0.886374116,-0.202673838,1.951899171,-0.969902396,0.239257544,0.045223612,829,829,2
1.927242398,-1.381676197,4.372539997,0.000000000,0.000000000,1.000000000,833,833,2
1.909299970,-1.308993697,4.317790985,0.000000000,0.000000000,1.000000000,835,835,2
0.892892420,-0.341983527,2.011358261,-0.743207395,0.493744642,0.451507539,838,838,2
2.047451735,-0.734985173,4.668529987,0.000000000,0.000000000,1.000000000,839,839,2
1.918136954,-1.364376426,4.317790985,0.000000000,-0.000000015,-1.000000000,842,842,2
1.910124063,-1.336330056,4.317790508,0.000000000,0.000000003,1.000000000,843,843,2
2.048480034,-0.880892396,4.431045532,0.779576361,0.611164391,0.136889994,847,847,2
2.013491631,-0.874427021,4.459792614,-0.238155052,-0.966298699,-0.097719409,848,848,2
0.917633295,-0.141152158,2.045009136,-0.607430160,-0.510098517,0.608956635,852,852,2
2.264822245,-0.054918658,4.894283772,-0.039435834,-0.793701649,0.607027650,854,854,2
2.233098507,0.049487788,4.928206921,0.708053052,-0.700757086,-0.087180525,855,855,2
1.925986290,-1.558344483,4.114429951,-0.017535202,0.995434582,0.093821727,856,856,2
1.842479110,-1.560808539,4.058111191,0.085335225,0.946297944,0.311830252,857,857,2
0.933550715,-0.119842872,2.088809490,0.602282047,0.608494461,-0.516711652,864,864,2
2.178948164,-0.088867553,4.829182148,0.047647115,0.729398727,-0.682427585,865,865,2
2.310299873,-0.058119006,4.899899960,-0.072337754,-0.668590009,0.740104496,866,866,2
2.008287430,-1.002375603,4.409069061,0.995665073,0.083806187,0.040344395,867,867,2
2.151646376,-0.100031853,4.798461437,0.000000000,-0.000000001,1.000000000,871,871,2
2.407737017,0.088729270,4.938390732,-0.158584863,0.023602346,-0.987063229,873,873,2
1.861539245,-1.525675893,4.133608818,-0.687738359,0.041043192,0.724797606,874,874,2
1.989481926,-0.822031438,4.372539997,0.000000000,0.000000000,1.000000000,878,878,2
0.899995089,-0.190452427,1.975667357,0.391870707,-0.903550386,-0.173303515,880,880,2
0.900662243,-0.184382796,1.993947864,-0.196011156,0.955639720,-0.219846144,881,881,2
0.853014886,0.091908276,1.847072005,-0.108922482,-0.857994735,-0.501977086,883,883,2
0.848476648,0.118718155,1.819973588,-0.047703270,-0.513403237,0.856820583,884,884,2
0.916626632,-0.173366845,2.018160343,0.000000000,0.000000001,1.000000000,887,887,2
0.861918032,0.079882823,1.871453047,-0.114574090,-0.983822644,-0.137716591,890,890,2
0.848795950,0.287080020,1.863170266,-0.147978663,-0.937575579,-0.314729214,891,891,2
1.917893171,-1.535481572,4.150107384,0.457860470,-0.884867370,0.085869603,892,892,2
1.927219152,-1.511983991,4.155037880,-0.138849810,-0.984035015,-0.111337006,893,893,2
2.031807184,-0.974928558,4.392327309,-0.998355746,0.054546479,-0.017620716,895,895,2
2.015711308,-0.836752892,4.443176270,0.027108788,0.942980170,0.331743181,897,897,2
0.901020527,-0.186582834,1.983340144,0.000000000,0.000000000,-1.000000000,898,898,2
2.155010223,-0.161274716,4.699228287,0.900154352,-0.347891778,0.262094468,899,899,2
2.095832825,-0.216879398,4.624024391,0.320476353,0.917205691,-0.236703828,902,902,2
2.119165897,-0.200576916,4.661577702,-0.567696869,-0.747768521,-0.344329119,903,903,2
2.109863997,-0.242969990,4.606170177,0.000000000,0.000000000,1.000000000,910,910,2
0.868961513,0.274789155,1.884532452,-0.019283544,0.593199670,0.804824471,912,912,2
1.933228493,-1.486098170,4.212301254,0.000000000,0.000000008,-1.000000000,913,913,2
1.990037322,-1.483312964,4.217806816,-0.430852979,-0.783698201,-0.447418004,914,914,2
0.871200919,-0.520340979,1.859821081,0.277871311,-0.470553368,-0.837476611,915,915,2
2.020917416,-1.244722843,4.248440742,0.372838885,-0.710711658,0.596556962,917,917,2
1.989482164,-1.201253891,4.372539997,0.000000000,0.000000000,1.000000000,918,918,2
2.209341764,-0.276526511,4.666829109,-0.423054576,0.195349842,0.884795666,921,921,2
2.267196655,0.037707023,4.935829639,0.000000000,-0.000000022,-1.000000000,924,924,2
2.269358158,0.084701113,4.881986618,-0.344241351,-0.831230879,-0.436524004,925,925,2
2.270333290,0.080419019,4.907964230,-0.225270346,-0.830083549,-0.510112524,926,926,2
0.870273650,0.255123764,1.886438012,0.216420531,-0.420957476,0.880884290,927,927,2
1.942455888,-1.545896649,4.139927864,0.197712064,-0.929803729,-0.310443282,928,928,2
2.046809912,-0.993854284,4.393767357,-0.990247250,-0.107442684,0.088693246,931,931,2
0.878760397,-0.293966770,1.841886997,0.537108183,-0.712922812,0.450839162,932,932,2
2.170470476,-0.189492330,4.634984970,-0.777326047,0.626340806,0.058834445,935,935,2
2.262334824,0.010170350,4.901041031,0.381746650,0.923630297,-0.034302771,937,937,2
2.047409773,-1.090131283,4.372181892,0.887577832,0.408404559,-0.213099346,942,942,2
0.867571235,-0.354100525,1.748514295,-0.636257172,0.683865845,-0.357077450,944,944,2
2.229559422,-0.184326589,4.692472458,-0.521629810,0.469464421,0.712394238,949,949,2
2.179868937,-0.162810683,4.695580959,0.894357860,-0.443304598,0.060041785,950,950,2
1.980945706,-1.521420717,4.156493664,0.033863660,0.991014123,-0.129400045,953,953,2
1.955989003,-1.468927622,4.168025017,0.569476128,0.289300978,-0.769416630,954,954,2
2.002226591,-1.503717661,4.154222488,-0.350985169,-0.934806287,-0.054283500,955,955,2
2.019287348,-1.104537249,4.343171120,-0.789460421,-0.587682545,0.177148625,956,956,2
2.170222282,-0.270351321,4.648287773,-0.893636167,-0.271945894,-0.357015282,959,959,2
2.164450645,-0.279669613,4.637320518,0.927877009,0.333593488,0.166612387,960,960,2
2.203980207,-0.165262610,4.674956322,-0.646886230,0.597361147,0.474023193,961,961,2
0.849836230,0.102621354,1.824445248,0.105297945,0.984334767,-0.141412184,963,963,2
0.872707427,0.293265074,1.842485189,-0.102399014,-0.931185961,-0.349867493,964,964,2
2.314923525,-0.009197619,4.931460857,0.035664018,0.995995402,0.081983283,966,966,2
2.292621613,0.047967982,4.935830116,0.000000000,0.000000000,1.000000000,967,967,2
2.306480885,0.104113087,4.935829639,0.000000000,0.000000000,1.000000000,968,968,2
0.881885648,0.280854702,1.861995697,-0.159892246,-0.870216906,-0.466001123,969,969,2
1.915242791,-1.563404918,4.057218552,0.224065199,-0.820313871,-0.526193917,970,970,2
2.227471590,-0.208823740,4.668433666,-0.126876876,0.963472068,0.235847324,975,975,2
2.291577816,-0.111884996,4.745368481,-0.077284873,0.974911034,-0.208747342,976,976,2
2.283184528,0.039707549,4.866179943,0.000000000,0.000000000,1.000000000,978,978,2
0.883668423,0.240616009,1.875997901,-0.972987771,-0.120249666,-0.197065800,980,980,2
2.054587603,-1.243309021,4.272706985,0.774918318,0.396843970,0.491951704,981,981,2
2.172197104,-0.305217117,4.641633034,0.736353099,-0.185101464,-0.650785327,985,985,2
0.874536514,0.085532390,1.854053974,-0.129312471,0.687396824,0.714677453,993,993,2
0.885281146,0.267040372,1.880937099,0.377561450,0.835368752,0.399507791,994,994,2
0.810187042,0.372901976,1.646061301,-0.053540383,-0.915733516,0.398202956,995,995,2
2.013051510,-1.456382751,4.171561718,0.183601439,0.689036667,0.701084197,996,996,2
2.031530142,-1.055862069,4.264389992,0.000000000,0.000000000,1.000000000,998,998,2
1.312977552,-1.121960521,2.760003328,-0.824551582,0.267720014,0.498438329,1007,1007,2
0.866411209,-0.464394480,1.817338109,-0.204507396,-0.797817469,-0.567154467,1009,1009,2
2.066739798,-1.076516151,4.350625515,0.918108702,0.334703654,0.212249562,1010,1010,2
2.229265928,-0.323773414,4.732600689,0.000000000,-0.000000002,1.000000000,1014,1014,2
2.239225149,-0.236003667,4.668530941,0.000000000,0.000000001,1.000000000,1015,1015,2
2.346541643,0.127751395,4.935830116,0.000000000,0.000000000,1.000000000,1018,1018,2
2.303342104,0.046361458,4.866179943,0.000000000,0.000000000,1.000000000,1027,1027,2
2.393415451,0.175678223,5.007510662,0.000000000,-0.000000001,-1.000000000,1028,1028,2
0.867555201,-0.441008627,1.803817868,-0.874498188,-0.057476413,-0.481611371,1029,1029,2
2.350428581,-0.384816378,4.601384640,-0.220824748,0.458146781,-0.861009896,1032,1032,-1
2.350428581,-0.384816378,4.601384640,-0.220249712,0.464161336,-0.857930243,1032,83,-1
2.297799110,-0.251412451,4.668530941,0.000000000,0.000000000,-1.000000000,1033,1033,2
0.902649999,-0.022526462,1.801965952,-0.982062042,0.172838151,0.075373515,1038,1038,2
2.324419260,0.061234854,4.866179943,0.000000000,0.000000000,1.000000000,1043,1043,2
0.848264694,-0.730910599,1.737169504,-0.981263518,-0.011580209,-0.192322269,1049,1049,2
2.280464172,-0.191743061,4.736499786,-0.925704479,0.307312936,0.220522299,1050,1050,2
2.377409458,-0.091734707,4.820402622,-0.182023540,0.891513467,-0.414814651,1052,1052,2
2.034225941,-1.489647627,4.203803539,-0.650739253,-0.676060557,-0.345659763,1059,1059,2
0.873093307,0.102074996,1.816200137,0.000000000,-0.000000000,-1.000000000,1063,1063,2
2.270037651,-0.642374337,4.513574123,-0.721482217,-0.505179405,0.473558068,1066,1066,2
2.252439976,-0.519585431,4.606170654,0.000000000,0.000000000,1.000000000,1067,1067,2
2.279998302,-0.495493561,4.652423382,-0.422196418,0.877796352,-0.226326659,1068,1068,2
2.338829041,-0.256052256,4.673334599,-0.473065495,-0.755761266,-0.452806771,1069,1069,2
2.365278959,-0.078310303,4.815486431,-0.875148594,0.323935837,0.359417081,1070,1070,2
2.427433491,-0.015639553,5.007510662,0.000000000,0.000000002,-1.000000000,1074,1074,2
2.420806646,0.167671740,4.925781727,0.519062340,0.397027075,0.756930530,1078,1078,2
2.106050730,-1.227593660,4.277608395,0.939101219,0.339987397,-0.049975339,1083,1083,2
2.272704601,-0.587674379,4.579895496,-0.783135831,-0.481213152,0.393868327,1085,1085,2
2.285903215,-0.241503179,4.668529987,0.000000000,0.000000000,1.000000000,1088,1088,2
0.903704822,-0.064575255,1.833804011,0.230783626,0.596837103,0.768455863,1089,1089,2
2.455454588,-0.008900590,5.044469833,0.967960417,0.056636121,-0.244632691,1090,1090,2
2.402687550,0.649597466,4.928833008,0.541839957,0.523763776,-0.657328725,1094,1094,2
2.442882299,0.744769096,4.935829639,0.000000000,-0.000000000,-1.000000000,1095,1095,2
2.102002859,-1.262346268,4.249262810,0.040226456,0.998346329,0.041067071,1097,1097,2
2.123107433,-1.243400097,4.317790985,0.000000000,0.000000001,-1.000000000,1098,1098,2
2.311361074,-0.474594176,4.708656311,0.848008215,-0.341727197,0.405098349,1100,1100,2
2.423858643,0.029579422,4.931503296,0.161620930,0.616660476,0.770460010,1103,1103,2
2.472611189,0.161064014,5.007510662,0.000000000,-0.000000000,1.000000000,1105,1105,2
2.460261822,0.645755410,4.995660305,0.828340828,-0.208292603,-0.520063102,1106,1106,2
2.455071688,0.697550714,5.007510662,0.000000000,0.000000000,1.000000000,1107,1107,2
2.507757187,0.720704675,5.014685631,-0.886056781,0.422590584,-0.190579802,1108,1108,2
2.533264637,0.713581324,5.012795448,-0.734475553,0.143750131,-0.663235664,1109,1109,2
2.269656181,-0.509841740,4.594500065,0.122468926,0.943599999,-0.307604432,1119,1119,2
2.316917658,-0.423443764,4.605990887,0.017401004,-0.005922471,-0.999831080,1120,1120,2
2.288876772,-0.465948313,4.668529987,0.000000000,0.000000000,1.000000000,1121,1121,2
2.332242012,-0.470643699,4.601838112,-0.066808030,-0.085363403,-0.994107544,1123,1123,2
2.098195076,-0.330760241,4.284415245,-0.840953946,-0.000000019,0.541106761,1124,1124,2
2.331058502,-0.105762318,4.732600689,0.000000000,-0.000000000,-1.000000000,1128,1128,2
2.496137619,0.095501244,4.941045284,-0.060330767,0.097789258,-0.993376851,1129,1129,2
2.450018406,0.149544507,4.938453674,-0.858486772,-0.503158987,-0.099154308,1130,1130,2
2.430938482,0.178402007,4.935830116,0.000000000,0.000000000,1.000000000,1133,1133,2
2.464417219,0.537293971,4.934924126,0.122287452,0.020343719,0.992286205,1136,1136,2
2.462513447,0.725185752,5.007510662,0.000000000,0.000000056,-1.000000000,1137,1137,2
0.817838490,0.620190382,1.572178125,-0.263207942,0.735649407,0.624132693,1139,1139,2
2.021710157,-1.528663993,4.111839771,0.000000000,0.000000000,1.000000000,1140,1140,2
2.047323704,-1.477988839,4.131441593,0.852560043,-0.162553847,-0.496706873,1141,1141,2
2.392401695,-0.164653361,4.683354378,-0.614174664,-0.220450282,-0.757754087,1151,1151,2
0.896588027,-0.029026333,1.806702852,-0.050094821,-0.913544893,0.403641343,1152,1152,2
2.421154022,0.063250102,4.894046783,-0.721723914,0.517881870,0.459252656,1154,1154,2
2.510807514,0.136198699,4.986704826,0.162686512,-0.958046377,0.235966638,1155,1155,2
2.463576555,0.254632443,4.981386185,0.903200924,-0.212500244,-0.372923225,1158,1158,2
2.482736349,0.266937941,5.018656731,-0.664341509,0.642464101,0.381955892,1159,1159,2
2.465533257,0.462575644,4.966821671,0.660426199,0.200611651,-0.723596752,1160,1160,2
2.476758718,0.479887247,4.935830116,0.000000000,0.000000000,1.000000000,1161,1161,2
0.850981891,-0.638719618,1.674059153,-0.189107329,0.525252700,0.829667449,1165,1165,2
0.853529990,-0.699776888,1.713352084,0.320473284,-0.605131328,0.728775024,1166,1166,2
2.452943563,0.419703096,4.951817036,0.920469880,-0.348053247,-0.177747324,1181,1181,2
2.460239887,0.639890432,4.956251621,0.654899001,0.325279385,-0.682129562,1183,1183,2
2.617596865,0.936006546,4.932970524,0.688457012,-0.660250306,-0.300160885,1184,1184,2
2.048419952,-1.384132028,4.111839771,0.000000000,0.000000000,1.000000000,1189,1189,2
2.044751883,-1.376538277,4.111839771,0.000000000,0.000000000,1.000000000,1190,1190,2
2.356384754,-0.403676718,4.554855347,-0.104193605,-0.393374354,-0.913455188,1195,1195,2
2.438632965,0.329630971,4.866316319,0.069644026,-0.994812667,-0.074146226,1205,1205,2
2.426786184,0.374435544,4.866180420,0.000000000,0.000000000,1.000000000,1207,1207,2
2.430297375,0.369690210,4.866180420,0.000000000,0.000000001,1.000000000,1208,1208,2
2.494617701,0.744742870,5.007510662,0.000000000,0.000000001,-1.000000000,1212,1212,2
0.847892761,-0.613307595,1.656207442,-0.607807100,0.756454527,0.241551444,1213,1213,2
2.011262178,-1.362204790,3.994535446,0.706385553,-0.636668801,-0.309309363,1217,1217,2
2.097970963,-1.270624042,4.195301533,-0.984118342,0.145529971,0.101647094,1218,1218,2
0.857570231,-0.417739928,1.647116184,-0.436762065,0.824296594,-0.360241681,1220,1220,2
2.314048052,-0.592727661,4.598051548,-0.826772869,-0.418815672,0.375553131,1221,1221,2
2.449441671,0.028426105,4.897840023,0.829935431,-0.500060320,-0.247279033,1232,1232,2
2.485956430,0.302226961,4.873958111,0.086417772,0.716810524,0.691892207,1236,1236,2
2.500044346,0.411533713,4.924643040,-0.341737777,0.554449618,-0.758815467,1237,1237,2
0.882634163,0.531806588,1.711062431,0.227734923,-0.162555248,-0.960058689,1241,1241,2
1.377900004,-1.165504694,2.722660065,0.576388478,0.410446584,-0.706618607,1242,1242,2
2.091652632,-1.329916239,4.169750690,-0.974661231,-0.021167213,0.222682446,1244,1244,2
2.407056332,-0.229101658,4.681356907,-0.432484180,-0.636260569,-0.638850570,1248,1248,2
2.431384325,-0.018444337,4.866179943,0.000000000,0.000000000,1.000000000,1250,1250,2
2.451920748,0.003191322,4.892288685,-0.939352036,0.138993666,0.313526094,1251,1251,2
2.436918259,0.089122593,4.866180420,0.000000000,-0.000000001,-1.000000000,1252,1252,2
2.533210039,0.286827147,4.909680367,0.629761398,0.775464535,-0.045336600,1257,1257,2
2.485695124,0.544120371,4.935829163,0.000000000,0.000000001,1.000000000,1259,1259,2
2.496839523,0.639361084,4.998526096,-0.872729063,-0.074074499,0.482552648,1260,1260,2
2.498454571,0.652137816,4.962901115,-0.910757124,-0.049281195,0.409991264,1261,1261,2
2.041611433,-1.369243264,4.047565460,-0.864722133,0.358668298,0.351586014,1262,1262,2
2.359828234,-0.650077760,4.646426201,0.261937559,-0.964944243,-0.016474338,1264,1264,2
2.380170345,-0.274039716,4.658885956,0.331886411,0.522721708,-0.785247445,1269,1269,2
2.486215830,0.381072402,4.866179943,0.000000000,0.000000000,1.000000000,1274,1274,2
2.501882553,0.495997339,4.866180420,0.000000000,0.000000001,-1.000000000,1276,1276,2
2.517580032,0.788107812,5.007510662,0.000000000,0.000000006,-1.000000000,1277,1277,2
2.106998444,-1.358003736,4.161460400,0.000000000,-0.000000004,-1.000000000,1278,1278,2
2.084034920,-1.277040005,4.111839771,0.000000000,0.000000000,1.000000000,1279,1279,2
0.905437589,0.053037181,1.755458236,-0.233636260,-0.554219127,-0.798908830,1286,1286,2
2.499305964,0.428803295,4.930847645,0.516217053,-0.383898646,0.765599012,1288,1288,2
2.491661787,0.589276910,4.935829639,0.000000000,0.000000000,1.000000000,1289,1289,2
2.561408997,0.815962374,5.072027683,0.630594969,0.521289647,-0.574984550,1290,1290,2
2.133739948,-1.325872779,4.200281143,0.852697074,0.461483032,0.244828627,1291,1291,2
2.375103235,-0.437706828,4.668529987,0.000000000,0.000000000,1.000000000,1294,1294,2
2.368175507,-0.304753721,4.589327335,-0.529524088,0.674909174,-0.513908565,1295,1295,2
2.427150011,0.014550015,4.798460007,0.000000000,0.000000000,1.000000000,1300,1300,2
2.338981867,-0.597578168,4.606170654,0.000000000,0.000000002,1.000000000,1310,1310,2
2.392040253,-0.300330579,4.613852024,0.064010449,0.884643614,-0.461853355,1311,1311,2
2.470700026,0.024051288,4.866179943,0.000000000,0.000000000,1.000000000,1313,1313,2
2.537396908,0.510490358,4.998520374,-0.926368177,-0.242312476,0.288317114,1322,1322,2
2.562736750,0.613467276,4.945528984,-0.255627304,0.920813739,-0.294545174,1323,1323,2
2.522524357,0.659905851,4.964521408,-0.872720599,0.211048573,0.440246910,1324,1324,2
2.581864119,0.762835979,5.081299782,0.000000000,0.000000000,1.000000000,1325,1325,2
0.853645146,0.357398301,1.663376331,-0.186481267,-0.967417300,-0.171255991,1327,1327,2
1.388035059,-1.172179937,2.718130112,0.000000000,0.000000000,1.000000000,1328,1328,2
2.381059408,-0.491473019,4.546608448,0.010842805,0.134635404,-0.990835905,1332,1332,2
2.570455790,0.905365825,4.951414108,0.725138485,-0.658294380,-0.202046365,1345,1345,2
1.437525034,-1.158625960,2.792132616,-0.145670786,0.983141065,0.110515952,1346,1346,2
2.146362543,-1.342436314,4.190459728,0.850628436,-0.207751974,-0.482980877,1348,1348,2
2.303827047,-0.686888218,4.486366272,0.591345012,0.396793991,-0.702043891,1353,1353,2
2.384015322,-0.640003800,4.633923054,0.899815798,-0.353475124,-0.255708635,1354,1354,2
2.362939119,-0.625442445,4.606170177,0.000000000,0.000000000,1.000000000,1355,1355,2
2.400657892,-0.481645674,4.601695061,-0.982954979,0.087348692,-0.161770806,1356,1356,2
2.561590195,0.267723411,5.007510662,0.000000000,0.000000002,-1.000000000,1363,1363,2
2.422207594,0.351061076,4.726157665,0.861257076,-0.125286698,-0.492482930,1364,1364,2
2.434415817,0.403498679,4.724548340,-0.290124655,0.956700802,-0.023481110,1367,1367,2
2.518253088,0.309809566,4.798460960,0.000000000,-0.000000000,1.000000000,1368,1368,2
2.588552475,0.444189698,4.957433224,0.564060450,0.823944390,0.054328080,1369,1369,2
2.586335897,0.674475074,4.954803944,-0.395063400,0.750985742,-0.529098630,1374,1374,2
2.593784809,0.856723487,4.971798420,0.363017917,-0.758316159,-0.541456103,1376,1376,2
2.595673323,0.875134706,4.965481281,0.501031697,-0.804595292,-0.318737745,1377,1377,2
0.842030585,-0.503692925,1.594013691,0.989990175,0.122398511,-0.070271932,1381,1381,2
2.271420002,-0.707096994,4.428699970,0.000000000,0.000000000,1.000000000,1382,1382,2
2.499675274,-0.128556341,4.866180420,0.000000000,0.000000002,-1.000000000,1384,1384,2
2.552771091,0.095304064,4.906707764,-0.862508476,0.192449003,-0.468019783,1385,1385,2
2.532468081,0.226175591,4.935830116,0.000000000,0.000000000,1.000000000,1388,1388,2
2.505384922,0.298713267,4.798460960,0.000000000,0.000000000,1.000000000,1391,1391,2
2.610863447,0.797901511,4.936469078,-0.954895556,-0.232285470,0.184981108,1400,1400,2
0.887286782,0.501754999,1.702481866,-0.022074513,-0.543674588,0.839005828,1402,1402,2
1.460753918,-1.155633807,2.829649925,0.000000000,0.000000000,1.000000000,1404,1404,2
2.395010233,-0.609897077,4.606170177,0.000000000,0.000000000,1.000000000,1408,1408,2
2.449101686,-0.158836856,4.648015499,0.904339254,-0.423414230,0.053767174,1409,1409,2
2.559444666,0.400970489,4.915646553,0.313019902,0.576669276,-0.754633188,1418,1418,2
2.515327930,0.535326004,4.866179943,0.000000000,0.000000000,1.000000000,1419,1419,2
2.613764524,0.791956723,5.081299782,0.000000000,0.000000000,1.000000000,1423,1423,2
0.875650764,-0.242553413,1.676224113,0.440016717,0.847110152,0.297975898,1426,1426,2
2.519102812,-0.100022309,4.744757652,-0.214322910,0.968857944,-0.124015883,1431,1431,2
2.592205763,0.225633383,5.007510662,0.000000000,-0.000000000,1.000000000,1433,1433,2
2.545776367,0.276203007,4.866179943,0.000000000,0.000000000,1.000000000,1435,1435,2
2.520414114,0.416696370,4.804769993,-0.456934988,0.601869881,0.654952705,1436,1436,2
2.594296694,0.689989865,4.948460579,-0.410521001,0.738832891,-0.534414232,1440,1440,2
2.623297215,0.721815944,4.940233707,-0.009617774,-0.749238372,0.662230611,1441,1441,2
2.352406263,-0.680586934,4.486309528,0.000000000,-0.000000000,-1.000000000,1445,1445,2
2.532991886,-0.053414635,4.866180420,0.000000000,0.000000001,-1.000000000,1451,1451,2
2.571271658,0.250017494,4.935830116,0.000000000,0.000000000,1.000000000,1454,1454,2
0.899367034,0.132506222,1.698606968,-0.666395366,0.244314149,0.704434395,1456,1456,2
2.509214878,0.426185608,4.789027691,-0.607890189,0.401763946,0.684876144,1458,1458,2
2.631797314,0.797503293,5.081299782,0.000000000,0.000000000,1.000000000,1460,1460,2
0.871954858,0.354026198,1.662324309,0.202209979,0.929822266,0.307476431,1462,1462,2
2.615483999,0.453859657,4.950203419,0.387329757,0.766200066,-0.512750626,1467,1467,2
0.849220991,-0.550876677,1.613901734,0.014777547,-0.992993176,-0.117244154,1470,1470,2
2.474525452,-0.493246198,4.592830181,-0.750911474,0.551113963,0.363875568,1475,1475,2
2.366488695,-0.501835644,4.486310005,0.000000000,0.000000000,1.000000000,1476,1476,2
2.439140797,-0.234584615,4.650711536,0.899712682,0.425206900,-0.098570429,1478,1478,2
2.466105223,-0.129037589,4.658310413,-0.356151879,-0.904626369,-0.234109119,1480,1480,2
2.613608599,0.034304377,4.866560936,0.004925011,-0.031895824,-0.999479055,1481,1481,2
2.577746868,0.419087410,4.823110580,0.694792926,0.357894540,0.623838425,1483,1483,2
2.628515244,0.890785873,4.993137360,0.825899363,0.482370526,0.291905582,1486,1486,2
0.899409175,0.546474516,1.708252549,-0.400331259,0.849708617,0.343118459,1488,1488,2
0.778316081,-0.588790476,1.459503412,0.917208552,-0.008999296,-0.398305953,1489,1489,2
2.289030790,-0.939079225,4.248937130,-0.735725999,-0.559036732,0.382341713,1490,1490,2
2.315726995,-0.879458845,4.364601612,-0.757950068,-0.535727262,-0.372166842,1491,1491,2
2.337445498,-0.843832254,4.355994701,-0.937609017,0.077804819,-0.338874280,1494,1494,2
2.355379105,-0.798737586,4.384964466,-0.156659022,-0.338726163,0.927751362,1495,1495,2
2.384284019,-0.562783241,4.545450211,0.000000000,0.000000000,1.000000000,1498,1498,2
2.385275841,-0.560550570,4.545450211,0.000000000,0.000000000,1.000000000,1500,1500,2
2.354976177,-0.497182995,4.486310005,0.000000000,0.000000000,1.000000000,1502,1502,2
2.384310961,-0.352060765,4.486309528,0.000000000,0.000000000,1.000000000,1503,1503,2
2.508311510,-0.283817530,4.608936787,0.345419675,-0.047650773,0.937237799,1504,1504,2
2.569362879,-0.041020095,4.866179943,0.000000000,0.000000000,1.000000000,1505,1505,2
2.571733236,-0.022428302,4.866180420,0.000000000,-0.000000001,1.000000000,1507,1507,2
2.631809473,0.215768099,4.876157761,0.693539321,-0.292558223,0.658341050,1508,1508,2
0.901951373,0.121291801,1.704374194,0.647982121,0.369829297,0.665841997,1510,1510,2
2.573798895,0.371098667,4.866179943,0.000000000,0.000000000,1.000000000,1511,1511,2
2.559725046,0.398211598,4.866179943,0.000000000,0.000000000,1.000000000,1512,1512,2
0.872536659,0.373752713,1.641236782,0.261774957,-0.144036874,-0.954320371,1514,1514,2
0.901329041,0.522323012,1.713335633,0.398937434,-0.885056674,-0.239840791,1515,1515,2
2.347580194,-0.674666345,4.428699970,0.000000000,0.000000000,1.000000000,1517,1517,2
0.871536314,-0.196961075,1.642476439,-0.420933455,0.486249804,0.765752137,1519,1519,2
2.470557213,-0.314978451,4.656050205,-0.640622318,0.352096438,-0.682371795,1520,1520,2
2.436146975,-0.215439141,4.609441757,0.903858662,0.085322328,-0.419237167,1521,1521,2
2.585989475,-0.074123010,4.836925507,-0.746027172,-0.662286162,-0.069429860,1522,1522,2
2.580410004,0.074249163,4.866179943,0.000000000,0.000000000,1.000000000,1523,1523,2
2.354515314,-0.823791146,4.393050194,-0.983466685,-0.147215426,0.105455920,1526,1526,2
2.415053606,-0.604989707,4.473400116,0.723533273,0.666560292,-0.179435134,1528,1528,2
2.559465885,0.296073943,4.785268307,0.269739717,0.910994828,-0.311976045,1533,1533,2
2.452335358,-0.183386743,4.606170177,0.000000000,0.000000000,1.000000000,1540,1540,2
2.564390182,0.002563002,4.798460960,0.000000000,0.000000000,1.000000000,1542,1542,2
2.643981457,0.798978627,4.931866169,0.949126661,-0.151576519,-0.276013017,1547,1547,2
0.876677871,0.363400578,1.643110156,0.000000000,-0.000000000,-1.000000000,1548,1548,2
2.361826420,-0.840439618,4.342910290,-0.990421414,0.079708464,-0.112748042,1549,1549,2
2.412266731,-0.435924679,4.509983063,-0.809636176,0.313423395,0.496241003,1551,1551,2
2.398892641,-0.367626995,4.475134373,-0.170980513,0.983156860,0.064561993,1552,1552,2
2.470743895,-0.324252844,4.584625244,0.310936779,0.745075643,-0.590068400,1554,1554,2
2.593847036,-0.048846956,4.837147236,0.268421292,0.891970277,0.363784373,1556,1556,2
2.596912622,0.128629997,4.866179943,0.000000000,0.000000000,1.000000000,1559,1559,2
2.339527845,-0.742679119,4.372539997,0.000000000,0.000000000,1.000000000,1563,1563,2
2.463652611,-0.223611906,4.606170654,0.000000000,0.000000000,-1.000000000,1570,1570,2
2.608923435,0.075178549,4.866180420,0.000000000,0.000000000,-1.000000000,1572,1572,2
2.604051352,0.680076897,4.866179943,0.000000000,0.000000000,1.000000000,1579,1579,2
2.466517210,-0.450159073,4.563616276,-0.644533038,0.376156807,0.665645003,1584,1584,2
2.502213240,-0.258967310,4.661580086,-0.807950377,0.042696040,0.587701678,1589,1589,2
2.476230145,-0.165788293,4.606170177,0.000000000,0.000000000,1.000000000,1590,1590,2
2.616680145,0.146815166,4.877788544,-0.928016603,-0.000000028,0.372538954,1593,1593,2
2.607370138,0.419126987,4.866180420,0.000000000,0.000000003,1.000000000,1596,1596,2
2.617599249,0.454451650,4.866179943,0.000000000,0.000000000,1.000000000,1597,1597,2
2.603833199,0.558464944,4.853509903,-0.857213020,0.002922625,0.514953673,1599,1599,2
2.639989614,0.609177589,4.921886921,-0.951594591,0.300828367,0.063008793,1600,1600,2
2.356795073,-0.913913906,4.372539997,0.000000000,0.000000000,1.000000000,1604,1604,2
2.350390196,-0.696738005,4.372539997,0.000000000,0.000000000,1.000000000,1605,1605,2
2.447792768,-0.400480330,4.502995491,0.503578365,-0.610644221,-0.611164868,1608,1608,2
2.423550129,-0.378056973,4.486309528,0.000000000,-0.000000002,-1.000000000,1609,1609,2
2.447741270,-0.163646325,4.537526608,-0.903096914,0.240286142,0.355919421,1611,1611,2
2.703523159,1.025807261,4.983414173,-0.972375512,0.113638759,-0.203892380,1619,1619,2
2.382786512,-0.691633582,4.372540474,0.000000000,0.000000002,1.000000000,1624,1624,2
2.399407387,-0.671845973,4.428699970,0.000000000,0.000000000,1.000000000,1625,1625,2
2.594182253,-0.050000925,4.782916069,-0.963266492,-0.145832568,0.225501001,1631,1631,2
2.626991272,0.161248401,4.815734863,-0.959937751,0.013815104,0.279872656,1633,1633,2
2.643550158,0.156214803,4.866179943,0.000000000,0.000000000,1.000000000,1634,1634,2
2.590342283,0.476544440,4.798460007,0.000000000,0.000000000,1.000000000,1636,1636,2
2.640349865,0.549062490,4.854041576,-0.833102643,0.301359296,0.463813066,1637,1637,2
2.610707045,0.546826005,4.843605518,-0.897653878,0.187437296,0.398854494,1638,1638,2
2.681074142,0.659509063,4.926576138,0.970407963,-0.019302979,-0.240698665,1640,1640,2
2.662611961,0.776827395,4.935830116,0.000000000,0.000000000,1.000000000,1644,1644,2
2.324418545,-0.947847843,4.273169518,0.850137472,0.178769886,-0.495285362,1649,1649,2
2.383449554,-0.759384692,4.372539997,0.000000000,0.000000000,1.000000000,1651,1651,2
2.392820120,-0.713524878,4.388562679,0.420343965,0.441437513,-0.792744517,1653,1653,2
2.634330034,0.572510004,4.866179943,0.000000000,0.000000000,1.000000000,1662,1662,2
2.668191195,0.642760336,4.907964230,-0.930913746,-0.364572853,0.022053976,1664,1664,2
2.647660017,0.772371888,4.866180420,0.000000000,0.000000000,1.000000000,1665,1665,2
2.636810064,0.806456506,4.866180420,0.000000000,0.000000008,-1.000000000,1666,1666,2
2.698446035,0.807000160,4.935830116,0.000000000,0.000000000,1.000000000,1667,1667,2
2.729341030,1.022998810,5.013203144,0.604026616,0.435735315,-0.667297959,1670,1670,2
2.429812193,-0.654873013,4.463251114,0.849922061,0.426703215,-0.309122711,1674,1674,2
2.478565454,-0.372470468,4.538135052,-0.937392414,-0.121875793,0.326254129,1677,1677,2
2.597465277,-0.044535730,4.754553318,0.867670953,0.353783756,-0.349262357,1681,1681,2
2.620276690,0.268040001,4.808177948,0.886021733,-0.196715474,-0.419843376,1685,1685,2
2.662650108,0.665638328,4.875454903,0.863548756,-0.069668062,-0.499429673,1686,1686,2
2.353960037,-0.933814049,4.317790508,0.000000000,-0.000000001,1.000000000,1693,1693,2
2.598199129,-0.021787494,4.745807171,0.535621047,0.560265005,-0.631833255,1697,1697,2
2.621512175,0.089715771,4.798460007,0.000000000,0.000000000,1.000000000,1698,1698,2
2.626751661,0.279070586,4.798460007,0.000000000,0.000000000,1.000000000,1699,1699,2
2.364160538,-0.921216547,4.317790985,0.000000000,0.000000037,-1.000000000,1705,1705,2
