-0.703955889,-0.085776642,1.720533848,-0.995365202,0.062244441,0.073306471,0,51,1
-0.648392618,-0.124531135,1.213133812,0.546565115,-0.451621532,-0.705198348,1,1,1
-0.693859100,-0.296891779,1.328876615,0.368446857,0.507902265,0.778641284,2,2,1
-0.736822963,-0.149031565,1.293341279,0.955761075,-0.161336899,-0.245949641,3,3,2
-0.738352537,-0.190907374,1.321397066,0.960778773,-0.137260258,-0.240964249,7,7,2
-0.671494305,-0.439919740,1.403388262,0.264860004,-0.522448063,-0.810492039,9,9,1
-0.743492544,-0.502679229,1.513518095,0.913116872,-0.252049595,-0.320450783,11,11,2
-0.744546473,-0.494517565,1.505735278,0.933218777,-0.228864431,-0.276990861,12,12,2
-0.762164772,-0.668267369,1.567408323,-0.992492437,0.101807714,0.067778990,13,13,2
-0.765721023,-0.681872904,1.559736609,-0.987227082,0.159290850,-0.003020450,15,15,2
-0.722028852,-0.648014605,1.593821526,-0.186968118,0.919581354,0.345562041,16,16,2
-0.741298497,-0.676071882,1.607536793,0.560654879,0.494375497,0.664273322,17,17,2
-0.756423593,-0.652591169,1.607916474,-0.974848807,0.124491066,0.184856489,18,18,2
-0.756854296,-0.682148933,1.620636463,-0.985236645,0.125780582,0.116137668,20,20,2
-0.676184654,-0.677073300,1.564315677,0.475335538,0.793822706,-0.379343748,21,21,2
-0.657549560,-0.636478305,1.544756770,0.821476519,-0.428731561,-0.375986218,22,22,2
-0.693589270,-0.642811656,1.646136999,-0.530575991,-0.236010119,-0.814118207,24,24,2
-0.669010520,-0.660060942,1.622319579,0.255287826,-0.722113609,0.642946482,25,25,2
-0.652171016,0.686155379,1.692541599,-0.976502359,-0.184558064,0.111272231,27,27,2
-0.651625037,0.704805434,1.700776577,-0.984203935,-0.112208836,0.136937499,28,28,2
-0.606614769,0.704359531,1.690574169,0.622689247,0.680607855,0.386045426,29,29,2
-0.636441171,0.711901546,1.763100505,0.888000369,0.454452246,0.070203915,30,30,2
-0.638601840,0.703805745,1.792730808,-0.971837819,0.098299973,0.214169279,31,31,2
-0.639930725,0.671884358,1.823086023,-0.978126943,0.061799962,0.198616430,34,34,2
-0.643506765,0.583430886,1.833864331,-0.988304019,0.006493483,0.152358651,35,35,2
-0.572765648,0.465746254,1.754707575,0.357811362,0.873619676,0.329787403,36,36,2
-0.636200428,0.591442227,1.840004683,-0.443933636,0.435411185,-0.783160388,38,38,2
-0.399235636,0.533431768,1.753551960,0.017639970,-0.454163998,0.890743494,41,41,1
-0.571188271,0.468355656,1.741245627,-0.101363085,-0.867754877,-0.486546040,43,43,2
0.210402504,0.633686185,1.639879823,-0.084623247,-0.929035366,-0.360183626,47,51,1
-0.642629683,0.431327462,1.964366674,0.949289322,-0.290596515,-0.120014518,48,48,2
0.271370530,0.491419345,1.713893414,0.017639970,-0.454163998,0.890743494,49,41,1
-0.616600811,0.676513672,1.813732147,0.800711334,0.568964541,0.187458739,50,50,2
0.153692663,0.371274084,1.800556779,-0.084623247,-0.929035366,-0.360183626,51,51,1
-0.648850620,0.445338786,1.930377960,-0.997843146,0.064480148,0.012304227,52,52,2
-0.643273771,0.431899071,1.958103180,-0.689215958,0.643141448,0.333692253,54,54,2
0.176126093,0.596803844,1.738600016,-0.085676268,-0.948228478,-0.305814177,55,86,1
0.246390730,0.571986139,1.753318071,-0.004340679,-0.631922543,0.775019467,56,228,1
-0.644071519,0.349714786,2.032149076,-0.997917056,0.011197715,0.063530453,58,58,2
0.207228556,0.414925933,1.688418746,-0.088791974,-0.829976022,-0.550686777,59,59,1
-0.637681901,0.315088272,2.019641638,0.927742243,-0.178675488,0.327672660,60,60,2
-0.635174155,0.307767153,2.012090206,-0.890773416,0.220138967,-0.397569656,61,61,2
0.142674461,0.231183782,1.885628581,0.017639970,-0.454163998,0.890743494,62,41,1
0.193786755,0.154084131,1.860285163,0.017639970,-0.454163998,0.890743494,63,41,1
0.146626458,0.107000783,1.963889718,-0.084623247,-0.929035366,-0.360183626,65,51,1
-0.616033554,0.290201664,1.963431239,0.875947535,-0.232222944,0.422833860,66,66,2
-0.613863826,0.155488342,2.072093487,-0.505129337,-0.811854720,-0.292807758,67,67,2
-0.600711346,0.380076110,1.991037130,0.683451891,0.611826062,0.398198903,70,70,2
-0.646009505,0.012548766,2.160027504,0.856587648,0.099362031,-0.506344616,71,71,2
-0.639558196,0.132997587,2.170721769,0.772504091,0.614919722,-0.158465341,72,72,2
-0.629766822,0.005249260,2.138912201,0.867407143,-0.303464681,0.394352734,74,74,2
0.130045444,-0.028812360,2.051937580,0.017639970,-0.454163998,0.890743494,76,41,1
0.172760054,0.103062749,1.967261314,-0.084623247,-0.929035366,-0.360183626,77,51,1
0.105284728,-0.120455384,2.047763824,-0.084623247,-0.929035366,-0.360183626,79,51,1
0.182505041,-0.111703902,2.020375729,-0.078152806,-0.978456914,-0.191087052,80,80,1
0.188274771,0.317701489,1.915749788,-0.085381381,-0.850343764,-0.519254863,83,83,1
-0.662441313,-0.134552211,2.263756752,-0.998266220,-0.008160450,0.058292575,84,84,2
-0.659336865,-0.115286231,2.267156601,-0.997284472,0.036894619,0.063737236,85,85,2
-0.376626909,-0.123273201,2.166728735,-0.083245508,-0.939494729,-0.332294941,86,79,1
-0.643838286,-0.248135775,2.336216211,-0.887106240,-0.136935994,0.440784633,87,87,2
-0.677877367,-0.488345981,2.421805859,-0.994135380,0.055121239,0.093040504,88,88,2
-0.565012693,-0.087524600,2.119334459,-0.150401965,-0.882183433,-0.446241796,89,89,2
-0.599078476,0.109124333,2.133118629,0.715954840,0.401970237,0.570813954,93,93,2
-0.588627517,0.099097133,2.130442619,0.293739140,-0.922480106,-0.250495136,94,94,2
-0.576885283,-0.271744817,2.260962963,0.510463476,-0.242522776,0.824990749,95,95,2
0.094373398,-0.291517705,2.216741562,0.022860313,-0.429732054,0.902666986,96,467,1
0.316278279,-0.179656714,2.147359848,-0.084623247,-0.929035366,-0.360183626,97,51,1
-0.544061780,0.111816026,2.101690531,-0.008809268,-0.998945057,0.045070138,99,99,2
-0.665928900,-0.395104766,2.452132940,0.879264593,-0.471262813,-0.069319323,101,101,2
-0.663597822,-0.397831529,2.466045618,0.836779058,-0.520545661,-0.169802845,102,102,2
-0.622006059,-0.217636749,2.307809114,-0.866051197,0.212379038,-0.452604026,104,104,2
-0.472458988,-0.378202170,2.338470459,-0.080791235,-0.956902146,-0.278946608,105,105,2
-0.689618647,-0.764123559,2.598318815,0.999929845,-0.000007592,0.011844290,109,109,2
-0.685387671,-0.694621325,2.607025146,0.907656968,-0.380604357,-0.176915675,112,112,2
-0.654043138,-0.528631091,2.518478394,0.912433565,-0.186461508,0.364276201,113,113,2
-0.606689036,-0.165569410,2.316550016,0.670206249,-0.670494735,0.318214446,115,115,2
-0.647270799,-0.409177512,2.496747255,-0.089765213,-0.885701180,-0.455495059,118,118,2
0.195320755,0.052267354,2.080133200,-0.084623247,-0.929035366,-0.360183626,121,51,1
-0.678571880,-0.686240196,2.620389462,-0.964776278,0.236413598,0.115392327,122,122,2
-0.634427607,-0.514639199,2.482905626,0.902380168,-0.233304188,0.362324685,123,123,2
0.198272333,-0.425337046,2.293555260,-0.084623247,-0.929035366,-0.360183626,124,51,1
0.140856802,-0.558665752,2.381601572,0.034856912,-0.364644587,0.930494130,125,97,1
-0.692586720,-1.070669055,2.789996147,-0.966552734,-0.071453139,0.246313378,127,127,2
0.148000970,-0.389617890,2.211706877,-0.081309520,-0.901083291,-0.425955087,129,227,1
0.114832647,-0.200630441,2.239038229,-0.085676268,-0.948228478,-0.305814177,130,86,1
-0.693219364,-1.031602502,2.746141911,0.996342599,-0.068481244,-0.051106039,131,131,2
-0.668182433,-0.795083106,2.685961246,-0.946843386,-0.110295750,0.302196026,132,132,2
-0.674982905,-0.678343236,2.638474941,-0.987005055,0.046791613,-0.153725654,133,133,2
-0.324651688,-0.662077069,2.510119915,-0.084623247,-0.929035366,-0.360183626,134,51,1
-0.629319251,-0.423205912,2.505854130,0.697755694,0.600647509,0.390332758,135,135,2
-0.677855551,-0.708561182,2.690007210,-0.741322875,-0.563199759,0.365029424,136,136,2
-0.628932178,-0.444548815,2.514306307,-0.858653128,0.167994037,-0.484244645,137,137,2
-0.662252784,-1.058030963,2.838675976,0.902004778,0.100303933,-0.419912487,139,139,2
-0.070203714,-0.812644124,2.559449911,0.039452098,-0.425134361,0.904270113,140,0,1
-0.247015104,-0.633191466,2.417149544,-0.095567144,-0.910234928,-0.402913511,141,141,2
0.098277315,-0.453836858,2.389206171,-0.084623247,-0.929035366,-0.360183626,142,51,1
-0.686277032,-0.959706008,2.761670113,0.000000000,0.000000000,1.000000000,143,143,2
-0.688940465,-0.978920341,2.826874971,-0.975115776,-0.191388175,0.111892559,145,145,2
-0.684632659,-0.957560837,2.804247141,0.922575474,-0.370855808,-0.106398240,146,146,2
-0.604055226,-0.439089626,2.476187944,0.648086965,-0.000000712,0.761566401,147,147,2
-0.267217070,-0.439026415,2.430549622,-0.074087337,-0.961318851,-0.265287012,148,148,2
0.167877734,-0.657465041,2.377570152,-0.085506260,-0.967728257,-0.237045884,150,150,1
-0.396249741,-0.688700378,2.594256639,-0.065139599,-0.920996845,-0.384085506,152,152,2
0.192683190,-0.384512305,2.196503162,-0.082689293,-0.950968623,-0.298028767,153,130,1
-0.444477290,-0.870528817,2.575107574,-0.082517825,-0.770238161,-0.632395506,154,154,2
-0.648533463,-0.742963791,2.696870089,0.000000000,0.000000000,1.000000000,155,155,2
-0.652629435,-0.721717417,2.713878155,-0.900393724,-0.000000007,-0.435076058,156,156,2
-0.576934099,-0.634866118,2.501399517,0.028567404,0.941643357,0.335398078,158,158,2
0.024393607,-1.074135900,2.723077059,0.032328829,-0.391726434,0.919513643,161,125,1
-0.109711349,-0.724861562,2.585448027,-0.094389364,-0.611501217,-0.785593450,164,164,1
-0.638124228,-0.993103206,2.853070021,0.000000000,0.000000000,1.000000000,168,168,2
-0.518526793,-0.648996651,2.524827480,0.076441571,0.869902492,0.487264127,175,175,2
-0.321768671,0.099452518,2.091610193,0.000000000,-0.000000000,1.000000000,176,176,2
-0.360873938,-0.968415141,2.756102324,0.106562182,0.917241633,0.383812964,180,180,2
-0.433241665,-0.167489395,2.270660162,0.000000000,0.000000000,1.000000000,181,181,2
-0.645576477,-1.753910780,4.082113743,-0.956974685,-0.275673181,-0.090574928,183,183,2
-0.494884610,-1.834265947,4.254911900,0.026910501,0.752141833,0.658451557,185,185,2
-0.646651447,-1.788560033,4.212299824,0.000000000,0.000000000,1.000000000,187,187,2
-0.642240226,-1.818965793,4.238324642,-0.979475439,0.193298817,0.057126455,190,190,2
-0.118968233,-0.669117749,2.480300426,-0.090566777,-0.951685488,-0.293415248,191,191,2
-0.349759996,-0.951623082,2.718130350,0.000000000,-0.000000000,1.000000000,194,194,2
-0.334266841,-0.936058283,2.680319548,-0.140732750,-0.897668183,-0.417595744,198,198,2
-0.313653827,-0.951499403,2.718130112,0.000000000,0.000000000,1.000000000,203,203,2
-0.295824170,-0.751313508,2.596110106,-0.048707869,0.378954768,-0.924132466,204,204,2
-0.258698136,-0.693423390,2.575989962,0.000000000,0.000000000,1.000000000,206,206,2
-0.289318681,-0.983390391,2.773175001,-0.395795107,0.654069364,0.644623637,207,207,2
-0.268375069,-0.743409693,2.595380068,0.000000000,0.000000000,1.000000000,208,208,2
-0.148406804,-0.275217652,2.234596729,0.147289574,0.515969515,-0.843849123,210,210,2
-0.295015663,-1.848499417,4.276334763,-0.107757889,-0.926820517,-0.359711081,211,211,2
-0.139931142,0.327561855,1.938740015,0.000000000,0.000000000,1.000000000,212,212,2
-0.158438236,-0.189677536,2.264060020,0.000000000,-0.979200125,0.202896923,213,213,2
0.071230702,-0.151601359,2.131066322,-0.086585671,-0.949871600,-0.300411105,214,214,2
-0.140529886,-0.871308863,2.546320677,-0.365829229,-0.479806662,0.797467589,215,215,2
-0.184664235,-1.834689736,4.236971855,0.000787222,-0.943285227,-0.331982523,216,216,2
0.487663478,0.411515653,1.668001890,-0.044121217,-0.949092984,0.311890662,218,218,1
-0.072918974,-1.156740308,2.682568789,-0.340809405,-0.845137000,-0.411816090,219,219,2
0.230013877,0.057401657,2.066015959,-0.067614391,-0.956515551,0.283736408,220,220,2
0.171284154,-0.738350511,2.558901072,-0.063429222,-0.843648493,-0.533136070,221,221,2
0.127759486,-0.704655051,2.517241716,0.120992042,0.992152989,0.031518735,222,222,2
0.537392795,0.381856203,1.682608485,-0.042090949,-0.944800436,0.324931622,223,223,2
0.204715118,0.305226415,1.922205091,-0.060546502,-0.895568788,0.440784335,225,225,2
0.207047001,-1.131543159,2.677728176,0.442010105,0.500212908,-0.744589925,226,226,2
0.601077020,-0.855254412,2.517834663,-0.020423073,-0.425774127,0.904599071,227,227,1
0.486545414,-0.314482301,2.199159622,-0.004340679,-0.631922543,0.775019467,228,228,1
0.262205541,-0.106434330,2.013686657,0.058206543,0.998295248,-0.004321799,229,229,2
0.225177377,0.036586992,2.079000235,0.000000000,0.000000000,1.000000000,231,231,2
0.228254944,-0.033031803,2.038898945,-0.126227230,-0.727347553,0.674560845,232,232,2
0.318651140,-0.226662382,2.241470337,-0.004580635,0.008321725,0.999954879,233,233,2
0.214121744,0.138973415,1.858633041,0.064637676,0.994527161,-0.082083926,234,234,2
0.283391863,-0.965993881,2.625413418,0.109696455,0.903962493,0.413302094,235,235,2
0.397401005,-1.146325231,2.659702778,-0.169626445,0.929646075,-0.327085763,237,237,2
0.599860489,-0.717685103,2.424547911,-0.095441997,-0.934309065,-0.343449324,238,238,2
0.435371250,-1.121332288,2.689203739,0.687263489,-0.373711854,0.622903168,239,239,2
0.634114921,-0.724172294,2.435301065,-0.097092547,-0.943555295,-0.316664666,240,240,2
0.718832016,-0.510378242,2.365602493,0.064326793,0.604038358,0.794354916,243,243,2
0.665974438,-0.195668489,2.107947111,-0.093572266,-0.931191087,-0.352317154,245,245,2
0.607204497,-0.760810494,2.530124426,-0.139224559,-0.608349502,-0.781362593,246,246,2
0.606819332,-0.755090892,2.519530058,0.000000000,0.000000000,1.000000000,247,247,2
0.763627887,-1.113747120,2.671742916,-0.028715760,0.515820742,-0.856215179,248,248,2
0.749375522,0.267044276,1.893774509,-0.032487258,-0.834791481,0.549606919,251,251,2
0.717791855,-0.960794687,2.508166552,-0.129607409,-0.887778342,-0.441646457,252,252,2
0.745877683,-1.010874152,2.622701883,-0.185235545,-0.909509957,-0.372128338,253,253,2
0.773237944,-1.001335025,2.578450441,0.118408613,0.914408684,0.387086809,256,256,2
0.870716691,-1.111710072,2.739729881,0.000000000,0.000000000,1.000000000,263,263,2
0.962807417,-1.197133303,2.900926828,-0.003446194,0.564151704,-0.825664043,264,264,2
0.875555038,-0.886641979,2.538686275,-0.722533762,-0.373613089,0.581685781,270,270,2
0.823564947,-0.761753321,2.489269972,0.102193117,0.943099618,0.316417068,271,271,2
0.866939723,-0.975353897,2.471248388,-0.225550354,0.744636178,-0.628207088,274,274,2
0.905650496,-0.889352500,2.598029137,0.876594543,0.267796606,-0.399833679,276,276,2
0.852544129,-1.018948436,2.437297821,-0.925150871,0.377044201,0.043972410,277,277,2
0.870316982,-1.021983385,2.410337210,-0.581872046,0.752106130,-0.309453368,278,278,2
1.578133941,-1.369756341,4.403635025,0.908448279,-0.414543658,0.053622123,283,283,2
1.562045336,-1.480840683,4.339581490,-0.930511951,-0.363553375,0.044457898,284,284,2
1.564391494,-1.495533466,4.277465343,-0.916432738,-0.121556967,0.381280720,286,286,2
0.833680630,0.018171199,2.035812140,-0.052311674,-0.984649599,-0.166519552,288,288,2
1.799665928,-1.123027921,4.404126167,-0.065768264,0.142500788,-0.987607241,289,0,1
1.890897274,-1.293853164,4.283846855,-0.426229864,0.502235889,-0.752387762,290,83,1
0.872994781,-0.939242423,2.379929304,0.998260021,0.055973023,-0.018544912,292,292,2
1.577755213,-1.509754181,4.372539997,0.000000000,0.000000000,1.000000000,293,293,2
1.595796108,-1.572826862,4.319473267,-0.136919051,-0.086592101,0.986790240,294,294,2
1.161848903,-1.126743555,2.745001316,-0.001403771,0.985501170,-0.169663236,297,297,1
1.571841359,-1.496028423,4.235998631,-0.644450903,0.457390189,0.612761974,299,299,2
1.618888140,-1.568417549,4.235248566,-0.236417890,-0.907710910,-0.346651942,304,304,2
1.724398017,-1.070097923,4.606170177,0.000000000,0.000000000,1.000000000,308,308,2
0.872309029,-0.823529601,2.297433615,-0.687573493,0.259268075,0.678249896,309,309,2
1.643895030,-1.107421637,4.372539997,0.000000000,0.000000000,1.000000000,312,312,2
1.712290049,-1.183075547,4.415433407,-0.642070234,-0.331059456,0.691480696,313,313,2
0.844276249,-0.445477754,2.195526600,-0.008437396,-0.922534287,-0.385823011,314,314,2
1.678052545,-1.289440036,4.428699970,0.000000000,0.000000000,1.000000000,317,317,2
1.648868680,-1.217005730,4.372539997,0.000000000,0.000000000,1.000000000,319,319,2
0.873200476,-0.747595668,2.251093864,-0.774961531,0.484789282,0.405480027,324,324,2
1.744875669,-0.946921945,4.443756580,0.225111559,0.969247580,0.099417888,329,329,2
0.833007276,0.096190281,1.843286872,-0.071703874,-0.913213491,-0.401123106,330,330,2
1.726043344,-1.511612296,4.372539997,0.000000000,0.000000000,1.000000000,332,332,2
1.695413232,-1.000228763,4.372539997,0.000000000,0.000000000,1.000000000,335,335,2
1.719357252,-1.537674785,4.170726776,0.198163420,0.979716897,0.029768579,336,336,2
1.771465421,-1.429864287,4.241789818,-0.423139870,0.819593668,-0.386288643,337,337,2
0.864790201,-0.251823962,2.193163633,0.031928379,0.934162080,0.355417937,338,338,2
1.711233258,-1.501442075,4.194081306,-0.675298333,0.717292964,-0.171647727,339,339,2
1.674659967,-1.494136095,4.264389992,0.000000000,0.000000000,1.000000000,340,340,2
1.706337929,-1.587636948,4.197438240,-0.281036258,-0.886026680,-0.368748456,343,343,2
1.716214061,-1.566763043,4.176475525,-0.253209561,-0.942121565,-0.219754308,344,344,2
1.772588491,-0.942591727,4.486310005,0.000000000,0.000000000,1.000000000,347,347,2
0.857746363,-0.116623163,2.005988598,0.372238159,0.262847066,-0.890140533,349,349,2
1.722029924,-1.502950072,4.317790508,0.000000000,-0.000000003,-1.000000000,350,350,2
1.718523741,-1.464388609,4.317790508,0.000000000,-0.000000000,-1.000000000,351,351,2
1.844560623,-0.945587397,4.567897797,0.425415993,-0.880263507,-0.210136667,353,353,2
1.749715090,-1.076795101,4.372539997,0.000000000,0.000000000,1.000000000,354,354,2
1.754720807,-1.425351143,4.289761066,-0.798525929,-0.349508226,-0.490102530,359,359,2
1.860823750,-1.158564329,4.537132263,-0.995658219,-0.078807086,0.049540825,364,364,2
1.938101411,-0.629742920,4.799256325,-0.946789086,0.043324962,0.318925500,369,369,2
1.768284440,-1.436856270,4.324150562,-0.993880391,0.021016615,0.108444043,373,373,2
1.842923045,-1.111242414,4.486309528,0.000000000,0.000000000,-1.000000000,375,375,2
1.934353828,-0.639893949,4.605688572,0.070717730,0.020330798,0.997289240,377,377,2
1.958983779,-0.529523373,4.686882019,-0.781627417,0.427064300,-0.454614878,380,380,2
1.773689270,-1.429586053,4.264458179,0.906090319,0.362568527,-0.218046695,383,383,2
1.899379969,-0.596750855,4.668529987,1.000000000,0.000000000,0.000000000,385,385,2
1.855525970,-1.262116432,4.385670662,0.807014763,0.309962600,-0.502643526,388,388,2
1.872751474,-0.869459152,4.434876442,0.879049420,-0.073757976,0.470990419,390,390,2
1.873620033,-1.106351972,4.545450211,0.000000000,0.000000000,1.000000000,393,393,2
1.848107815,-0.841284931,4.456106663,-0.913913608,0.047689378,0.403097570,396,396,2
1.909210086,-0.783094883,4.606170654,0.000000000,0.000000001,1.000000000,398,398,2
1.887692809,-1.047885776,4.486310005,0.000000000,0.000000000,1.000000000,400,400,2
1.896529078,-0.788084149,4.521785259,-0.471935332,-0.427211314,-0.771211803,402,402,2
1.909639478,-0.781486928,4.516469479,-0.449705720,0.892991543,0.018191075,404,404,2
0.862435222,-0.641131461,1.930417061,0.534999430,-0.460148484,-0.708547056,405,405,2
1.751732826,-1.561356902,4.189704895,-0.461886644,0.641872883,0.612094760,406,406,2
1.891495943,-1.090560675,4.493727684,0.490984559,-0.848602474,-0.196997702,408,408,2
1.870137215,-0.838974476,4.457211018,-0.855786741,0.407249838,0.319024503,410,410,2
1.766289234,-1.609059572,4.208045483,-0.803575516,-0.392826557,-0.447161853,411,411,2
1.892390013,-1.206226707,4.486310005,0.000000000,0.000000000,1.000000000,413,413,2
2.000068426,-0.744467080,4.616576195,0.683448851,-0.033327598,0.729237199,415,415,2
0.886838675,-0.459046900,2.084773302,-0.409384787,0.650585890,0.639642179,419,419,2
1.886549711,-0.775214195,4.447428226,-0.975506425,0.219787359,0.008987460,421,421,2
1.907179475,-1.239670992,4.326554775,0.169587821,-0.877421618,0.448744148,424,424,2
1.930645943,-0.868180692,4.469602585,0.804687023,-0.031106733,0.592883885,434,434,2
1.903106570,-0.754672647,4.443142414,-0.980756879,-0.188855857,-0.049491279,435,435,2
0.854650199,-0.686542153,1.946760654,0.891790926,-0.251579970,-0.376053900,441,441,2
1.889351845,-1.287109137,4.372541428,0.000000000,0.000000001,1.000000000,443,443,2
1.958969831,-0.832255781,4.508416653,-0.008722855,0.702321291,0.711806715,446,446,2
1.997450948,-0.911368489,4.619353771,0.629502356,-0.154423147,-0.761498690,447,447,2
0.874400973,-0.193561986,2.030040026,0.000000000,0.000000000,1.000000000,448,448,2
0.880644023,0.017133294,2.035183668,0.035264168,0.947241962,0.318573803,450,450,2
1.818386197,-1.549610615,4.016354561,-0.231596842,-0.903373778,-0.360941529,454,454,2
1.915574074,-1.554465055,4.133253574,-0.015962502,0.991924644,0.125819981,455,455,2
1.907348037,-1.334196210,4.372540474,0.000000000,0.000000001,-1.000000000,457,457,2
1.972257972,-0.802107275,4.448587894,0.634353459,0.722751319,-0.274273962,460,460,2
2.038319826,-0.725481570,4.642961025,-0.966522038,-0.152699143,-0.206199437,461,461,2
0.889735639,-0.180403247,2.005084038,-0.213770166,0.640379548,0.737710238,462,462,2
1.909845948,-1.281153202,4.310870647,0.435532272,-0.070579447,0.897401929,465,465,2
0.868964434,-0.343844533,1.782451868,0.995939970,-0.067725874,-0.059302762,467,51,1
1.866573215,-1.386354685,4.264389515,0.000000000,-0.000000002,1.000000000,470,470,2
1.914015174,-1.363578320,4.372539997,0.000000000,0.000000000,1.000000000,471,471,2
2.044648647,-0.732437193,4.668530464,0.000000000,0.000000004,1.000000000,473,473,2
0.895556211,-0.189850599,1.978044152,0.269738495,-0.882124305,-0.386132032,476,476,2
1.939965367,-1.386991858,4.372539997,0.000000000,0.000000000,1.000000000,481,481,2
0.892953634,-0.340745151,2.012501240,-0.668236911,0.579813004,0.466129065,483,483,2
0.866914093,-0.643202245,1.935415864,0.555052876,-0.207902774,-0.805414617,484,484,2
1.917304993,-1.360009313,4.317790508,0.000000000,-0.000000014,1.000000000,486,486,2
1.907008767,-1.322216630,4.317790508,0.000000000,-0.000000002,-1.000000000,487,487,2
2.012572050,-0.871103406,4.453036785,-0.441026390,-0.885299325,-0.147447854,489,489,2
0.917484641,-0.143605053,2.043602943,-0.553845823,-0.548324227,0.626574397,493,493,2
2.237851381,-0.068210758,4.866126060,0.061379433,0.854964614,-0.515041947,495,495,2
2.308036327,-0.006703168,4.935095310,-0.035653260,-0.982050478,0.185218200,496,496,2
1.878472090,-1.563559651,4.072839260,0.008182416,0.999745369,0.021033606,497,497,2
2.030898809,-0.858603835,4.453185081,-0.169653401,-0.983751237,0.058747206,499,499,2
0.934735179,-0.118701614,2.092691422,-0.555694699,-0.626517773,0.546515346,500,500,2
2.049367428,-1.249321580,4.245584965,-0.342129946,-0.899394035,0.272098362,502,502,2
2.156292677,-0.105099298,4.799346924,0.005875006,0.046581741,0.998897254,506,506,2
2.213544607,0.013705159,4.931146145,-0.026918883,0.956648767,-0.289997518,507,507,2
2.407840252,0.095219985,4.937229633,-0.109610990,-0.006364875,-0.993954241,508,508,2
1.908769250,-1.517587423,4.150518894,0.041906357,0.998562872,0.033408422,509,509,2
2.289118528,0.106374450,4.933043003,-0.635284662,0.688742042,-0.349353403,514,514,2
2.030959845,-0.993977666,4.392435074,-0.999122262,-0.038267318,0.017039003,516,516,2
2.158208370,-0.162700638,4.696967602,0.870342374,-0.422769547,0.252527326,518,518,2
0.854097784,0.285628676,1.863550186,-0.103237040,-0.963094354,-0.248578638,519,519,2
2.111620903,-0.219227627,4.627015591,-0.201481730,-0.940714121,0.272877365,520,520,2
2.131244421,-0.199663177,4.640823364,-0.498277843,-0.831726968,-0.244845808,521,521,2
1.966230750,-1.505676627,4.154032707,0.239330277,0.970729589,0.020127743,523,523,2
2.127785683,-0.256059527,4.611386776,-0.408631861,-0.741052806,0.532785773,525,525,2
1.961493611,-1.494034529,4.185327053,0.624083877,-0.323386133,0.711295068,527,527,2
2.005443335,-1.481981635,4.205609322,-0.418504387,-0.753023267,-0.507750034,528,528,2
2.250502586,0.005414823,4.912276268,-0.036198843,0.992712200,0.114944205,531,531,2
2.272617817,0.039824765,4.935829639,0.000000000,-0.000000002,-1.000000000,532,532,2
2.270878792,0.086555421,4.884799957,-0.283536911,-0.839285016,-0.463904679,533,533,2
2.036777973,-0.901572824,4.428699970,0.000000000,0.000000000,1.000000000,534,534,2
0.879130065,-0.294018090,1.841524839,-0.549198806,0.714193702,-0.433944762,535,535,2
2.012874126,-0.852101803,4.372539997,0.000000000,0.000000000,1.000000000,540,540,2
2.238549948,-0.195038483,4.703393459,-0.516419828,0.425422817,0.743186474,545,545,2
0.875850379,0.270396620,1.884359479,0.153587162,-0.320724130,-0.934637427,547,547,2
1.960421205,-1.533148646,4.132310390,0.046129014,0.998893976,-0.009108775,548,548,2
0.880270898,-0.295931846,1.832914352,-0.499014199,0.798925459,-0.335712761,551,551,2
2.203880548,-0.263004899,4.662269592,0.557466269,-0.380233198,-0.738006949,553,553,2
2.182806253,-0.168810397,4.662652493,0.868955672,-0.494695008,0.013891350,554,554,2
2.351481915,-0.083187073,4.840533733,0.399057209,-0.873863578,0.277697235,555,555,2
2.019893169,-1.091035128,4.323247433,-0.495306998,0.208742589,0.843266010,556,556,2
2.054939747,-0.898210287,4.421161175,-0.933049619,0.154853836,0.324713290,558,558,2
2.173975468,-0.303859264,4.653057575,-0.968174756,-0.207143515,0.140460864,560,560,2
2.328097820,0.110121772,4.932744503,-0.381730437,0.263532847,-0.885907650,561,561,2
0.853007555,0.116747081,1.819406271,0.054680832,0.659577489,-0.749644935,562,562,2
2.250757694,-0.230531350,4.663915634,-0.237291738,0.198967651,0.950844109,563,563,2
2.302040577,-0.118128031,4.738861561,-0.232065260,0.899444580,0.370331287,564,564,2
2.286251307,0.041212965,4.866180420,0.000000000,-0.000000002,1.000000000,566,566,2
0.883641839,0.253394067,1.878468633,-0.808974743,0.125857770,-0.574212313,568,568,2
2.059461832,-1.075924635,4.356559753,-0.955094576,-0.288086802,-0.069285840,569,569,2
0.880976617,0.287902534,1.849628925,-0.059625290,-0.927277267,-0.369596809,574,574,2
2.030800819,-1.077688336,4.255705357,-0.334091306,0.404973686,-0.851104796,575,575,2
0.876630187,0.085852884,1.855290055,0.000000000,0.000000000,1.000000000,580,580,2
0.866411209,-0.464394480,1.817338109,-0.204507396,-0.797817469,-0.567154467,581,581,2
2.403063774,0.177804023,5.007511139,0.000000000,-0.000000000,-1.000000000,593,593,2
1.964751244,-1.556230068,4.080069065,-0.451906264,0.719112337,0.527880847,594,594,2
2.187309980,-0.380237818,4.606170177,0.000000000,0.000000000,1.000000000,595,595,2
2.352483988,-0.420019805,4.586759567,-0.277134836,0.439060420,-0.854647517,597,597,1
2.293951750,-0.254443496,4.668530464,0.000000000,0.000000000,-1.000000000,602,602,2
2.324380398,0.060653862,4.866179943,0.000000000,0.000000000,1.000000000,605,605,2
0.875621259,0.093121588,1.833616376,0.444008887,0.895540416,0.029385339,608,608,2
0.848264694,-0.730910599,1.737169504,-0.981263518,-0.011580209,-0.192322269,610,610,2
2.286542654,-0.173734978,4.740926743,0.909834325,-0.338564962,-0.239948720,611,611,2
0.897841036,0.069865100,1.765165806,-0.975206017,-0.136527181,-0.174165308,613,613,2
1.392256498,-1.160043597,2.747533560,0.270338655,0.885508001,-0.377879053,615,615,2
2.020150900,-1.445060611,4.151178837,-0.725059390,-0.624285400,-0.290786386,616,616,2
0.873093307,0.104387969,1.816200137,0.000000000,-0.000000000,1.000000000,619,619,2
2.367048740,-0.111619435,4.799155235,-0.268572956,0.893765092,-0.359239012,620,620,2
2.323053598,-0.626805961,4.497972488,0.251728028,-0.495901465,0.831092596,622,622,2
2.262365103,-0.513115346,4.616014481,0.307294160,0.581545770,-0.753242910,623,623,2
2.282145977,-0.497193992,4.648762226,-0.011052938,0.919898212,-0.392001361,624,624,2
2.296179771,-0.125781506,4.732600689,0.000000000,0.000000000,-1.000000000,625,625,2
2.437280178,-0.015638109,5.023428440,-0.876167297,0.155781642,0.456139237,626,626,2
2.108630180,-1.237060905,4.266070843,-0.946740746,-0.305349529,0.102194339,631,631,2
2.281794071,-0.580423236,4.598605156,0.825055182,0.558296084,-0.087117352,633,633,2
0.903172076,-0.062636830,1.832744956,0.388403058,0.587608397,0.709830582,636,636,2
2.482469559,-0.093175925,4.764364719,0.026857078,0.939921618,-0.340332389,637,637,2
2.445441484,0.157820508,4.935039997,-0.839028776,-0.529485404,-0.125203788,638,638,2
2.459800005,0.547829986,4.968908310,-0.660700798,-0.122621365,0.740566373,640,640,2
2.131955147,-1.241350174,4.326054573,0.605204463,-0.733172238,-0.310138732,642,642,2
2.280873775,-0.508345425,4.610107422,0.013540729,0.973464787,-0.228435978,643,643,2
2.316109896,-0.479727685,4.704221249,0.882756650,-0.181657419,0.433291376,644,644,2
2.489170790,0.159408242,5.007511139,0.000000000,0.000000000,1.000000000,646,646,2
2.506056309,0.723458052,5.012768745,-0.903452516,0.365433753,-0.224124476,647,647,2
2.330039740,-0.420484573,4.587965965,-0.197014600,-0.279606670,-0.939683676,654,654,2
2.098195076,-0.330760241,4.284415245,-0.840953946,-0.000000019,0.541106761,655,655,2
2.364416361,-0.272796214,4.655725002,-0.456017733,-0.860315979,0.227824941,657,657,2
2.324440002,-0.121260822,4.732600689,0.000000000,0.000000000,-1.000000000,658,658,2
2.432657242,-0.003686673,4.875133991,0.867430329,-0.475183338,-0.147531301,659,659,2
2.528844357,0.099675506,4.925019741,0.627385497,-0.406744897,0.664037764,660,660,2
2.425556898,0.045390256,4.907915592,0.308443010,0.719478011,0.622265518,661,661,2
2.507694244,0.130776361,4.980784416,-0.056262791,-0.997898221,-0.032150876,662,662,2
2.468157768,0.536752880,4.934741020,0.142533436,0.019179506,0.989604175,666,666,2
2.467678785,0.646196306,4.997747421,-0.955268562,0.112293124,0.273591489,667,667,2
2.458260059,0.700739324,5.007510662,0.000000000,0.000000002,1.000000000,668,668,2
2.044432878,-1.448534727,4.112113476,-0.775324643,0.278656334,0.566764832,669,669,2
0.852881968,-0.412006885,1.663948894,-0.687244952,0.666860163,-0.288083106,671,671,2
2.322255373,-0.432496995,4.606877804,-0.128519565,0.008001072,0.991674781,674,674,2
2.376638889,-0.288614631,4.610969067,-0.075149558,0.596594036,-0.799017012,677,677,2
2.473973751,0.273046970,4.992596626,-0.963359594,-0.004438111,0.268176556,680,680,2
2.481755495,0.486415029,4.935829639,0.000000000,0.000000000,-1.000000000,681,681,2
2.460446119,0.730613530,5.000317097,-0.955611825,-0.078134023,0.284079492,682,682,2
2.447941065,0.757283866,4.935829639,0.000000000,-0.000000001,-1.000000000,683,683,2
0.850606740,-0.635665178,1.671907902,-0.493758798,0.460160702,0.737871528,684,684,2
0.853529990,-0.699776888,1.713352084,0.320473284,-0.605131328,0.728775024,685,685,2
0.897681773,-0.027752094,1.804968834,0.003151122,-0.876766860,0.480905294,690,690,2
0.902847588,-0.016969124,1.798409700,0.637045383,-0.717358351,0.282082081,691,691,2
2.459605455,0.259478956,4.971641541,0.969009042,0.144332215,-0.200473770,694,694,2
2.456114292,0.413863480,4.948985577,-0.945877790,-0.190601423,0.262652397,695,695,2
2.601084471,0.834641874,4.972167492,-0.715347528,-0.214315236,-0.665091693,696,696,2
2.595292568,0.919100285,4.940536499,-0.688615620,0.650488794,0.320426047,697,697,2
2.042134047,-1.461112022,4.111839771,0.000000000,0.000000000,1.000000000,700,700,2
2.047632933,-1.378633142,4.111839771,0.000000000,0.000000000,1.000000000,701,701,2
2.470734835,0.232861340,4.878176689,-0.234913364,-0.688023329,-0.686614633,705,705,2
2.438596010,0.326644123,4.866291523,-0.154977322,0.984160662,0.086080156,707,707,2
2.448756695,0.408158302,4.866179943,0.000000000,0.000000000,1.000000000,709,709,2
2.479365826,0.380374938,4.865143776,0.047208503,-0.269676507,-0.961793125,710,710,2
2.409337997,0.483269185,4.866179943,0.000000000,0.000000000,1.000000000,711,711,2
2.503489494,0.764802098,5.007511139,0.000000000,0.000000001,-1.000000000,714,714,2
2.016877890,-1.360203505,3.999371767,0.700004518,-0.632839739,-0.330919355,715,715,2
2.104981899,-1.357056379,4.157680511,0.521736920,-0.029813940,-0.852585375,716,716,2
2.451002359,0.029278098,4.887135029,-0.875165999,0.286692470,0.389733166,721,721,2
2.445702553,0.033535384,4.901003838,0.894736707,0.436758578,-0.093211077,722,722,2
2.486579895,0.201851070,4.894073486,0.787448704,0.614101648,-0.052950770,724,724,2
2.091577530,-1.318307757,4.165061474,0.967983484,-0.025197918,-0.249745995,726,726,2
2.384500980,-0.399755746,4.545450211,0.000000000,0.000000000,1.000000000,729,729,2
2.505260468,-0.104851596,4.710849285,-0.448033154,0.839638472,-0.307040155,730,730,2
2.509241819,0.411878675,4.919560432,0.299369067,-0.617042184,0.727761686,734,734,2
2.512416363,0.426534176,4.785188198,-0.277716637,0.864252090,0.419454247,735,735,2
2.493441820,0.645518541,4.986037254,0.853608668,-0.181931823,-0.488111734,736,736,2
0.859253526,-0.417531759,1.646043777,-0.387331158,0.848339558,-0.360963464,737,737,2
2.366035938,-0.645172179,4.639885902,0.330508143,-0.938442647,-0.100448027,738,738,2
2.509952545,0.634400308,4.966384411,0.852481008,0.063993059,-0.518826604,743,743,2
1.370711565,-1.173370242,2.704257965,0.634443939,-0.669448376,-0.386419237,744,744,2
2.082201958,-1.272590041,4.111839771,0.000000000,0.000000000,1.000000000,745,745,2
2.328077078,-0.598328114,4.606308460,-0.809498787,-0.057293721,0.584319413,747,747,2
0.905871391,0.051778469,1.755795717,-0.134907156,-0.575803101,-0.806381404,748,748,2
2.534312487,0.546262026,4.932621002,-0.051399104,-0.025616372,-0.998349607,749,749,2
2.141661644,-1.332369208,4.200963974,-0.296429008,0.671296954,0.679330766,750,750,2
2.387617588,-0.422210127,4.611014843,-0.279071063,-0.911224723,-0.302966952,751,751,2
2.427150011,0.014550015,4.798460007,0.000000000,0.000000000,1.000000000,753,753,2
2.573945522,0.656348705,4.947128296,-0.595966280,0.627912641,-0.500549614,755,755,2
2.578628302,0.759600341,5.081299782,0.000000000,0.000000000,1.000000000,756,756,2
0.887746334,0.517127216,1.710211992,0.080980889,0.378566384,-0.922024786,758,758,2
2.474420071,0.022192109,4.866179943,0.000000000,0.000000000,1.000000000,761,761,2
2.542739630,0.503309488,4.979823589,-0.950066149,-0.235489711,0.204741120,765,765,2
2.588797331,0.778089881,5.081299782,0.000000000,0.000000000,1.000000000,766,766,2
2.358850002,-0.622776031,4.606170654,0.000000000,-0.000000001,-1.000000000,768,768,2
2.303423643,-0.680586874,4.486309528,0.000000000,-0.000000001,1.000000000,778,778,2
2.406400919,-0.517731249,4.602440834,0.855197012,-0.128416583,0.502142668,780,780,2
2.508821249,-0.117875479,4.872014523,0.530253232,-0.643384755,-0.552166224,782,782,2
2.567905426,0.263028264,4.991535187,0.863268137,-0.328854322,0.382913798,785,785,2
2.423614264,0.364606708,4.728356361,0.808501303,-0.100875147,-0.579784274,786,786,2
2.545958042,0.285721213,4.866609097,0.479842603,0.865485132,0.143828183,787,787,2
2.577283859,0.420027733,4.928064823,0.089511983,0.815108776,-0.572350800,788,788,2
2.643770456,0.938707709,4.930280209,0.808298707,-0.575924098,-0.122330248,789,789,2
2.613660574,0.781331480,4.938682079,-0.757344484,-0.433036208,0.488783151,790,790,2
2.273960114,-0.700611055,4.428699970,0.000000000,0.000000000,1.000000000,793,793,2
2.512954473,0.297160476,4.824697018,0.355340868,0.934255064,0.030005431,800,800,2
2.402385473,0.384581566,4.689844131,-0.859245896,-0.018232886,0.511237860,801,801,2
2.617169142,0.791074276,5.081299305,0.000000000,-0.000000010,1.000000000,804,804,2
2.620480537,0.790217280,4.935661316,0.929385245,0.255597919,-0.266294509,806,806,2
2.396770239,-0.609017193,4.606170177,0.000000000,0.000000000,1.000000000,810,810,2
2.541898012,0.177144796,4.935830116,0.000000000,0.000000000,1.000000000,814,814,2
2.557196617,0.239166662,4.935829639,0.000000000,0.000000000,-1.000000000,815,815,2
2.561520815,0.270245969,4.880129337,0.853626132,-0.284949630,0.436034650,817,817,2
2.574296474,0.615228534,4.932753563,0.225827858,0.700487792,-0.676992357,820,820,2
1.461718798,-1.156695843,2.829649925,0.000000000,0.000000000,1.000000000,821,821,2
2.397680521,-0.623606503,4.637391567,0.365683794,0.708533943,-0.603535473,823,823,2
2.529832602,-0.096321605,4.798461437,0.000000000,-0.000000002,-1.000000000,825,825,2
2.595394611,0.200124338,5.007510662,0.000000000,0.000000000,1.000000000,826,826,2
2.552481890,0.481500119,4.887114525,0.626451015,0.375179261,-0.683227420,829,829,2
0.832628012,0.635779083,1.559720874,-0.222308576,0.784758747,0.578560829,832,832,2
2.605917692,0.025428992,4.866327286,0.010026742,-0.013326706,-0.999860942,839,839,2
2.575015545,0.253833979,4.935829639,0.000000000,0.000000001,1.000000000,840,840,2
0.900149941,0.128385514,1.700447559,-0.655168653,0.239803329,0.716413617,841,841,2
2.366481543,-0.680254102,4.424901962,-0.393509656,0.918776333,0.031628519,844,844,2
0.876860738,-0.241226792,1.674466968,-0.088084698,-0.179657534,-0.979777694,846,846,2
0.900855124,0.539178252,1.714896560,-0.594685256,0.134937108,0.792553782,853,853,2
2.303884983,-0.824816108,4.372539997,0.000000000,0.000000000,1.000000000,854,854,2
2.479813099,-0.437233210,4.571055412,-0.744178534,0.312501997,0.590373397,855,855,2
2.365977287,-0.497754425,4.486309528,0.000000000,0.000000002,-1.000000000,856,856,2
2.440880537,-0.202274948,4.615412235,-0.933408499,0.340235084,0.113967888,859,859,2
2.587527275,0.038954448,4.871837139,-0.777687013,-0.179398894,-0.602510571,860,860,2
2.618647575,0.715444684,4.931757450,-0.119756207,0.920562088,-0.371784806,863,863,2
0.779401362,-0.587909520,1.461559176,0.907137096,-0.007051096,-0.420776218,865,865,2
2.295050859,-0.938625038,4.257647514,-0.717511296,-0.558391690,0.416384876,866,866,2
2.318890572,-0.873023868,4.367750168,0.893335104,0.368560344,0.257129699,867,867,2
2.345190048,-0.841618001,4.346045971,-0.959808648,0.054724604,-0.275268346,870,870,2
2.357396364,-0.795222998,4.385302067,-0.026572661,-0.281455398,0.959206343,871,871,2
2.384035826,-0.560550451,4.545450211,0.000000000,0.000000000,1.000000000,874,874,2
2.384861708,-0.556415677,4.545450211,0.000000000,0.000000000,1.000000000,876,876,2
2.385834694,-0.354060501,4.486309528,0.000000000,0.000000000,1.000000000,877,877,2
2.447944164,-0.240492836,4.614016056,-0.994054615,-0.088438265,-0.063515060,878,878,2
2.564688921,-0.044400427,4.866180420,0.000000000,-0.000000011,1.000000000,879,879,2
2.633139372,0.219591200,4.880495071,-0.780011773,0.112747222,-0.615523934,880,880,2
0.901912928,0.123415746,1.703744888,0.609709084,0.467222452,0.640279651,882,882,2
2.573798895,0.371098667,4.866179943,0.000000000,0.000000000,1.000000000,883,883,2
0.871973634,-0.198363543,1.643496037,-0.428362817,0.468036592,0.772947013,886,886,2
2.560884953,0.395887673,4.866180420,0.000000000,0.000000000,-1.000000000,888,888,2
0.876877189,0.359720498,1.649703860,-0.292680979,0.831079304,0.472911298,890,890,2
2.359701395,-0.836451948,4.383611202,0.934121072,-0.031484194,0.355565220,891,891,2
2.491443157,-0.310306579,4.618170261,-0.456654608,0.850672901,-0.260427237,895,895,2
2.574997663,0.273046672,4.760762215,0.464930922,0.499875426,-0.730728269,904,904,2
2.414402962,-0.428324461,4.511705875,-0.791592717,0.179285198,0.584155738,907,907,2
2.421828985,-0.367389828,4.495659351,0.723321855,-0.139799938,-0.676211178,908,908,2
2.493498564,-0.309754640,4.588121891,-0.900948644,0.315834433,0.297557086,910,910,2
2.387247086,-0.548376858,4.445502281,0.094152637,0.968127251,-0.232088104,912,912,2
2.465684652,-0.231057376,4.606170654,0.000000000,0.000000001,1.000000000,913,913,2
2.599623680,0.121657997,4.866180420,0.000000000,0.000000005,-1.000000000,914,914,2
2.625018835,0.305135638,4.824910641,-0.321710795,0.825269818,-0.464146495,915,915,2
2.604868650,0.411618948,4.866180420,0.000000000,0.000000003,-1.000000000,916,916,2
2.464659452,-0.444681793,4.557381630,-0.634909153,0.457605362,0.622485220,919,919,2
2.507045031,-0.258968234,4.668529987,0.000000000,0.000000000,1.000000000,921,921,2
2.625609159,0.480265707,4.866180420,0.000000000,-0.000000000,-1.000000000,924,924,2
2.600286007,0.552301943,4.841881275,0.804941833,0.099877290,-0.584887326,925,925,2
2.424192429,-0.385984480,4.486309528,0.000000000,0.000000001,-1.000000000,931,931,2
2.446644306,-0.159913525,4.531561375,0.892234266,-0.266155601,-0.364800423,932,932,2
2.599270821,0.107840247,4.808217525,-0.663239360,0.747813404,0.029810846,934,934,2
2.621435165,0.100552320,4.837186337,0.331786901,0.886522949,-0.322481990,935,935,2
2.612020254,0.144897997,4.866179943,0.000000000,0.000000000,1.000000000,936,936,2
2.705087662,1.019670963,4.994438171,0.487340540,0.589189529,-0.644480407,940,940,2
2.377681255,-0.689777374,4.372541428,0.000000000,0.000000006,1.000000000,941,941,2
2.623655081,0.154834688,4.812059879,-0.951872528,-0.002026349,0.306487679,944,944,2
2.636564016,0.192210883,4.836859226,0.919924080,-0.052155036,-0.388612330,945,945,2
2.644339085,0.580934584,4.858403206,0.804807842,-0.038304113,-0.592298269,947,947,2
2.621455908,0.561771095,4.852632999,-0.898822784,0.287474126,0.330871969,948,948,2
2.679560184,0.668743432,4.923137665,-0.947245061,0.029925879,0.319110066,949,949,2
2.639018297,0.792267084,4.897099495,-0.871011257,-0.037657436,0.489817709,950,950,2
2.381000757,-0.743130445,4.377655029,0.444222301,0.587643623,-0.676270366,953,953,2
2.398705244,-0.710360944,4.394106388,0.483471483,0.404006541,-0.776552737,954,954,2
2.403637648,-0.673960984,4.428699970,0.000000000,0.000000000,1.000000000,955,955,2
2.483923912,-0.640785098,4.581882477,-0.862447321,0.283967137,0.418983668,956,956,2
2.538042068,-0.290851384,4.668529987,0.000000000,0.000000000,1.000000000,957,957,2
2.539627790,-0.099800527,4.668529987,0.000000000,0.000000000,1.000000000,958,958,2
2.654680490,0.734367907,4.866179943,0.000000000,0.000000000,1.000000000,962,962,2
2.644558430,0.804907203,4.866180420,0.000000000,0.000000000,1.000000000,963,963,2
2.697906971,0.801163197,4.935829639,0.000000000,0.000000001,-1.000000000,964,964,2
2.412732124,-0.690458775,4.428699970,0.000000000,0.000000000,1.000000000,965,965,2
2.490269661,-0.323373914,4.553910255,-0.892829061,0.132706910,0.430401295,968,968,2
2.618811131,0.272615522,4.805251122,0.885944068,-0.249720350,-0.390823424,969,969,2
2.747535706,1.025743127,5.026016235,0.705731153,0.342951536,-0.619941771,975,975,2
2.597402573,-0.013966896,4.742333412,-0.871088922,0.041329462,0.489383399,979,979,2
2.365098000,-0.926527977,4.317790985,0.000000000,0.000000094,1.000000000,984,984,2
