0.402575582,0.459953278,0.136588007,-0.000512912,-0.000036010,0.999999881,0,15902,1,-1
0.450836778,0.418212712,0.066469871,-0.000831419,-0.022517217,0.999746144,1,15902,1,-1
0.486755043,0.412585467,0.074645601,-0.272035360,0.939475954,0.208282918,2,15267,2,-1
0.211282492,0.577826142,0.075387865,-0.005436907,-0.999812126,0.018605903,3,17063,1,-1
0.415759951,0.629440486,0.099734366,-0.005436907,-0.999812126,0.018605903,5,17063,1,-1
0.210794985,0.519624710,0.066012822,0.999899447,-0.014172066,0.000512306,6,15902,1,-1
0.188686967,0.484410346,0.107461564,-0.005436907,-0.999812126,0.018605903,7,17063,1,-1
0.519422114,0.386737972,0.073965900,-0.425277740,0.871565998,0.243950129,8,16399,2,-1
0.399212122,0.477844059,0.053090744,-0.000512912,-0.000036010,0.999999881,9,15902,1,-1
0.280214518,0.310017586,0.111180522,-0.014173629,-0.999894798,0.003092652,13,15902,1,-1
0.583661437,0.539722323,0.100024521,-0.005436907,-0.999812126,0.018605903,15,17063,1,-1
0.463544428,0.309387416,0.126085192,-0.005436907,-0.999812126,0.018605903,16,17063,1,-1
0.291309923,0.387696654,0.074605919,-0.421351731,-0.879434407,-0.221490115,19,15275,2,-1
0.489219278,0.449681252,0.138231233,0.002257762,0.731969774,0.681333303,21,15918,1,-1
0.495361835,0.314968288,0.055811986,-0.006407770,-0.993407607,-0.114456296,22,15277,2,-1
0.454221696,0.446392566,0.056510780,0.263562888,-0.926629066,0.268129110,24,14133,2,-1
0.497474253,0.307945102,0.099972151,0.687801957,-0.725871503,0.006244136,25,14233,1,-1
0.383079648,0.310326010,0.107999295,-0.005436907,-0.999812126,0.018605903,26,17063,1,-1
0.464100689,0.306937009,0.083799243,-0.005436907,-0.999812126,0.018605903,28,17063,1,-1
0.279332370,0.633644938,0.087893546,0.998521149,0.054310512,-0.002435028,29,15996,1,-1
0.374224097,0.419073284,0.074270882,0.298423290,-0.954418480,-0.005375523,30,17002,1,-1
0.423989743,0.317588568,0.054717302,-0.011299167,-0.977452815,-0.210851461,31,16829,2,-1
0.248966590,0.616668820,0.085822575,0.999899447,-0.014172066,0.000512306,33,15902,1,-1
0.241429791,0.465371490,0.074139006,-0.005436907,-0.999812126,0.018605903,37,17063,1,-1
0.352898598,0.399311811,0.066421531,-0.000831419,-0.022517217,0.999746144,39,15902,1,-1
0.590327978,0.432762891,0.106280588,-0.005436907,-0.999812126,0.018605903,44,17063,1,-1
0.197781101,0.499701798,0.084030360,0.999899447,-0.014172066,0.000512306,45,15902,1,-1
0.367139995,0.419645458,0.074271381,-0.005436907,-0.999812126,0.018605903,47,17063,1,-1
0.544941962,0.308730185,0.115137808,-0.005436907,-0.999812126,0.018605903,48,17063,1,-1
0.358534753,0.316691011,0.086511634,-0.005436907,-0.999812126,0.018605903,54,17063,1,-1
0.377163529,0.359870583,0.137731656,-0.003836629,-0.681323767,0.731972218,55,15918,1,-1
0.334257096,0.529204309,0.061500128,0.998521149,0.054310512,-0.002435028,56,15996,1,-1
0.489373475,0.356260300,0.074961476,0.298423290,-0.954418480,-0.005375523,58,17002,1,-1
0.264057130,0.359705627,0.137598455,-0.005436907,-0.999812126,0.018605903,68,17063,1,-1
0.348253608,0.314076811,0.103478223,0.999899447,-0.014172066,0.000512306,73,15902,1,-1
0.546824634,0.493044227,0.070107661,0.998521149,0.054310512,-0.002435028,74,15996,1,-1
0.569542468,0.602380872,0.073327810,-0.005436907,-0.999812126,0.018605903,75,17063,1,-1
0.437217444,0.449831724,0.073153794,-0.448049068,-0.178698748,-0.875967383,78,15728,2,-1
0.339948773,0.527762175,0.076340750,-0.000831419,-0.022517217,0.999746144,81,15902,1,-1
0.205469757,0.533990622,0.127589509,0.962532103,0.269040883,-0.033895869,82,14163,2,-1
0.341666371,0.635987997,0.076413095,-0.164320484,-0.986406982,-0.000321197,83,83,2,-1
0.540393710,0.388829231,0.074824333,0.298423290,-0.954418480,-0.005375523,85,17002,1,-1
0.571368337,0.530978203,0.060635075,-0.005436907,-0.999812126,0.018605903,86,17063,1,-1
0.415223628,0.359755784,0.074485056,-0.005436907,-0.999812126,0.018605903,87,17063,1,-1
0.377664417,0.438245565,0.138279811,-0.005436907,-0.999812126,0.018605903,92,17063,1,-1
0.432802379,0.438266486,0.138227835,0.002257762,0.731969774,0.681333303,94,15918,1,-1
0.271312833,0.479842097,0.074704506,0.998521149,0.054310512,-0.002435028,95,15996,1,-1
0.510756850,0.472138315,0.059290059,0.567023695,-0.791848600,0.226847738,96,14173,2,-1
0.458836615,0.521317959,0.076213740,-0.000831419,-0.022517217,0.999746144,97,15902,1,-1
0.480496347,0.423710793,0.138851061,0.006325811,0.995588779,0.093610935,98,16842,2,-1
0.532070100,0.353839248,0.074995600,0.298423290,-0.954418480,-0.005375523,100,17002,1,-1
0.459544271,0.411905318,0.074887715,-0.014173629,-0.999894798,0.003092652,102,15902,1,-1
0.471996695,0.314981133,0.066387109,0.008609095,0.999923766,-0.008858925,105,14179,2,-1
0.444757938,0.381693900,0.074979939,0.298423290,-0.954418480,-0.005375523,109,17002,1,-1
0.499172091,0.313129187,0.108153261,-0.005436907,-0.999812126,0.018605903,111,17063,1,-1
0.427404910,0.523151577,0.064817786,0.999899447,-0.014172066,0.000512306,117,15902,1,-1
0.388965219,0.628666759,0.064184688,-0.003836629,-0.681323767,0.731972218,123,15918,1,-1
0.450414628,0.445505470,0.074702211,0.394516081,-0.894995928,-0.208181068,130,14188,2,-1
0.496145368,0.473206192,0.073570848,-0.005436907,-0.999812126,0.018605903,131,17063,1,-1
0.376774549,0.371944577,0.138792127,0.002257762,0.731969774,0.681333303,133,15918,1,-1
0.451256663,0.421072364,0.068473727,0.998521149,0.054310512,-0.002435028,137,15996,1,-1
0.285873890,0.442050099,0.066558219,-0.000831419,-0.022517217,0.999746144,139,15902,1,-1
0.577268183,0.505843639,0.073062554,-0.005436907,-0.999812126,0.018605903,141,17063,1,-1
0.234080628,0.620431960,0.096902914,0.002257762,0.731969774,0.681333303,144,15918,1,-1
0.333048403,0.454750508,0.074954174,-0.498471498,-0.825710952,-0.264059931,145,15323,2,-1
0.422318697,0.359809309,0.074193753,0.298423290,-0.954418480,-0.005375523,150,17002,1,-1
0.598704934,0.342213809,0.092685238,-0.434067756,0.355545372,-0.827751637,152,16432,2,-1
0.294394583,0.430445880,0.072322793,-0.905763924,-0.150343195,-0.396217972,154,14198,2,-1
0.450678289,0.453519881,0.066552781,-0.000831419,-0.022517217,0.999746144,156,15902,1,-1
0.590065300,0.347493738,0.083805487,0.999899447,-0.014172066,0.000512306,159,15902,1,-1
0.442343056,0.444137245,0.074696876,-0.005436907,-0.999812126,0.018605903,160,17063,1,-1
0.432714283,0.524663091,0.137493223,0.002257762,0.731969774,0.681333303,162,15918,1,-1
0.579824150,0.392328322,0.118553914,-0.005436907,-0.999812126,0.018605903,163,17063,1,-1
0.504052818,0.316763788,0.057041936,-0.022173675,-0.998218298,-0.055394575,165,15329,2,-1
0.589890480,0.436962903,0.094002843,0.687801957,-0.725871503,0.006244136,166,14233,1,-1
0.541919172,0.314550042,0.065922126,-0.005436907,-0.999812126,0.018605903,167,17063,1,-1
0.202761695,0.613905013,0.081896588,-0.822271347,0.567583621,-0.041457772,168,15331,1,-1
0.433487356,0.449380457,0.138523504,0.002257762,0.731969774,0.681333303,175,15918,1,-1
0.365471095,0.390160143,0.074837640,0.204957843,-0.957630575,-0.202326357,187,14209,2,-1
0.563318729,0.392416805,0.083427720,0.999899447,-0.014172066,0.000512306,189,15902,1,-1
0.430996180,0.307715684,0.093755774,-0.005436907,-0.999812126,0.018605903,190,17063,1,-1
0.579450607,0.312537163,0.105381019,0.999899447,-0.014172066,0.000512306,193,15902,1,-1
0.324508250,0.421803504,0.074798122,-0.165561080,-0.964136779,-0.207436591,196,16444,2,-1
0.248895541,0.467379004,0.066537082,-0.000512912,-0.000036010,0.999999881,197,15902,1,-1
0.516711473,0.441856414,0.076035649,0.284764528,-0.923040748,-0.258660108,198,16445,2,-1
0.371665448,0.530189097,0.063962117,-0.005436907,-0.999812126,0.018605903,199,17063,1,-1
0.540204406,0.450619459,0.066679344,-0.109968767,-0.046869546,0.992829382,201,201,2,-1
0.371449322,0.399794847,0.071501769,0.999899447,-0.014172066,0.000512306,203,15902,1,-1
0.349647433,0.462524444,0.067781582,-0.822271347,0.567583621,-0.041457772,204,15331,1,-1
0.524482429,0.472568542,0.060627803,-0.139305294,-0.946865559,0.289896011,206,16450,2,-1
0.575801075,0.586921871,0.073030539,-0.014173629,-0.999894798,0.003092652,208,15902,1,-1
0.393785775,0.397995174,0.072207093,-0.968573034,0.031154990,0.246770531,211,16453,2,-1
0.407967567,0.555411518,0.066241995,0.998521149,0.054310512,-0.002435028,212,15996,1,-1
0.343431026,0.317328870,0.055812355,-0.018938707,-0.971802652,-0.235034093,213,15343,2,-1
0.262930900,0.466491014,0.068659469,-0.273555577,-0.846790552,-0.456194162,217,217,2,-1
0.315873384,0.328783959,0.066872574,-0.059857741,-0.035830390,-0.997563720,220,16455,2,-1
0.543766797,0.306347042,0.083800763,-0.005436907,-0.999812126,0.018605903,221,17063,1,-1
0.349430710,0.356643975,0.135396406,0.002257762,0.731969774,0.681333303,222,15918,1,-1
0.497042477,0.298595577,0.096349075,-0.005436907,-0.999812126,0.018605903,223,17063,1,-1
0.438078940,0.381642878,0.073819280,-0.005436907,-0.999812126,0.018605903,227,17063,1,-1
0.320494890,0.434742182,0.138474748,-0.003836629,-0.681323767,0.731972218,228,15918,1,-1
0.432781667,0.387211055,0.072374269,-0.957851887,-0.115584172,-0.262983203,229,16460,2,-1
0.569669545,0.400927633,0.070245497,-0.005436907,-0.999812126,0.018605903,230,17063,1,-1
0.470492035,0.426424056,0.068190716,-0.005436907,-0.999812126,0.018605903,234,17063,1,-1
0.577927411,0.307731479,0.091578625,0.687801957,-0.725871503,0.006244136,237,14233,1,-1
0.233575046,0.424989074,0.075552091,0.445966959,0.861110687,0.244134918,239,14232,2,-1
0.589170873,0.318642288,0.110820875,0.687801957,-0.725871503,0.006244136,240,14233,1,-1
0.314182580,0.431796253,0.070157632,-0.822271347,0.567583621,-0.041457772,241,15331,1,-1
0.325031459,0.466195077,0.066455819,-0.000512912,-0.000036010,0.999999881,242,15902,1,-1
0.422644287,0.327425659,0.073392175,0.926789165,0.011409236,-0.375408798,244,244,2,-1
0.492220938,0.383486629,0.074662067,0.298423290,-0.954418480,-0.005375523,246,17002,1,-1
0.475568920,0.480570197,0.066462182,-0.000512912,-0.000036010,0.999999881,247,15902,1,-1
0.197370693,0.581635892,0.079813793,-0.000458210,-0.993391693,0.114772476,253,253,2,-1
0.209927484,0.326141536,0.074400075,0.754953146,0.624616444,0.199750155,254,15353,2,-1
0.187946111,0.336291820,0.073972002,0.575349629,0.791641951,0.205610901,255,15354,2,-1
0.255364418,0.490593225,0.073393777,-0.005436907,-0.999812126,0.018605903,256,17063,1,-1
0.448710173,0.336681187,0.061424349,-0.656640410,0.683677435,0.318447083,257,16470,2,-1
0.553060114,0.362342060,0.137152761,0.995004535,0.019460524,0.097914398,259,15356,2,-1
0.585368752,0.466699451,0.101874962,-0.005436907,-0.999812126,0.018605903,261,17063,1,-1
0.338702202,0.529621243,0.062184922,0.998521149,0.054310512,-0.002435028,262,15996,1,-1
0.257412523,0.435411423,0.138158411,-0.994160116,-0.080212571,0.072191976,266,14248,2,-1
0.441011935,0.324684471,0.074480928,-0.005758297,-0.999967575,-0.005633302,268,17063,1,-1
0.465795398,0.441981852,0.070941180,-0.005436907,-0.999812126,0.018605903,269,17063,1,-1
0.510424972,0.450891763,0.066595577,-0.000512912,-0.000036010,0.999999881,272,15902,1,-1
0.372872829,0.327680677,0.066601820,-0.000831419,-0.022517217,0.999746144,276,15902,1,-1
0.368292004,0.452131361,0.066447958,-0.000831419,-0.022517217,0.999746144,277,15902,1,-1
0.524087131,0.413905889,0.075278647,-0.172060251,-0.935100615,-0.309810013,283,15362,2,-1
0.531096935,0.414242834,0.074949451,-0.283349276,0.929289818,0.236925334,289,14256,2,-1
0.464590698,0.523312032,0.062112279,0.998521149,0.054310512,-0.002435028,290,15996,1,-1
0.549198270,0.306755126,0.072012939,0.010287410,-0.619776189,-0.784711242,294,16478,2,-1
0.507396162,0.441524446,0.070646010,-0.098983541,-0.983422458,0.151929408,298,298,2,-1
0.374404520,0.441887200,0.074431099,-0.429047376,-0.872907043,-0.232275128,301,14261,2,-1
0.382474154,0.390466660,0.074435055,-0.005758297,-0.999967575,-0.005633302,305,17063,1,-1
0.567084968,0.314482003,0.055511605,-0.025252342,-0.989927530,-0.139305174,306,306,2,-1
0.395874202,0.364908606,0.066496707,-0.000512912,-0.000036010,0.999999881,310,15902,1,-1
0.565346777,0.448192775,0.075014070,0.687801957,-0.725871503,0.006244136,314,14233,1,-1
0.199617788,0.574320376,0.078165770,-0.432228625,0.002821184,-0.901759684,315,315,2,-1
0.384921610,0.399695545,0.066493191,-0.000512912,-0.000036010,0.999999881,316,15902,1,-1
0.354050219,0.357797712,0.074550822,0.298423290,-0.954418480,-0.005375523,317,17002,1,-1
0.374709636,0.358661056,0.074036643,-0.014173629,-0.999894798,0.003092652,318,15902,1,-1
0.474344403,0.394610077,0.067889094,0.991788864,-0.016348740,-0.126837000,319,319,2,-1
0.365788937,0.372501045,0.057939038,0.882214069,-0.433171958,-0.184554845,320,14268,2,-1
0.525565326,0.483433813,0.058968157,0.083792046,-0.898178160,-0.431572676,321,14269,2,-1
0.376517802,0.319232017,0.074621193,0.298423290,-0.954418480,-0.005375523,323,17002,1,-1
0.514890432,0.385408014,0.075073458,0.074394763,-0.966931999,-0.243942782,326,14272,2,-1
0.565771103,0.460523605,0.069951430,0.998521149,0.054310512,-0.002435028,329,15996,1,-1
0.419104993,0.368836015,0.066505931,-0.000512912,-0.000036010,0.999999881,334,15902,1,-1
0.497241378,0.418693930,0.069595933,-0.686793387,0.497603118,0.529816985,335,14275,2,-1
0.199945822,0.590759039,0.082857005,0.687801957,-0.725871503,0.006244136,336,14233,1,-1
0.241091684,0.470720112,0.071700431,-0.853332818,0.408447683,-0.324027240,337,16486,2,-1
0.280121505,0.328405559,0.073228277,0.426575661,-0.553703487,-0.715154350,340,340,2,-1
0.491792381,0.424091816,0.069383167,0.999899447,-0.014172066,0.000512306,342,15902,1,-1
0.354714721,0.446923763,0.074470602,-0.005436907,-0.999812126,0.018605903,344,17063,1,-1
0.261090189,0.440188169,0.075143866,-0.005436907,-0.999812126,0.018605903,347,17063,1,-1
0.491379768,0.388261497,0.066472024,-0.029689357,-0.020318691,0.999352694,350,16490,2,-1
0.256055564,0.488521427,0.075203374,-0.629611075,-0.738465607,-0.241368040,353,353,2,-1
0.460118562,0.524559736,0.054235447,0.999899447,-0.014172066,0.000512306,356,15902,1,-1
0.189832076,0.309245199,0.087538093,-0.005436907,-0.999812126,0.018605903,357,17063,1,-1
0.533404469,0.366139829,0.066879496,-0.108849540,0.014458638,0.993953109,360,360,2,-1
0.432624489,0.434810191,0.138213769,-0.003836629,-0.681323767,0.731972218,361,15918,1,-1
0.568431377,0.337408960,0.074276790,0.687801957,-0.725871503,0.006244136,366,14233,1,-1
0.487297177,0.450400561,0.066541687,-0.000831419,-0.022517217,0.999746144,371,15902,1,-1
0.319244862,0.371065170,0.139663354,0.003692553,0.042654876,0.999083102,372,14286,2,-1
0.367763519,0.359496951,0.075007938,0.365457356,0.895696819,0.253314286,373,14287,2,-1
0.418763667,0.312169313,0.110302642,-0.005436907,-0.999812126,0.018605903,375,17063,1,-1
0.583216906,0.316521078,0.102875605,-0.005758297,-0.999967575,-0.005633302,376,17063,1,-1
0.453286856,0.360323787,0.073528655,0.172764510,0.048067171,0.983789623,381,16497,2,-1
0.512229562,0.357711047,0.074398354,0.298423290,-0.954418480,-0.005375523,386,17002,1,-1
0.301446468,0.356311500,0.074775755,-0.014173629,-0.999894798,0.003092652,388,15902,1,-1
0.565035820,0.522694170,0.066989928,-0.000831419,-0.022517217,0.999746144,389,15902,1,-1
0.392085582,0.628548324,0.059166789,0.002257762,0.731969774,0.681333303,390,15918,1,-1
0.489253998,0.474831134,0.060259890,0.532257676,-0.810782433,0.243584916,392,15385,2,-1
0.297619283,0.426045805,0.074767478,-0.005436907,-0.999812126,0.018605903,398,17063,1,-1
0.422300160,0.553938866,0.074723154,-0.822271347,0.567583621,-0.041457772,402,15331,1,-1
0.458737820,0.450116158,0.064658664,-0.527662814,0.641663730,0.556632459,403,16504,2,-1
0.362730950,0.445177734,0.074943461,0.011681357,-0.970953584,-0.238982826,405,16505,2,-1
0.589569628,0.403774291,0.088966712,-0.005436907,-0.999812126,0.018605903,408,17063,1,-1
0.328788608,0.428594172,0.066446170,-0.000512912,-0.000036010,0.999999881,411,15902,1,-1
0.437019855,0.333103925,0.066622518,-0.000831419,-0.022517217,0.999746144,412,15902,1,-1
0.571137190,0.433314443,0.133271039,0.938192248,0.018472131,0.345621288,414,16873,2,-1
0.228302449,0.400507033,0.066482410,0.046712361,0.081832469,0.995550811,416,15389,2,-1
0.554474175,0.414464772,0.074957989,0.282938004,-0.919461846,-0.273012877,417,16509,2,-1
0.357002318,0.307445109,0.072142676,-0.010005666,0.664110839,0.747567177,419,15390,2,-1
0.445964962,0.357181877,0.074670933,-0.307180136,0.920373917,0.241975695,421,16510,2,-1
0.390523106,0.322444618,0.075028487,-0.123538680,-0.963973880,-0.235568494,423,15391,2,-1
0.330629885,0.458289772,0.072393730,-0.903087854,-0.285356820,-0.320942104,427,14315,2,-1
0.376471877,0.434758723,0.138303757,-0.003836629,-0.681323767,0.731972218,428,15918,1,-1
0.467656553,0.476733744,0.071477294,-0.682662666,-0.544271052,-0.487586647,431,16511,2,-1
0.453578770,0.456782639,0.069952019,-0.005436907,-0.999812126,0.018605903,433,17063,1,-1
0.451718450,0.481220007,0.066478476,-0.000831419,-0.022517217,0.999746144,434,15902,1,-1
0.318520665,0.400916249,0.066609830,-0.000512912,-0.000036010,0.999999881,435,15902,1,-1
0.394757539,0.405567050,0.070847735,0.852161288,-0.422965139,-0.308093607,436,15395,2,-1
0.488921165,0.434096187,0.138100252,-0.003836629,-0.681323767,0.731972218,442,15918,1,-1
0.458654940,0.309671879,0.071497925,-0.000512912,-0.000036010,0.999999881,443,15902,1,-1
0.321287543,0.459278941,0.074925140,-0.013245245,-0.976335108,-0.215857238,448,15401,2,-1
0.423356950,0.489447683,0.123888187,-0.000831419,-0.022517217,0.999746144,449,15902,1,-1
0.243378669,0.317371607,0.075170636,-0.280261576,-0.925168276,-0.255963326,452,14330,2,-1
0.339880317,0.321260780,0.074600466,-0.005758297,-0.999967575,-0.005633302,458,17063,1,-1
0.581638157,0.337718159,0.063239746,0.999899447,-0.014172066,0.000512306,459,15902,1,-1
0.232097775,0.608194053,0.076019198,-0.005758297,-0.999967575,-0.005633302,461,17063,1,-1
0.445018589,0.478888601,0.073474854,0.039359819,0.027287032,0.998852491,463,16519,2,-1
0.213621050,0.536353350,0.073108293,-0.005436907,-0.999812126,0.018605903,467,17063,1,-1
0.418335736,0.319354802,0.074499898,-0.317780107,0.926025748,0.203696370,473,15407,2,-1
0.479608417,0.447574288,0.069329128,0.415106237,0.683315873,0.600638270,476,476,2,-1
0.341149360,0.387262762,0.074514493,-0.005758297,-0.999967575,-0.005633302,477,17063,1,-1
0.268018723,0.314237326,0.105667204,0.999899447,-0.014172066,0.000512306,482,15902,1,-1
0.348941982,0.360086113,0.135496050,-0.003836629,-0.681323767,0.731972218,485,15918,1,-1
0.445914984,0.483126074,0.062390983,0.998521149,0.054310512,-0.002435028,488,15996,1,-1
0.211397022,0.548356473,0.075496525,0.849793077,-0.023312755,-0.526600718,490,14345,2,-1
0.559164643,0.426357329,0.068159491,0.998521149,0.054310512,-0.002435028,494,15996,1,-1
0.377149165,0.449696511,0.138195664,0.002257762,0.731969774,0.681333303,495,15918,1,-1
0.517926693,0.419125199,0.072648041,-0.919422328,-0.044579495,-0.390736908,496,16524,2,-1
0.450859994,0.417157114,0.069613077,-0.941335976,0.254833609,-0.221238405,501,16879,2,-1
0.189633444,0.566684544,0.085264385,-0.789000809,0.011292645,-0.614288449,502,14354,2,-1
0.581172109,0.584962130,0.070295401,0.999899447,-0.014172066,0.000512306,507,15902,1,-1
0.360593319,0.428949177,0.066377878,-0.000512912,-0.000036010,0.999999881,511,15902,1,-1
0.287190706,0.359908402,0.073319316,0.629095018,-0.007657901,-0.777290761,513,14359,2,-1
0.469529063,0.418484002,0.069974199,0.902545452,-0.315355718,-0.293193638,516,16529,2,-1
0.545797884,0.359728456,0.137510821,-0.003836629,-0.681323767,0.731972218,522,15918,1,-1
0.434341401,0.383150578,0.060497828,0.999899447,-0.014172066,0.000512306,530,15902,1,-1
0.415077478,0.554366589,0.081246145,-0.000831419,-0.022517217,0.999746144,532,15902,1,-1
0.376953989,0.524585783,0.137527302,0.002257762,0.731969774,0.681333303,533,15918,1,-1
0.296109527,0.310180664,0.072412260,0.016920850,-0.454029113,-0.890826225,537,15427,2,-1
0.491073668,0.473593742,0.074809335,-0.005436907,-0.999812126,0.018605903,539,17063,1,-1
0.245879114,0.460285902,0.074863568,-0.005436907,-0.999812126,0.018605903,544,17063,1,-1
0.450096339,0.420275688,0.062641643,-0.217752904,0.628028095,-0.747104049,547,14373,2,-1
0.395790875,0.355917394,0.074388631,-0.005436907,-0.999812126,0.018605903,555,17063,1,-1
0.497383833,0.448233992,0.137918100,-0.963985622,-0.029333010,-0.264331937,558,16534,2,-1
0.484171867,0.419846237,0.066539600,-0.000831419,-0.022517217,0.999746144,559,15902,1,-1
0.364191473,0.433325887,0.056473117,-0.421971500,0.824213922,0.377639413,566,566,2,-1
0.279097557,0.358603150,0.074907720,-0.005436907,-0.999812126,0.018605903,567,17063,1,-1
0.504276693,0.417594552,0.066332102,-0.000512912,-0.000036010,0.999999881,571,15902,1,-1
0.341567665,0.452450454,0.075133421,-0.014173629,-0.999894798,0.003092652,573,15902,1,-1
0.293286324,0.470055372,0.074649900,-0.005436907,-0.999812126,0.018605903,579,17063,1,-1
0.368466347,0.362295985,0.137460709,-0.956246436,0.070900977,0.283841431,580,15435,2,-1
0.497522801,0.523315012,0.062769040,0.998521149,0.054310512,-0.002435028,594,15996,1,-1
0.504028261,0.316771895,0.102561653,-0.014173629,-0.999894798,0.003092652,604,15902,1,-1
0.296049982,0.368962854,0.058438815,0.308497131,0.870075345,0.384445697,606,606,2,-1
0.560966909,0.345962167,0.066553324,0.026402092,0.026478263,0.999300718,607,16882,2,-1
0.342927009,0.608898222,0.109407850,-0.954312623,0.298487037,-0.013893297,610,14395,2,-1
0.302656263,0.629383981,0.135237128,0.084669091,0.819029868,-0.567469239,614,16542,2,-1
0.401404589,0.331282586,0.071791559,-0.971634388,0.132711515,0.195740566,622,16883,2,-1
0.482605457,0.442480206,0.075868614,-0.005758297,-0.999967575,-0.005633302,623,17063,1,-1
0.361587912,0.366725624,0.073166735,0.195184290,-0.130481228,-0.972048223,625,16544,2,-1
0.354825169,0.359714687,0.135931417,-0.906712055,0.244351760,0.343752176,633,14400,2,-1
0.531285763,0.441342950,0.077025965,-0.201970994,-0.950227857,-0.237223059,645,645,2,-1
0.509923816,0.483924121,0.057942785,-0.967321038,0.243098006,0.072065078,652,14406,2,-1
0.379428416,0.423961669,0.067595914,-0.822271347,0.567583621,-0.041457772,653,15331,1,-1
0.387172401,0.362746924,0.073585838,-0.535505056,-0.042175975,-0.843478203,655,15450,2,-1
0.273123741,0.361969143,0.074152656,-0.005436907,-0.999812126,0.018605903,658,17063,1,-1
0.411617100,0.318830043,0.074333362,-0.005436907,-0.999812126,0.018605903,662,17063,1,-1
0.298770458,0.369956166,0.066713370,-0.063334793,-0.281521857,-0.957462370,667,667,2,-1
0.225464880,0.615747213,0.088055000,0.998521149,0.054310512,-0.002435028,671,15996,1,-1
0.458010375,0.383431464,0.072871417,0.002257762,0.731969774,0.681333303,672,15918,1,-1
0.455941319,0.328859895,0.073396429,0.681183577,-0.043825768,0.730799794,673,14414,2,-1
0.578108430,0.298890144,0.077853970,-0.005436907,-0.999812126,0.018605903,676,17063,1,-1
0.441657394,0.435841322,0.138106212,0.967849612,-0.106944673,0.227662057,677,16552,2,-1
0.265849322,0.323814660,0.075077407,-0.005436907,-0.999812126,0.018605903,678,17063,1,-1
0.270445049,0.404897302,0.071940936,-0.926240921,0.272895485,-0.260011107,682,15800,2,-1
0.415196568,0.555247605,0.056105573,-0.000831419,-0.022517217,0.999746144,684,15902,1,-1
0.438755304,0.357079744,0.074211456,-0.014173629,-0.999894798,0.003092652,686,15902,1,-1
0.239696026,0.395499647,0.073694281,0.157472119,0.099572025,0.982490778,690,690,2,-1
0.520283878,0.453645259,0.070128120,0.999899447,-0.014172066,0.000512306,691,15902,1,-1
0.205556169,0.565620720,0.076953374,-0.222101837,0.100327417,-0.969848037,696,16556,2,-1
0.597210705,0.318322599,0.111950129,-0.005436907,-0.999812126,0.018605903,697,17063,1,-1
0.380263716,0.333092749,0.057946295,-0.992617249,-0.116320841,0.034359440,702,702,2,-1
0.334326982,0.390836120,0.071432732,0.865196228,0.398616582,0.304204494,703,15462,2,-1
0.588283241,0.448585451,0.115508072,-0.005436907,-0.999812126,0.018605903,705,17063,1,-1
0.512849510,0.391981721,0.066530451,-0.000512912,-0.000036010,0.999999881,706,15902,1,-1
0.568666995,0.480933160,0.066416122,-0.000831419,-0.022517217,0.999746144,707,15902,1,-1
0.502125680,0.447810143,0.073467255,0.249398664,0.014927486,0.968285918,708,16560,2,-1
0.214920685,0.321927011,0.074816093,-0.005758297,-0.999967575,-0.005633302,709,17063,1,-1
0.296953470,0.359017909,0.072813079,0.816342711,0.477310866,0.325206012,713,15464,2,-1
0.360754877,0.426809102,0.073078997,0.156885967,-0.178801879,-0.971296430,714,16888,2,-1
0.336522728,0.430012941,0.070532471,0.998521149,0.054310512,-0.002435028,718,15996,1,-1
0.298000991,0.386221021,0.075092532,-0.005436907,-0.999812126,0.018605903,725,17063,1,-1
0.203896552,0.362388700,0.074362077,-0.005436907,-0.999812126,0.018605903,726,17063,1,-1
0.588860035,0.455423027,0.117830612,0.844015718,0.099068739,0.527089119,727,16890,2,-1
0.273710370,0.397256792,0.074719466,-0.005436907,-0.999812126,0.018605903,728,17063,1,-1
0.422567695,0.489270091,0.132552698,0.015042190,0.999779701,0.014641304,733,14443,2,-1
0.563385844,0.508408546,0.066251494,-0.955286384,0.032823570,0.293854594,734,16567,2,-1
0.188817531,0.397940218,0.133104339,0.749380648,0.650213659,0.125103399,736,736,2,-1
0.436008453,0.406805784,0.059570339,-0.005436907,-0.999812126,0.018605903,741,17063,1,-1
0.385752976,0.448675513,0.070153095,-0.000831419,-0.022517217,0.999746144,744,15902,1,-1
0.367704093,0.451223165,0.067507327,-0.003836629,-0.681323767,0.731972218,763,15918,1,-1
0.223291442,0.308071822,0.083415359,-0.000512912,-0.000036010,0.999999881,766,15902,1,-1
0.505410790,0.356068760,0.074996963,-0.014173629,-0.999894798,0.003092652,767,15902,1,-1
0.381214589,0.440316558,0.075110808,-0.005436907,-0.999812126,0.018605903,770,17063,1,-1
0.498948693,0.315336287,0.067280240,-0.873772442,0.484238893,-0.045104515,774,14457,2,-1
0.269452423,0.490429372,0.070223823,-0.003836629,-0.681323767,0.731972218,780,15918,1,-1
0.460346103,0.523438454,0.063630342,0.998521149,0.054310512,-0.002435028,783,15996,1,-1
0.599080741,0.366063893,0.087574884,-0.930790007,-0.304938257,0.201600239,794,794,2,-1
0.571752191,0.472766638,0.060154364,0.150804460,-0.966702223,0.206748128,797,14463,2,-1
0.490571558,0.370704830,0.066235304,-0.100602590,-0.736963153,0.668404520,800,800,2,-1
0.432875603,0.363024801,0.072629973,-0.929993093,0.098308340,-0.354186833,812,16575,2,-1
0.499292731,0.315789789,0.057156067,-0.844399214,0.528120399,0.089882709,820,14468,2,-1
0.317792177,0.388685167,0.074638732,-0.005436907,-0.999812126,0.018605903,821,17063,1,-1
0.313613832,0.317197889,0.075105049,-0.005758297,-0.999967575,-0.005633302,822,17063,1,-1
0.389834404,0.391195238,0.074138351,0.298423290,-0.954418480,-0.005375523,826,17002,1,-1
0.440477610,0.390104473,0.066495359,-0.000512912,-0.000036010,0.999999881,830,15902,1,-1
0.371710837,0.445872962,0.071735702,-0.814883053,-0.350906879,-0.461335033,834,16579,2,-1
0.377416492,0.510699332,0.138307884,-0.003836629,-0.681323767,0.731972218,836,15918,1,-1
0.429036200,0.531617165,0.082360052,-0.005758297,-0.999967575,-0.005633302,845,17063,1,-1
0.448628932,0.395889044,0.056191728,-0.251260102,-0.630989373,-0.733976066,846,846,2,-1
0.369730413,0.318732649,0.074077994,-0.005436907,-0.999812126,0.018605903,851,17063,1,-1
0.211242348,0.523954630,0.075315192,0.825930178,0.003492389,-0.563761711,852,15485,2,-1
0.232678950,0.619198024,0.083812483,-0.484401107,0.477891266,0.732786119,854,854,2,-1
0.534833670,0.420551747,0.071850173,-0.005436907,-0.999812126,0.018605903,856,17063,1,-1
0.325962931,0.360995620,0.074376233,-0.005436907,-0.999812126,0.018605903,857,17063,1,-1
0.571924746,0.530334175,0.126308873,-0.005436907,-0.999812126,0.018605903,864,17063,1,-1
0.465105504,0.322326303,0.074822612,-0.005436907,-0.999812126,0.018605903,865,17063,1,-1
0.313532203,0.541623652,0.066585101,-0.000831419,-0.022517217,0.999746144,866,15902,1,-1
0.466160864,0.364493251,0.066572063,-0.000512912,-0.000036010,0.999999881,867,15902,1,-1
0.409688830,0.328760833,0.066648915,-0.000512912,-0.000036010,0.999999881,870,15902,1,-1
0.326954782,0.329517096,0.058519062,0.806814611,-0.555552840,-0.201025531,874,14492,2,-1
0.358855307,0.427563041,0.068678871,-0.822271347,0.567583621,-0.041457772,882,15331,1,-1
0.432703614,0.359875113,0.137630194,-0.003836629,-0.681323767,0.731972218,886,15918,1,-1
0.479756057,0.325707406,0.073254205,0.234270200,-0.082841724,0.968635499,887,16587,2,-1
0.246172473,0.329310089,0.066655450,-0.038119212,-0.032264773,-0.998752177,888,16588,2,-1
0.311831325,0.462420642,0.074494332,-0.005436907,-0.999812126,0.018605903,890,17063,1,-1
0.503241062,0.486947119,0.058683775,0.470756859,-0.776123703,-0.419547379,895,895,2,-1
0.466378957,0.412868738,0.074279368,0.298423290,-0.954418480,-0.005375523,906,17002,1,-1
0.309044987,0.467835009,0.072360352,0.226419598,-0.795671523,0.561819375,913,14505,2,-1
0.498863220,0.367150903,0.059647463,0.067457102,0.941683173,0.329670072,920,920,2,-1
0.457160830,0.448478162,0.068708301,0.479965299,-0.663532495,0.573897123,921,14507,2,-1
0.288915366,0.475963384,0.073371060,0.086703800,-0.044338979,0.995247006,923,16896,2,-1
0.434102356,0.372268379,0.138671815,-0.000512912,-0.000036010,0.999999881,926,15902,1,-1
0.497321099,0.435753316,0.138187498,0.998979628,-0.020396279,0.040296551,927,15821,2,-1
0.342215002,0.329631537,0.066701792,-0.000831419,-0.022517217,0.999746144,932,15902,1,-1
0.568416476,0.535362124,0.126988783,0.865802169,-0.499353439,0.032135654,937,15505,2,-1
0.369176269,0.449435800,0.073353261,-0.000512912,-0.000036010,0.999999881,938,15902,1,-1
0.574971616,0.524064481,0.073953032,0.998521149,0.054310512,-0.002435028,939,15996,1,-1
0.346946657,0.357806087,0.074107222,-0.005436907,-0.999812126,0.018605903,942,17063,1,-1
0.441868395,0.522592545,0.137034088,0.896746397,-0.034474973,0.441200018,946,16594,2,-1
0.200584203,0.569621921,0.082306832,0.999899447,-0.014172066,0.000512306,947,15902,1,-1
0.385599673,0.436037242,0.137386486,0.757332146,-0.035172224,0.652082086,949,15823,2,-1
0.312926739,0.373566091,0.137617931,0.997266829,-0.033818524,-0.065690838,953,15510,2,-1
0.563352525,0.369810611,0.066462293,0.070081249,0.054238033,-0.996065676,954,14523,2,-1
0.388428152,0.359525710,0.071732923,0.998521149,0.054310512,-0.002435028,959,15996,1,-1
0.445878267,0.406831324,0.073890969,0.298423290,-0.954418480,-0.005375523,961,17002,1,-1
0.450257868,0.473319530,0.074302286,-0.005436907,-0.999812126,0.018605903,965,17063,1,-1
0.449827373,0.420065612,0.057263065,0.627000213,0.708981276,0.322825581,967,967,2,-1
0.549710035,0.423397690,0.066450350,-0.000831419,-0.022517217,0.999746144,969,15902,1,-1
0.542649031,0.327168524,0.075671084,0.298423290,-0.954418480,-0.005375523,970,17002,1,-1
0.257743269,0.446411967,0.072743997,0.901284039,-0.315101057,0.297318846,976,16600,2,-1
0.246545747,0.415968478,0.074442811,-0.005436907,-0.999812126,0.018605903,979,17063,1,-1
0.278797418,0.404618472,0.066583648,-0.000512912,-0.000036010,0.999999881,981,15902,1,-1
0.482295215,0.355860025,0.075267844,-0.014173629,-0.999894798,0.003092652,985,15902,1,-1
0.547813356,0.435487568,0.139417380,-0.014173629,-0.999894798,0.003092652,997,15902,1,-1
0.257365197,0.448280305,0.137952790,-0.998253286,0.054275673,0.023335144,998,15518,2,-1
0.564581633,0.364952296,0.074779280,0.687801957,-0.725871503,0.006244136,1002,14233,1,-1
0.439326316,0.511557162,0.138488472,-0.003836629,-0.681323767,0.731972218,1003,15918,1,-1
0.469203711,0.475102991,0.060660437,0.998521149,0.054310512,-0.002435028,1008,15996,1,-1
0.212796256,0.543469310,0.059465181,0.517435968,-0.855067313,0.033465430,1014,1014,2,-1
0.427264631,0.368865371,0.067061625,0.999899447,-0.014172066,0.000512306,1029,15902,1,-1
0.471853405,0.473468840,0.074463323,-0.005436907,-0.999812126,0.018605903,1030,17063,1,-1
0.415325463,0.554288149,0.070300296,-0.000831419,-0.022517217,0.999746144,1035,15902,1,-1
0.228275284,0.430304408,0.074785940,-0.005436907,-0.999812126,0.018605903,1039,17063,1,-1
0.518715262,0.308460236,0.071550205,-0.000512912,-0.000036010,0.999999881,1040,15902,1,-1
0.528337657,0.391328067,0.070510074,0.485235035,0.680352688,0.549242496,1046,1046,2,-1
0.497501493,0.361538023,0.073658861,-0.004402468,0.076517820,0.997058511,1048,16609,2,-1
0.581811666,0.364489347,0.057260565,0.999899447,-0.014172066,0.000512306,1057,15902,1,-1
0.358603895,0.390423596,0.074227877,-0.005436907,-0.999812126,0.018605903,1060,17063,1,-1
0.527082801,0.482526451,0.072376668,-0.005436907,-0.999812126,0.018605903,1064,17063,1,-1
0.495730191,0.453952581,0.070724666,0.999899447,-0.014172066,0.000512306,1070,15902,1,-1
0.543966711,0.396904409,0.071923554,0.999899447,-0.014172066,0.000512306,1074,15902,1,-1
0.527553141,0.423548430,0.066615596,-0.000512912,-0.000036010,0.999999881,1076,15902,1,-1
0.566679955,0.393394679,0.087785393,-0.000512912,-0.000036010,0.999999881,1080,15902,1,-1
0.240336061,0.320629328,0.072857678,-0.927986324,-0.307020754,-0.211139306,1086,14567,2,-1
0.549823463,0.314519763,0.056189466,-0.005758297,-0.999967575,-0.005633302,1088,17063,1,-1
0.473921567,0.387911558,0.073488325,-0.535412848,0.144406646,0.832153738,1089,14568,2,-1
0.343919992,0.435012549,0.057809640,-0.298278928,0.858320773,0.417510837,1092,1092,2,-1
0.447917163,0.474468857,0.058892250,-0.822271347,0.567583621,-0.041457772,1093,15331,1,-1
0.200000241,0.529784620,0.126292706,0.002257762,0.731969774,0.681333303,1094,15918,1,-1
0.519499660,0.477407783,0.066570647,-0.000831419,-0.022517217,0.999746144,1113,15902,1,-1
0.423460901,0.486105800,0.125836134,-0.003836629,-0.681323767,0.731972218,1124,15918,1,-1
0.586130857,0.398198307,0.111423366,0.298423290,-0.954418480,-0.005375523,1130,17002,1,-1
0.522911489,0.397156566,0.070948601,0.999899447,-0.014172066,0.000512306,1131,15902,1,-1
0.284545630,0.431014597,0.075256139,-0.005436907,-0.999812126,0.018605903,1132,17063,1,-1
0.461780012,0.380612314,0.074797519,-0.005436907,-0.999812126,0.018605903,1134,17063,1,-1
0.247363627,0.384449422,0.076662242,-0.014173629,-0.999894798,0.003092652,1135,15902,1,-1
0.270381540,0.482520610,0.062182650,0.294044137,0.869897008,-0.396001607,1139,1139,2,-1
0.473268747,0.392786056,0.062898099,-0.515947998,0.469031483,-0.716803432,1140,14584,2,-1
0.332677364,0.360886693,0.074775189,0.298423290,-0.954418480,-0.005375523,1143,17002,1,-1
0.589098215,0.449023038,0.112898663,-0.000831419,-0.022517217,0.999746144,1146,15902,1,-1
0.259092122,0.503737032,0.059196670,-0.258761555,-0.875508368,-0.408077985,1149,14587,2,-1
0.337845922,0.437821001,0.068179585,0.999899447,-0.014172066,0.000512306,1151,15902,1,-1
0.531958282,0.329256684,0.059816230,-0.515172124,-0.832029283,0.205730438,1161,1161,2,-1
0.422124833,0.485270351,0.125820667,-0.065137669,0.099772759,0.992875874,1163,16622,2,-1
0.494847000,0.368335068,0.069053277,0.999899447,-0.014172066,0.000512306,1167,15902,1,-1
0.503071666,0.413480818,0.075237148,-0.005436907,-0.999812126,0.018605903,1171,17063,1,-1
0.348297298,0.459631741,0.070213817,0.716347277,-0.667882204,0.201940298,1176,16625,2,-1
0.319456369,0.449289680,0.138517290,0.002257762,0.731969774,0.681333303,1184,15918,1,-1
0.385436207,0.447628617,0.137542397,0.834101379,-0.039884426,0.550167382,1186,15545,2,-1
0.226292789,0.432980895,0.057699405,0.110322490,0.983552933,-0.143012673,1188,1188,2,-1
0.510067821,0.414663434,0.074573576,0.298423290,-0.954418480,-0.005375523,1193,17002,1,-1
0.465113670,0.355993867,0.074708648,0.298423290,-0.954418480,-0.005375523,1198,17002,1,-1
0.439064622,0.405999064,0.074986443,-0.005436907,-0.999812126,0.018605903,1212,17063,1,-1
0.418380201,0.318146646,0.069996238,-0.111590996,-0.339510709,0.933959305,1217,14607,2,-1
0.458408296,0.355985910,0.074917763,-0.005436907,-0.999812126,0.018605903,1218,17063,1,-1
0.324986547,0.388502717,0.075258031,0.298423290,-0.954418480,-0.005375523,1220,17002,1,-1
0.472569555,0.383691221,0.072594672,-0.791894138,0.520322084,0.319638342,1222,15837,2,-1
0.599294722,0.349707127,0.089195378,0.276514530,0.895378232,-0.349052578,1225,1225,2,-1
0.437822551,0.365268111,0.066542760,-0.000512912,-0.000036010,0.999999881,1234,15902,1,-1
0.352306664,0.420373738,0.074391007,-0.014173629,-0.999894798,0.003092652,1235,15902,1,-1
0.489653736,0.359744579,0.137668625,-0.003836629,-0.681323767,0.731972218,1237,15918,1,-1
0.272743881,0.321910381,0.075014308,-0.005758297,-0.999967575,-0.005633302,1244,17063,1,-1
0.578076482,0.481452674,0.073927253,0.999899447,-0.014172066,0.000512306,1249,15902,1,-1
0.526905298,0.449887931,0.073476151,-0.211201414,-0.226079658,-0.950937450,1256,1256,2,-1
0.494577795,0.418603957,0.073511094,0.019168211,-0.005962643,0.999798536,1269,15561,2,-1
0.377998292,0.426250845,0.068094283,0.466690242,0.413040698,-0.782047093,1270,16634,2,-1
0.351905197,0.366136104,0.066444501,-0.000512912,-0.000036010,0.999999881,1273,15902,1,-1
0.536846936,0.400053740,0.066573001,-0.000831419,-0.022517217,0.999746144,1274,15902,1,-1
0.382181436,0.334747881,0.071527258,-0.806499064,0.413037956,0.423035502,1276,16635,2,-1
0.497620195,0.389749378,0.071643479,0.999899447,-0.014172066,0.000512306,1284,15902,1,-1
0.264628619,0.524319768,0.137453213,0.002257762,0.731969774,0.681333303,1297,15918,1,-1
0.469201535,0.393915564,0.066500537,-0.000831419,-0.022517217,0.999746144,1299,15902,1,-1
0.301545501,0.530030429,0.061617795,0.998521149,0.054310512,-0.002435028,1304,15996,1,-1
0.192751095,0.542840898,0.082877696,0.709896266,-0.299747795,0.637337148,1305,14647,2,-1
0.434290558,0.412001729,0.069232300,0.998521149,0.054310512,-0.002435028,1307,15996,1,-1
0.338451028,0.366708487,0.073490523,-0.322183520,-0.002413697,0.946674168,1308,16641,2,-1
0.230624095,0.624698341,0.088047132,-0.005758297,-0.999967575,-0.005633302,1313,17063,1,-1
0.489715338,0.446117848,0.138227224,-0.005436907,-0.999812126,0.018605903,1321,17063,1,-1
0.480062068,0.412169218,0.075240560,-0.005758297,-0.999967575,-0.005633302,1323,17063,1,-1
0.434168279,0.358271748,0.058031932,-0.980164826,-0.179136917,0.084775656,1334,14654,2,-1
0.412913769,0.548039436,0.055149693,-0.005436907,-0.999812126,0.018605903,1342,17063,1,-1
0.290048063,0.322330952,0.074319892,-0.005436907,-0.999812126,0.018605903,1345,17063,1,-1
0.349821150,0.308755428,0.074066333,-0.745988667,-0.665905297,-0.008430907,1351,15847,2,-1
0.376537293,0.396600395,0.073614627,0.623783350,0.094647199,0.775845528,1354,16646,2,-1
0.290104449,0.398831606,0.062837601,-0.197684914,0.951219499,0.236858875,1363,1363,2,-1
0.472309440,0.419051409,0.073517166,-0.000831419,-0.022517217,0.999746144,1370,15902,1,-1
0.575292230,0.612021923,0.087260880,-0.000831419,-0.022517217,0.999746144,1371,15902,1,-1
0.434347570,0.309256583,0.071559094,-0.000831419,-0.022517217,0.999746144,1372,15902,1,-1
0.451342046,0.452496767,0.053524487,-0.650275409,-0.149857253,-0.744771600,1374,14664,2,-1
0.254078150,0.362148494,0.074944697,-0.005436907,-0.999812126,0.018605903,1383,17063,1,-1
0.351600736,0.452053756,0.070973545,0.999899447,-0.014172066,0.000512306,1384,15902,1,-1
0.570347548,0.389379114,0.054429293,0.517485321,-0.759453893,-0.394257277,1386,1386,2,-1
0.293931276,0.440403342,0.059826072,-0.231234446,-0.859694302,-0.455473751,1388,14669,2,-1
0.267875850,0.317207456,0.056292497,0.856546581,0.484270543,0.178353831,1395,1395,2,-1
0.411268622,0.367044598,0.067652844,-0.005436907,-0.999812126,0.018605903,1398,17063,1,-1
0.295026273,0.399149358,0.066669919,-0.000512912,-0.000036010,0.999999881,1415,15902,1,-1
0.378065825,0.446383595,0.138284639,-0.003836629,-0.681323767,0.731972218,1421,15918,1,-1
0.191466406,0.595131457,0.063554101,-0.014173629,-0.999894798,0.003092652,1424,15902,1,-1
0.454232126,0.367915481,0.060595784,-0.786898375,-0.546288311,-0.286984384,1443,1443,2,-1
0.220540822,0.348421842,0.076519713,0.827469170,0.525691450,0.197340682,1450,1450,2,-1
0.352068007,0.394834399,0.073401883,-0.000512912,-0.000036010,0.999999881,1463,15902,1,-1
0.328586102,0.370078832,0.066586889,-0.000831419,-0.022517217,0.999746144,1466,15902,1,-1
0.226315022,0.316415280,0.062480252,-0.005436907,-0.999812126,0.018605903,1468,17063,1,-1
0.290609211,0.482331276,0.070320643,-0.822271347,0.567583621,-0.041457772,1473,15331,1,-1
0.370126575,0.402559787,0.057800557,-0.743981719,0.611455619,0.269468576,1478,14692,2,-1
0.470327735,0.422771215,0.071376778,0.900661349,0.099078007,0.423075289,1479,14693,2,-1
0.548161864,0.310576379,0.071073577,-0.088444948,0.084535658,-0.992487371,1480,14694,2,-1
0.325166851,0.464454710,0.069023155,0.687801957,-0.725871503,0.006244136,1490,14233,1,-1
0.571758330,0.347657472,0.072789468,-0.795095921,-0.566156983,0.217460006,1492,14699,2,-1
0.199624717,0.367135048,0.075756803,0.882390022,0.395689219,0.254593670,1496,14701,2,-1
0.380946249,0.320579737,0.057497747,0.945198298,-0.285164416,0.159001604,1500,14702,2,-1
0.364924759,0.363070726,0.072499081,-0.916230381,-0.288491368,-0.278019100,1501,14703,2,-1
0.380831659,0.429685324,0.072781257,0.659042299,-0.306931108,-0.686626911,1512,16660,2,-1
0.599725366,0.327519119,0.091550879,0.569787741,0.476723552,0.669385254,1516,1516,2,-1
0.330310524,0.326442987,0.073931910,-0.000512912,-0.000036010,0.999999881,1521,15902,1,-1
0.481383264,0.442870229,0.057679288,0.099199064,-0.953781903,0.283654124,1522,16661,2,-1
0.487954348,0.476227403,0.072446674,0.717318833,0.470951557,0.513476670,1525,14706,2,-1
0.185666606,0.372012585,0.107669070,0.687801957,-0.725871503,0.006244136,1528,14233,1,-1
0.239244401,0.534890115,0.068726324,0.840857923,0.516409755,-0.162108019,1529,1529,2,-1
0.313237429,0.552029073,0.076358765,-0.005758297,-0.999967575,-0.005633302,1531,17063,1,-1
0.345634311,0.421618968,0.074676141,-0.005436907,-0.999812126,0.018605903,1534,17063,1,-1
0.369647771,0.454103589,0.070865996,-0.822271347,0.567583621,-0.041457772,1535,15331,1,-1
0.278454840,0.433839649,0.074916817,-0.005436907,-0.999812126,0.018605903,1545,17063,1,-1
0.232490763,0.440986305,0.061968427,0.370843083,-0.899195254,-0.232213974,1546,16664,2,-1
0.600474536,0.322803259,0.086742356,-0.818585098,0.544269562,-0.183546007,1547,1547,2,-1
0.586405158,0.320405602,0.086862735,0.565162420,0.824979544,0.000519423,1548,1548,2,-1
0.341482908,0.636025846,0.056910347,-0.163778901,-0.986496985,-0.000390777,1551,1551,2,-1
0.589251876,0.405679077,0.096502960,0.298423290,-0.954418480,-0.005375523,1554,17002,1,-1
0.392413586,0.403308630,0.057215158,-0.932783186,0.320335269,0.165229887,1558,1558,2,-1
0.492326856,0.443509042,0.075085826,0.298423290,-0.954418480,-0.005375523,1569,17002,1,-1
0.321234405,0.359878302,0.137772694,-0.014173629,-0.999894798,0.003092652,1578,15902,1,-1
0.277994782,0.447167784,0.058549374,0.002257762,0.731969774,0.681333303,1579,15918,1,-1
0.187865615,0.443444580,0.116450608,-0.000512912,-0.000036010,0.999999881,1580,15902,1,-1
0.432391465,0.307602823,0.082936630,-0.323408514,-0.824552894,0.464240760,1599,14727,2,-1
0.381512582,0.433776021,0.069612764,0.298423290,-0.954418480,-0.005375523,1601,17002,1,-1
0.328102291,0.463310242,0.073356584,-0.000512912,-0.000036010,0.999999881,1604,15902,1,-1
0.527265966,0.445217758,0.073342085,0.978999674,0.202205762,0.025933431,1605,14729,2,-1
0.514473379,0.470999777,0.074239224,-0.014173629,-0.999894798,0.003092652,1609,15902,1,-1
0.537376642,0.360752255,0.072004683,0.999899447,-0.014172066,0.000512306,1617,15902,1,-1
0.397403896,0.323082983,0.075144537,0.298423290,-0.954418480,-0.005375523,1621,17002,1,-1
0.421547979,0.322420895,0.072642982,-0.883333445,0.449463516,0.133058459,1640,14736,2,-1
0.385023594,0.333617717,0.061531801,0.885034919,-0.381749302,-0.266422182,1648,1648,2,-1
0.505450547,0.390156418,0.071116105,-0.769995689,-0.455579430,-0.446714818,1652,15854,2,-1
0.371690303,0.520684481,0.075585559,0.109150834,-0.575666785,-0.810366571,1653,14739,2,-1
0.349109143,0.326653600,0.073161595,-0.787960410,0.059308719,0.612862825,1659,14741,2,-1
0.451808155,0.415786564,0.073579416,-0.000831419,-0.022517217,0.999746144,1661,15902,1,-1
0.261419207,0.453907669,0.058946792,-0.047841381,-0.910224855,-0.411341727,1662,1662,2,-1
0.433330864,0.392545909,0.060257755,-0.005436907,-0.999812126,0.018605903,1666,17063,1,-1
0.310486794,0.475617319,0.069597133,-0.822271347,0.567583621,-0.041457772,1673,15331,1,-1
0.535568714,0.327442497,0.075708315,-0.005436907,-0.999812126,0.018605903,1685,17063,1,-1
0.518039107,0.326626867,0.075630859,0.298423290,-0.954418480,-0.005375523,1698,17002,1,-1
0.590062559,0.363727182,0.072131425,-0.000831419,-0.022517217,0.999746144,1701,15902,1,-1
0.423508197,0.327204436,0.111294888,-0.095267445,-0.542936802,0.834352314,1703,16676,2,-1
0.277130932,0.447018683,0.068702549,-0.822271347,0.567583621,-0.041457772,1707,15331,1,-1
0.404621184,0.366145790,0.068283007,0.998521149,0.054310512,-0.002435028,1714,15996,1,-1
0.378316790,0.520514786,0.137580648,-0.005436907,-0.999812126,0.018605903,1723,17063,1,-1
0.469219595,0.426178098,0.057326663,-0.447877824,-0.809349179,-0.379946619,1741,1741,2,-1
0.412164301,0.361190915,0.059574801,-0.944762766,-0.311858267,0.100835539,1745,1745,2,-1
0.190849945,0.552072406,0.060547244,-0.005758297,-0.999967575,-0.005633302,1747,17063,1,-1
0.470308661,0.424966961,0.071944222,-0.467459261,-0.114631370,-0.876550972,1750,1750,2,-1
0.368472219,0.448070854,0.138256714,-0.998419106,-0.028986879,0.048156247,1756,15857,2,-1
0.191339284,0.519975662,0.068348870,-0.005436907,-0.999812126,0.018605903,1757,17063,1,-1
0.510095537,0.476554453,0.069560066,-0.322359353,0.788313270,0.524067402,1771,1771,2,-1
0.332284272,0.393622607,0.073547348,0.046592101,0.037218299,0.998220444,1778,15858,2,-1
0.469851941,0.361402899,0.072191432,0.999899447,-0.014172066,0.000512306,1780,15902,1,-1
0.548829854,0.480243236,0.074959420,-0.822271347,0.567583621,-0.041457772,1797,15331,1,-1
0.261303157,0.485593945,0.060475253,0.832824707,0.456922680,-0.312449485,1801,1801,2,-1
0.477391183,0.360296905,0.073456690,0.879896998,-0.011719669,0.475020021,1802,1802,2,-1
0.189081937,0.469178915,0.134409949,-0.663306952,0.739617109,0.113975629,1811,1811,2,-1
0.486306071,0.481267720,0.073690742,0.021181658,0.290796816,0.956550419,1813,1813,2,-1
0.280538112,0.478780657,0.066304438,-0.000512912,-0.000036010,0.999999881,1819,15902,1,-1
0.261400849,0.448603123,0.139310032,0.005955639,-0.316637784,-0.948527873,1822,15606,2,-1
0.270818084,0.486519158,0.073623762,-0.037640303,-0.014513716,-0.999185979,1830,14778,2,-1
0.385250568,0.512554705,0.137717336,0.735380054,0.075190306,0.673470557,1837,16688,2,-1
0.259116560,0.537123621,0.071713261,0.849473298,0.206529856,-0.485531271,1844,1844,2,-1
0.384362638,0.326797962,0.073469065,-0.000831419,-0.022517217,0.999746144,1856,15902,1,-1
0.407917202,0.554827452,0.084721699,0.862867475,-0.505398512,0.005673382,1861,14785,2,-1
0.201839969,0.372483343,0.137732014,-0.988647163,0.076749504,0.129175499,1866,1866,2,-1
0.472243786,0.324939609,0.072873756,-0.785140812,0.588163197,0.193953648,1869,14789,2,-1
0.485086977,0.321280837,0.075181946,-0.014173629,-0.999894798,0.003092652,1871,15902,1,-1
0.552476048,0.363451928,0.073333114,0.526256979,0.165102169,0.834143221,1884,16694,2,-1
0.552847624,0.448341101,0.137971982,0.999884605,0.013944767,-0.006029310,1889,15610,2,-1
0.545005083,0.453043580,0.070955202,-0.005436907,-0.999812126,0.018605903,1890,17063,1,-1
0.463953584,0.480688661,0.073618062,-0.000831419,-0.022517217,0.999746144,1891,15902,1,-1
0.495777428,0.333690852,0.059435066,-0.748004615,-0.597780228,-0.288353771,1898,14798,2,-1
0.481706262,0.361950636,0.137464419,-0.346344918,-0.039286252,0.937284291,1899,1899,2,-1
0.363679767,0.424210578,0.071090154,0.999899447,-0.014172066,0.000512306,1908,15902,1,-1
0.283409834,0.634861767,0.116066672,-0.047478817,0.074184842,-0.996113658,1921,1921,2,-1
0.475651622,0.453558981,0.069789246,0.999899447,-0.014172066,0.000512306,1926,15902,1,-1
0.381436527,0.371043712,0.057845004,0.869517684,-0.465241790,-0.165798396,1930,16699,2,-1
0.312958419,0.436610252,0.137770310,-0.996811450,-0.044274583,0.066384070,1936,15861,2,-1
0.250827104,0.617286861,0.075771384,0.998521149,0.054310512,-0.002435028,1941,15996,1,-1
0.497331053,0.479185253,0.066297472,-0.000831419,-0.022517217,0.999746144,1951,15902,1,-1
0.539490521,0.475735188,0.060012769,0.508505464,-0.810011804,0.292066902,1957,15615,2,-1
0.474038422,0.392710000,0.071379788,-0.815999627,0.323894918,-0.478786737,1958,14808,2,-1
0.187902302,0.409278959,0.116196856,-0.000831419,-0.022517217,0.999746144,1971,15902,1,-1
0.185242787,0.320677578,0.103797913,0.298423290,-0.954418480,-0.005375523,1980,17002,1,-1
0.433007002,0.446316004,0.138240695,-0.005436907,-0.999812126,0.018605903,1985,17063,1,-1
0.376909524,0.402646065,0.058221180,-0.005436907,-0.999812126,0.018605903,1993,17063,1,-1
0.261744648,0.370932043,0.139564484,-0.020230804,-0.065490820,-0.997648060,1996,1996,2,-1
0.195156097,0.347828269,0.066387795,-0.094188780,-0.021508362,-0.995322049,2001,16703,2,-1
0.385029674,0.443768978,0.069615372,-0.005436907,-0.999812126,0.018605903,2005,17063,1,-1
0.454344004,0.415009946,0.072154172,0.291990817,0.739736497,0.606243670,2017,14819,2,-1
0.381706655,0.364441991,0.073579408,0.459158927,-0.125796765,-0.879402280,2019,2019,2,-1
0.305278867,0.424106419,0.074612148,-0.005758297,-0.999967575,-0.005633302,2040,17063,1,-1
0.449536771,0.387981921,0.072615258,0.998521149,0.054310512,-0.002435028,2057,15996,1,-1
0.572141171,0.517175794,0.058551468,-0.014173629,-0.999894798,0.003092652,2069,15902,1,-1
0.589697063,0.447435677,0.081319697,-0.000831419,-0.022517217,0.999746144,2098,15902,1,-1
0.413325191,0.313942730,0.077652499,-0.003817703,0.137954935,-0.990431190,2107,2107,2,-1
0.566095591,0.352818936,0.059892360,0.782405078,0.619706452,-0.061694819,2108,16711,2,-1
0.308384418,0.356911093,0.075534426,0.298423290,-0.954418480,-0.005375523,2113,17002,1,-1
0.512828767,0.419527501,0.070346780,0.031468991,0.775158644,0.630982459,2114,16713,2,-1
0.558216333,0.361225545,0.075207464,0.210128784,-0.943581641,-0.255928993,2118,2118,2,-1
0.288349003,0.334608376,0.058801290,-0.383969069,0.842504084,0.377829015,2119,14838,2,-1
0.402717024,0.306967080,0.072261766,0.002257762,0.731969774,0.681333303,2129,15918,1,-1
0.296535552,0.321019322,0.075268045,-0.005758297,-0.999967575,-0.005633302,2131,17063,1,-1
0.258488446,0.312813520,0.108302712,-0.994333148,0.018165110,0.104745895,2138,14841,2,-1
0.195291594,0.562615275,0.078959651,-0.005436907,-0.999812126,0.018605903,2150,17063,1,-1
0.342738569,0.370465517,0.057787608,-0.701805294,0.649875283,0.291773140,2159,2159,2,-1
0.354572535,0.393144876,0.072497740,-0.826657116,-0.460870981,-0.322856009,2160,14847,2,-1
0.492227942,0.321623564,0.074649908,0.298423290,-0.954418480,-0.005375523,2168,17002,1,-1
0.570626557,0.617646635,0.068652600,-0.071152605,0.996283114,0.048553269,2177,2177,2,-1
0.482769638,0.475966662,0.059789147,0.998521149,0.054310512,-0.002435028,2178,15996,1,-1
0.249050826,0.458364427,0.059113961,-0.085801534,0.980457067,-0.177037165,2189,2189,2,-1
0.514515162,0.369912833,0.061729901,-0.402233481,0.770794570,0.494048625,2205,14857,2,-1
0.468677759,0.356527746,0.056335788,-0.077492274,0.966101408,-0.246258214,2208,2208,2,-1
0.468141258,0.380687088,0.074436828,0.298423290,-0.954418480,-0.005375523,2211,17002,1,-1
0.453856677,0.423827708,0.058635842,0.999899447,-0.014172066,0.000512306,2227,15902,1,-1
0.339095294,0.315786719,0.093873508,-0.005436907,-0.999812126,0.018605903,2230,17063,1,-1
0.480773389,0.390710980,0.073588565,0.101502016,0.049771514,0.993589580,2232,14864,2,-1
0.256901622,0.464184612,0.061783317,-0.551511526,-0.676294565,-0.488324374,2236,16723,2,-1
0.257188857,0.396371841,0.057179105,0.018744677,0.957622647,0.287415266,2241,2241,2,-1
0.443989575,0.421141148,0.065673433,-0.014173629,-0.999894798,0.003092652,2251,15902,1,-1
0.269802690,0.402062744,0.060710985,-0.967850327,0.146721318,0.204300493,2253,2253,2,-1
0.550859571,0.370416969,0.139524326,-0.006069862,-0.345991015,0.938218176,2275,2275,2,-1
0.321680218,0.373194784,0.059529390,-0.549528241,0.715135992,0.431971282,2280,2280,2,-1
0.335452616,0.435405582,0.057503935,0.109689176,0.938751161,0.326672107,2289,2289,2,-1
0.263001174,0.501260459,0.066449247,0.151399478,0.034042459,0.987886310,2291,14872,2,-1
0.558564663,0.444722652,0.075816713,0.181583792,-0.947277844,-0.263992488,2292,2292,2,-1
0.506990671,0.364433974,0.066518106,0.069499053,0.045958206,0.996522844,2299,16726,2,-1
0.257406175,0.362628281,0.137290463,0.968662739,-0.055010017,-0.242211476,2309,16727,2,-1
0.377728283,0.394446641,0.071447566,0.752167165,0.505233407,0.423064798,2311,14875,2,-1
0.579728723,0.390732557,0.089351729,0.879348636,0.003153701,0.476168096,2314,15635,2,-1
0.300867677,0.466636628,0.074914247,-0.014173629,-0.999894798,0.003092652,2338,15902,1,-1
0.300119847,0.482993811,0.066134058,-0.279566288,-0.584335268,-0.761836588,2340,2340,2,-1
0.251461864,0.310867250,0.107952029,0.808979690,0.580685556,-0.091412567,2349,14880,2,-1
0.566173673,0.389518082,0.100239538,0.147511035,0.000062438,0.989060402,2352,16934,2,-1
0.228187963,0.621686637,0.080835007,-0.685787499,0.727542818,-0.019415947,2364,15637,2,-1
0.218440339,0.394635290,0.072280593,-0.931285322,0.090006158,-0.352996618,2367,2367,2,-1
0.519042730,0.360674769,0.073756017,-0.000831419,-0.022517217,0.999746144,2371,15902,1,-1
0.477997482,0.366843522,0.061309591,-0.334798545,-0.862884939,-0.378602207,2372,2372,2,-1
0.343124390,0.426318288,0.070558660,0.810164988,0.361670107,0.461332321,2376,15867,2,-1
0.313509792,0.401174396,0.059092417,-0.252042413,0.869254053,0.425290644,2381,14887,2,-1
0.586362898,0.319786757,0.095518306,-0.570443213,-0.821336985,-0.000256891,2383,2383,2,-1
0.468807846,0.426341981,0.062502950,-0.167956114,0.849015057,-0.500963271,2393,14891,2,-1
0.239993691,0.468979776,0.060344484,-0.086794980,0.977168798,-0.193927422,2401,16730,2,-1
0.364767522,0.330105871,0.059371091,-0.913410068,0.351419508,0.205393434,2412,2412,2,-1
0.275233150,0.373202115,0.061087448,-0.689322233,-0.564932764,-0.453525990,2418,2418,2,-1
0.406401306,0.322413832,0.071932033,-0.956187963,-0.225546166,-0.186637402,2419,16731,2,-1
0.524589658,0.392360240,0.073613189,-0.007263354,-0.017139476,-0.999826729,2423,16732,2,-1
0.459124595,0.443087786,0.072876260,0.560268819,0.815827250,0.143264920,2424,2424,2,-1
0.449985892,0.411311775,0.071395889,0.828683376,-0.366105229,-0.423380405,2425,14896,2,-1
0.405877441,0.330505848,0.059877582,-0.005436907,-0.999812126,0.018605903,2440,17063,1,-1
0.483611166,0.483873934,0.072190389,0.997795641,-0.025088042,-0.061436735,2445,2445,2,-1
0.343045354,0.362018704,0.072785169,-0.941766024,-0.234253287,-0.241251320,2455,16734,2,-1
0.492446423,0.370892167,0.139129475,-0.028278520,0.688928306,0.724277675,2458,16735,2,-1
0.449757963,0.332179010,0.073741086,0.230782241,-0.079053521,-0.969788730,2471,2471,2,-1
0.473840386,0.389276117,0.068606563,-0.852376461,0.492934793,-0.174555734,2475,14905,2,-1
0.509137452,0.385828882,0.075312033,-0.005436907,-0.999812126,0.018605903,2497,17063,1,-1
0.521742404,0.334190041,0.071003914,-0.991621792,0.012718209,0.128547415,2500,14911,2,-1
0.258757532,0.397148848,0.066545270,0.970157027,-0.218351811,-0.105441049,2502,2502,2,-1
0.490617812,0.437836796,0.138750434,0.002257762,0.731969774,0.681333303,2509,15918,1,-1
0.506436110,0.441009283,0.076220423,-0.267367184,-0.928795278,-0.256620586,2513,2513,2,-1
0.251304209,0.425725907,0.066769756,0.056140069,-0.066780977,0.996187091,2514,2514,2,-1
0.334147424,0.422764361,0.075145014,0.298423290,-0.954418480,-0.005375523,2519,17002,1,-1
0.572608054,0.400652438,0.087507881,-0.069277264,-0.997038364,-0.033394504,2558,2558,2,-1
0.211969122,0.417194247,0.059544545,-0.161007211,-0.895596027,-0.414710045,2563,2563,2,-1
0.477577657,0.447701097,0.073558889,0.044244818,0.032651331,0.998487055,2565,14920,2,-1
0.213015601,0.565860808,0.060616110,-0.822271347,0.567583621,-0.041457772,2567,15331,1,-1
0.568958461,0.489971250,0.067018948,-0.080242068,-0.156590998,0.984398544,2573,2573,2,-1
0.572330654,0.433129489,0.132844031,-0.863697886,-0.005504869,0.503979921,2581,16737,2,-1
0.349656731,0.392919391,0.069500282,0.320573211,0.751699984,0.576350629,2587,14927,2,-1
0.542009234,0.442841917,0.075282447,0.372380883,-0.893835068,-0.249782667,2588,15647,2,-1
0.280612946,0.393609464,0.058423914,-0.506270766,0.828410625,-0.239637107,2593,2593,2,-1
0.252619833,0.411595702,0.060768880,-0.974918008,0.024990706,0.221156776,2596,2596,2,-1
0.533847034,0.479868740,0.073661879,-0.447632849,-0.108457983,0.887615740,2597,2597,2,-1
0.305199504,0.398198634,0.057729248,-0.331297159,0.876243830,0.349912941,2602,2602,2,-1
0.215579033,0.401750982,0.075067520,-0.255283028,-0.940367758,-0.224809155,2612,15648,2,-1
0.507178664,0.427635938,0.066391580,0.002257762,0.731969774,0.681333303,2615,15918,1,-1
0.305661619,0.393552691,0.072856247,0.997946382,-0.063889980,0.004597440,2617,2617,2,-1
0.260832757,0.435455352,0.139523879,-0.044138167,-0.170828223,0.984311759,2618,14932,2,-1
0.424393177,0.448928684,0.137532011,-0.803480983,0.104001336,0.586175799,2629,15650,2,-1
0.262570798,0.450764418,0.137696043,-0.005758297,-0.999967575,-0.005633302,2632,17063,1,-1
0.342691243,0.422424197,0.056067385,-0.347313166,0.911564350,-0.220054626,2633,2633,2,-1
0.252892643,0.460293263,0.071153700,-0.334941447,0.898686111,0.283156455,2638,16739,2,-1
0.583058357,0.520132303,0.061185393,-0.029410852,-0.684083700,0.728810430,2641,2641,2,-1
0.285073936,0.360165417,0.065857410,0.841089308,-0.373378038,0.391353607,2651,2651,2,-1
0.552999198,0.372858346,0.137311935,0.991367936,-0.126052797,0.036061957,2653,14940,2,-1
0.505029976,0.441124886,0.055823062,0.005750450,-0.995062172,0.099086739,2660,2660,2,-1
0.521477640,0.366212666,0.057891298,0.469131976,0.812050343,0.347115934,2662,2662,2,-1
0.272176057,0.310355693,0.072535552,0.025673540,-0.656124949,-0.754215419,2664,14942,2,-1
0.330726475,0.461520553,0.069256872,-0.114711963,-0.720089853,-0.684333205,2668,2668,2,-1
0.349378049,0.579683065,0.135404736,0.002257762,0.731969774,0.681333303,2681,15918,1,-1
0.207810968,0.359630227,0.137344748,0.011653026,-0.796247602,0.604858756,2686,2686,2,-1
0.575301945,0.475836843,0.074668191,0.687801957,-0.725871503,0.006244136,2703,14233,1,-1
0.457611531,0.393546373,0.057519808,-0.708111167,-0.642690778,-0.292450190,2712,14950,2,-1
0.290547788,0.367452174,0.072378233,0.709195316,0.312237471,-0.632099450,2723,2723,2,-1
0.311006427,0.475166142,0.060050063,0.282611161,0.846104443,0.451927185,2740,2740,2,-1
0.368312716,0.522695065,0.137452796,-0.970146954,-0.026544416,0.241060898,2771,15661,2,-1
0.446856350,0.475827456,0.071267329,0.636875808,0.452204794,0.624419808,2777,16744,2,-1
0.330809951,0.400067002,0.070459425,-0.005436907,-0.999812126,0.018605903,2778,17063,1,-1
0.525140047,0.353604943,0.075668529,-0.206124976,-0.931419373,-0.299950778,2783,2783,2,-1
0.257407963,0.511257350,0.137826562,-0.983055174,-0.107389547,0.148560002,2796,14963,2,-1
0.565030277,0.475232869,0.065549001,-0.005436907,-0.999812126,0.018605903,2808,17063,1,-1
0.531419396,0.485157192,0.056555104,-0.753462672,0.556635380,0.349930048,2809,2809,2,-1
0.510701478,0.325882584,0.075669311,-0.147517756,-0.957104027,-0.249380156,2818,14967,2,-1
0.226202711,0.343305886,0.076416053,-0.448251098,-0.833405733,-0.323273778,2819,16748,2,-1
0.533899069,0.387367636,0.075323254,-0.028535254,-0.948593318,-0.315208644,2828,14968,2,-1
0.304489374,0.329766005,0.072831303,0.842044055,-0.528226376,-0.109264910,2836,2836,2,-1
0.571797073,0.391843557,0.088995636,0.033485796,-0.010472778,0.999384344,2849,2849,2,-1
0.212144211,0.537846863,0.066327326,-0.673233867,0.042373475,0.738214552,2859,14971,2,-1
0.310494483,0.468600780,0.069582574,0.049940929,0.721747518,0.690352499,2862,14972,2,-1
0.275902390,0.475527912,0.075910628,0.374943107,0.873752892,0.309796065,2875,2875,2,-1
0.276585162,0.439169198,0.071194895,-0.903490067,-0.068375699,-0.423120022,2910,15873,2,-1
0.220444337,0.352367669,0.072572902,-0.914424181,0.185715854,-0.359635979,2911,2911,2,-1
0.288493276,0.392561346,0.071505234,0.923401415,0.199563012,0.327878863,2913,14978,2,-1
0.542669535,0.419088423,0.069109075,0.383690208,-0.866414964,-0.319541723,2923,16752,2,-1
0.329947203,0.456639498,0.058030922,0.192376897,0.938698471,-0.286070406,2926,2926,2,-1
0.497352451,0.362910628,0.137276083,-0.990424097,-0.053165544,-0.127411157,2929,14979,2,-1
0.307823896,0.472164899,0.070242785,-0.361367345,-0.791131079,0.493482888,2951,2951,2,-1
0.218033805,0.367085516,0.057466317,-0.964999735,0.018442439,-0.261601955,2953,2953,2,-1
0.572691321,0.342131764,0.075805038,-0.866736472,0.442152470,0.230801299,2955,15668,2,-1
0.456781119,0.473547637,0.074114487,0.298423290,-0.954418480,-0.005375523,2964,17002,1,-1
0.287457496,0.326087743,0.073068902,-0.951907635,-0.009651461,-0.306233048,2967,2967,2,-1
0.241293833,0.397219777,0.062682204,-0.479527116,0.719928980,0.501753032,2969,2969,2,-1
0.528242826,0.448319197,0.068084210,0.153814986,-0.739598870,-0.655236185,2976,16754,2,-1
0.250256449,0.627255917,0.070028789,0.610933840,-0.790586174,0.041633446,2990,2990,2,-1
0.411058336,0.441179127,0.098725222,-0.525081694,0.849845290,-0.045301709,2998,2998,2,-1
0.365639776,0.322393835,0.072904423,-0.899806738,-0.332703441,-0.282234639,3010,16755,2,-1
0.206504643,0.577188134,0.077037722,0.273309678,0.011839019,0.961853266,3013,3013,2,-1
0.388880730,0.356662691,0.057695441,-0.989266634,0.144645080,-0.020720124,3025,3025,2,-1
0.310869634,0.321277648,0.072039329,-0.962916315,0.269468069,-0.013390450,3027,16939,2,-1
0.482158810,0.393690556,0.062994704,0.425173163,0.852560341,0.303922176,3028,16757,2,-1
0.350384444,0.335609466,0.071415931,-0.739422202,0.556942761,0.378245354,3029,14989,2,-1
0.222729325,0.344122469,0.135777384,-0.520872414,-0.260755330,0.812833726,3033,16758,2,-1
0.402492851,0.358335912,0.062720753,-0.978773177,0.195174977,-0.062529072,3096,3096,2,-1
0.347694278,0.390899718,0.065599963,0.466912627,-0.638055027,0.612273216,3111,16759,2,-1
0.521254122,0.338338435,0.061696857,-0.599123478,-0.703540325,-0.382206976,3116,3116,2,-1
0.433301955,0.329170048,0.070185848,-0.998314738,-0.051734559,0.026292052,3118,3118,2,-1
0.543963313,0.414651453,0.074832447,-0.365503132,-0.895446241,-0.254133046,3119,14993,2,-1
0.599581122,0.328685284,0.093321867,-0.823355496,0.197694570,0.531979859,3140,3140,2,-1
0.263156801,0.333216012,0.073506370,-0.648292422,0.048575845,0.759840369,3154,3154,2,-1
0.257736057,0.413426787,0.073245510,-0.654458463,0.739270031,0.158631742,3175,15001,2,-1
0.332914263,0.324140757,0.073159374,-0.849239826,-0.474171042,-0.232279032,3181,15002,2,-1
0.496354580,0.427212626,0.055386238,-0.569566309,0.757509589,0.319019556,3187,3187,2,-1
0.188920826,0.389205694,0.132411882,-0.681221485,0.720428228,-0.130079001,3194,15004,2,-1
0.286519736,0.399195731,0.072092175,-0.861675203,0.507308900,0.012395354,3198,3198,2,-1
0.438730896,0.448292553,0.069692381,-0.343372196,-0.707337320,-0.617874920,3211,16762,2,-1
0.306541294,0.549099505,0.059367679,-0.969411969,0.228964791,0.088406168,3213,15671,2,-1
0.190824941,0.571305692,0.079868481,-0.991026342,0.089781627,-0.099025503,3229,16940,2,-1
0.541163981,0.417539686,0.073430061,-0.047885064,-0.032016695,0.998339593,3243,15014,2,-1
0.596742690,0.409509063,0.069889806,0.413851887,0.877793312,0.241258428,3257,3257,2,-1
0.474581122,0.442800224,0.057826959,0.160198435,-0.951133728,0.263971657,3260,3260,2,-1
0.308208734,0.629502058,0.133523554,-0.832302809,0.552419662,-0.045875978,3264,15015,2,-1
0.485088289,0.308650494,0.071613602,-0.013500958,0.167723313,0.985741675,3271,16764,2,-1
0.492862046,0.330768079,0.066796206,0.148048624,0.006894358,-0.988956094,3312,15019,2,-1
0.465766013,0.328437418,0.066396311,-0.021335341,-0.034231331,0.999186218,3319,3319,2,-1
0.236536011,0.423536360,0.057880178,-0.622055650,0.780506253,-0.062102906,3321,3321,2,-1
0.249124125,0.478017896,0.054829780,0.038794897,-0.986677408,-0.157996058,3325,3325,2,-1
0.192332804,0.478412777,0.062191702,0.143066674,-0.023823183,-0.989426315,3328,3328,2,-1
0.597655237,0.318261176,0.078582108,-0.149435893,-0.988767564,-0.002762363,3333,15022,2,-1
0.417546391,0.489148170,0.124549486,0.999288082,0.031778723,0.020333238,3341,15673,2,-1
0.225846708,0.387109786,0.075408213,-0.005436907,-0.999812126,0.018605903,3344,17063,1,-1
0.208771586,0.524301052,0.137081772,-0.031671725,-0.692365408,-0.720851660,3347,16766,2,-1
0.246289030,0.610691190,0.079557478,-0.436617553,0.794633806,-0.421808213,3351,16767,2,-1
0.573987782,0.308184296,0.071329430,0.057101198,-0.197501123,-0.978638232,3357,15674,2,-1
0.433676451,0.366244555,0.065482140,0.614386559,-0.585656166,-0.528711736,3367,3367,2,-1
0.288788825,0.363821268,0.072954834,0.806680143,-0.499822050,-0.315349251,3387,3387,2,-1
0.297098428,0.438750386,0.060471013,-0.718602836,0.639161408,0.274012208,3394,15031,2,-1
0.448099524,0.357190341,0.056952864,-0.838602185,-0.529320717,0.128708884,3399,3399,2,-1
0.341257244,0.636048913,0.096130989,-0.005436907,-0.999812126,0.018605903,3407,17063,1,-1
0.480863869,0.445836037,0.065461554,-0.709407389,-0.354255259,0.609298289,3408,3408,2,-1
0.449784011,0.368140906,0.061572649,-0.448088855,0.767075062,0.459143072,3413,15032,2,-1
0.428209722,0.522265732,0.053982951,0.684888065,-0.011101963,0.728563726,3416,15033,2,-1
0.308819324,0.470043182,0.073580839,-0.074524850,-0.000060043,-0.997219145,3417,15034,2,-1
0.201697499,0.511901557,0.137253329,-0.998038948,-0.027914129,0.056026876,3428,15035,2,-1
0.385975391,0.523344576,0.136880666,0.761190712,0.141050801,0.633003414,3439,15037,2,-1
0.301993191,0.322451651,0.060935162,-0.708130658,0.671171069,-0.219272405,3444,15038,2,-1
0.217471585,0.627681494,0.066140704,-0.663658559,0.747947931,0.011456609,3450,15039,2,-1
0.497221917,0.332799554,0.070183881,0.838633597,-0.100498214,0.535344601,3453,3453,2,-1
0.477642417,0.473694056,0.073609613,0.218886614,-0.956457973,-0.193072036,3468,15874,2,-1
0.209779084,0.404617667,0.076070741,0.659256220,0.714482307,0.234299570,3472,3472,2,-1
0.202234671,0.434715450,0.138347119,-0.938046813,-0.075694807,0.338139921,3473,16769,2,-1
0.485413224,0.383719027,0.074422240,-0.304803848,-0.916325867,-0.259695232,3499,16770,2,-1
0.321457148,0.365447432,0.073099829,0.874013782,0.136400834,0.466363341,3500,15677,2,-1
0.567529440,0.389114231,0.095742084,0.092874743,0.109997503,-0.989583135,3508,15048,2,-1
0.300546676,0.424036115,0.141412079,-0.234917209,-0.854401946,-0.463477433,3531,3531,2,-1
0.456376612,0.388717175,0.073426418,0.166439787,0.114458822,0.979386091,3544,3544,2,-1
0.502999544,0.475567192,0.058899861,0.605160356,-0.757001579,0.246433824,3549,16771,2,-1
0.383281320,0.371184379,0.072665654,0.797473252,-0.447711736,-0.404463381,3552,3552,2,-1
0.392366529,0.392005682,0.059076957,0.934845686,-0.336991787,0.111803703,3555,15051,2,-1
0.294416904,0.437429577,0.072698236,-0.329074889,0.380743861,0.864143431,3560,16772,2,-1
0.569221795,0.493177652,0.068419255,-0.733130217,-0.674827516,0.084427193,3589,16984,2,-1
0.567690492,0.369893849,0.072909839,-0.949490130,-0.052757222,0.309330344,3601,3601,2,-1
0.433936954,0.369823992,0.058488041,-0.954760730,-0.264166981,-0.136557102,3612,3612,2,-1
0.573103428,0.314171880,0.070723660,-0.166541815,0.962614536,0.213628545,3635,3635,2,-1
0.482761741,0.487978905,0.057301998,0.393878937,-0.800447583,-0.451821953,3641,3641,2,-1
0.554478288,0.376053989,0.066041216,0.191125855,-0.299415022,-0.934784234,3656,3656,2,-1
0.303918093,0.629191279,0.131571576,0.002257762,0.731969774,0.681333303,3661,15918,1,-1
0.541985452,0.403547257,0.056002297,-0.076372541,-0.891068161,-0.447397739,3663,3663,2,-1
0.275688589,0.435242325,0.055262025,-0.764705777,-0.644095302,-0.019140901,3665,3665,2,-1
0.368450075,0.436433315,0.137799010,-0.998635113,0.022294927,0.047232948,3694,16776,2,-1
0.246370256,0.475923270,0.061642230,-0.909395933,-0.087585710,-0.406605244,3696,3696,2,-1
0.340756714,0.609411359,0.121683933,0.998229384,-0.025868859,0.053562000,3702,3702,2,-1
0.404321223,0.365266293,0.062488712,0.877041399,0.003195256,-0.480404228,3708,15069,2,-1
0.489737898,0.413715065,0.059574001,-0.335855603,-0.822781324,0.458510637,3739,3739,2,-1
0.220075399,0.390258521,0.074839659,-0.005436907,-0.999812126,0.018605903,3743,17063,1,-1
0.577848971,0.298135668,0.086809762,-0.005436907,-0.999812126,0.018605903,3746,17063,1,-1
0.515731096,0.373307943,0.071471363,0.980961800,0.048532750,-0.188038841,3753,15074,2,-1
0.356878549,0.422746599,0.064117372,0.302509904,-0.842134953,0.446426392,3767,16778,2,-1
0.198234692,0.477363765,0.061367579,-0.989168167,-0.111849383,0.095058352,3768,3768,2,-1
0.475054264,0.418411434,0.068824597,0.592379987,0.652851701,0.472091705,3777,15076,2,-1
0.349097133,0.399850041,0.058131602,-0.687661529,0.663452744,0.294876546,3783,3783,2,-1
0.581805944,0.360950023,0.065447897,-0.999498248,0.007967741,0.030657094,3801,3801,2,-1
0.198844656,0.519480407,0.074872620,0.002257762,0.731969774,0.681333303,3806,15918,1,-1
0.516055524,0.359342635,0.058616418,0.625997901,0.779746473,0.011052758,3815,3815,2,-1
0.348306388,0.332805753,0.060593810,0.935041308,-0.344745725,-0.082753457,3826,3826,2,-1
0.306087643,0.470499188,0.069423527,-0.282928944,-0.470443457,-0.835843384,3830,3830,2,-1
0.344083786,0.358379543,0.057721559,-0.414469719,0.870105863,-0.266703248,3835,15078,2,-1
0.367223233,0.318976223,0.058472499,0.914472103,-0.386925936,0.118444711,3844,15080,2,-1
0.286432475,0.396349281,0.073663719,-0.044984497,-0.044232104,-0.998008013,3873,15684,2,-1
0.256901562,0.442756206,0.056758627,-0.501671135,0.850369453,-0.158738777,3887,15085,2,-1
0.380403459,0.307196021,0.072103396,0.012047084,-0.911391318,-0.411364675,3888,3888,2,-1
0.546721399,0.449812829,0.138354436,0.002257762,0.731969774,0.681333303,3930,15918,1,-1
0.454773337,0.451033115,0.069766916,-0.157744452,-0.774865329,-0.612127900,3948,16781,2,-1
0.474184722,0.455640465,0.056473393,0.013771097,-0.916564822,-0.399649143,3959,15092,2,-1
0.214518204,0.308158010,0.072010145,0.002257762,0.731969774,0.681333303,3992,15918,1,-1
0.211214215,0.594506204,0.054519437,-0.621246099,0.782723486,-0.037379023,3995,3995,2,-1
0.388105363,0.368201792,0.059016507,-0.961244524,0.231739581,0.149351299,4036,15098,2,-1
0.487426162,0.486932993,0.056121998,-0.078147188,0.967322409,0.241206229,4041,4041,2,-1
0.278713733,0.491048783,0.066578716,0.262148678,0.350579083,0.899095297,4047,15100,2,-1
0.350007504,0.298082352,0.072654285,-0.988362908,0.151768610,0.010250214,4051,4051,2,-1
0.354785711,0.390648752,0.055204663,-0.549838126,0.813029468,-0.191471115,4057,16783,2,-1
0.421396643,0.332335621,0.057124384,-0.999434948,-0.002897503,-0.033488795,4062,4062,2,-1
0.320025712,0.426224530,0.072463766,-0.942975044,-0.219361499,-0.250357121,4073,16943,2,-1
0.195966318,0.536138952,0.076307006,0.072611809,-0.032340571,-0.996835828,4102,4102,2,-1
0.324804276,0.392025113,0.066375054,-0.012964829,-0.071693920,-0.997342467,4127,16786,2,-1
0.192609608,0.566895008,0.080828793,0.777693331,0.608356297,0.158416256,4129,4129,2,-1
0.312446862,0.396671414,0.073614120,-0.030114168,-0.108955637,-0.993590355,4151,4151,2,-1
0.211056605,0.551983178,0.065792888,-0.005436907,-0.999812126,0.018605903,4152,17063,1,-1
0.432095081,0.331321985,0.073654652,-0.216448754,-0.144302458,-0.965570748,4164,4164,2,-1
0.240987122,0.386672020,0.076439172,0.545219898,0.805966377,0.230550319,4177,4177,2,-1
0.579806864,0.527104735,0.071018897,-0.139838845,-0.022957468,-0.989908159,4179,4179,2,-1
0.209848061,0.360633075,0.072503358,-0.118480042,-0.920944273,-0.371246725,4183,4183,2,-1
0.357866704,0.360634536,0.063313983,0.818339467,0.408540159,-0.404246807,4195,4195,2,-1
0.349460542,0.456115782,0.073182985,-0.006278011,0.050315194,0.998713672,4198,16788,2,-1
0.496235430,0.327758998,0.071678855,-0.968302727,0.151634693,0.198486358,4200,15877,2,-1
0.599185526,0.367621601,0.076024413,0.696938992,0.179355860,-0.694339633,4225,4225,2,-1
0.536931336,0.366865754,0.058971263,-0.482402861,-0.795799851,-0.366046607,4227,16789,2,-1
0.253776759,0.385356545,0.061252132,-0.995734990,-0.038435601,0.083872199,4252,4252,2,-1
0.496751815,0.384144306,0.057710830,-0.590476274,-0.796660960,0.129109010,4263,15116,2,-1
0.358421415,0.370714039,0.057741314,0.860950232,-0.469108462,-0.196728066,4304,4304,2,-1
0.552801669,0.522731364,0.137477145,-0.993950307,-0.046574954,-0.099466480,4308,15119,2,-1
0.197161496,0.488926172,0.059038118,0.206846610,0.978373170,0.000755654,4309,4309,2,-1
0.242619574,0.421395063,0.057131547,0.865249455,-0.473799139,0.163883418,4311,4311,2,-1
0.563997984,0.393032491,0.055637106,-0.107823491,-0.118177228,0.987121224,4320,4320,2,-1
0.354559034,0.402594030,0.059350796,-0.633434772,0.693750620,0.342739910,4327,4327,2,-1
0.457294345,0.449568033,0.073571518,0.199523360,0.191157669,0.961066723,4337,16790,2,-1
0.590668857,0.383286655,0.103525870,0.531823277,0.846058428,-0.036731154,4365,4365,2,-1
0.318220675,0.634962678,0.116138548,-0.040920097,0.086482227,-0.995412707,4413,4413,2,-1
0.407297283,0.319780260,0.058266301,-0.124867082,-0.954802096,0.269742757,4424,15126,2,-1
0.342183262,0.624403298,0.116771244,-0.507931828,0.051319066,-0.859867275,4448,4448,2,-1
0.519182920,0.427050114,0.057562709,0.060611479,0.933611274,0.353123546,4467,4467,2,-1
0.354472905,0.310916990,0.071279280,-0.000378378,-0.014614989,-0.999893129,4468,15131,2,-1
0.381908894,0.309425414,0.071279652,-0.015584811,0.068240434,0.997547209,4472,15132,2,-1
0.342186838,0.429399520,0.073343031,-0.137920991,-0.030355886,-0.989977956,4488,15695,2,-1
0.222041726,0.402614236,0.060097821,0.892206907,-0.450684875,0.029156944,4526,16791,2,-1
0.576051474,0.592927694,0.085868813,-0.038261369,-0.129405677,0.990853310,4532,15137,2,-1
0.311456442,0.329380184,0.059659608,0.937354147,0.239863172,0.252651751,4568,4568,2,-1
0.230267599,0.435295701,0.066650197,-0.086047381,-0.177538872,-0.980344713,4582,15141,2,-1
0.368854910,0.393248796,0.064261429,0.732749283,-0.612196803,0.297142267,4609,15878,2,-1
0.438687474,0.380501717,0.069491185,0.148382187,-0.327033043,0.933291018,4613,4613,2,-1
0.201768503,0.360381126,0.137005433,-0.971037745,-0.044678904,0.234711677,4664,15148,2,-1
0.534394264,0.426675379,0.059117418,0.178155527,-0.885593235,-0.428934991,4700,15153,2,-1
0.313717723,0.392755032,0.071483508,0.002257762,0.731969774,0.681333303,4702,15918,1,-1
0.429073721,0.316141546,0.054801323,-0.843374610,-0.481763422,-0.237956658,4719,15156,2,-1
0.287405342,0.362492085,0.068166472,0.235939518,-0.858928978,-0.454503626,4733,15158,2,-1
0.234779835,0.443440408,0.053916611,-0.585017025,-0.803596020,0.109492384,4772,4772,2,-1
0.579587996,0.618178666,0.067495495,0.095562682,-0.659529686,0.745579243,4785,16797,2,-1
0.469288975,0.315051913,0.054747276,0.040564556,-0.998141348,0.045479245,4800,4800,2,-1
0.291446924,0.404188603,0.071112521,0.250129610,-0.873282135,-0.418107092,4813,4813,2,-1
0.577480853,0.513990104,0.059327174,0.299788892,-0.952425241,0.054889474,4846,15166,2,-1
0.303983867,0.325020373,0.073582143,0.837760806,0.208679140,-0.504588783,4866,4866,2,-1
0.400421202,0.334823817,0.061406836,0.922654152,-0.322344512,-0.211668164,4878,4878,2,-1
0.516717672,0.341035396,0.066405937,-0.108326025,0.429813445,0.896396101,4887,4887,2,-1
0.575237215,0.400256127,0.099794567,0.246056646,-0.371428400,-0.895263672,4901,4901,2,-1
0.509342372,0.315509379,0.066108786,-0.700860441,-0.700515270,-0.134436086,4911,4911,2,-1
0.446861207,0.480163783,0.065595090,-0.997028649,-0.063830733,0.043123618,4919,16798,2,-1
0.547845900,0.513482273,0.139330029,0.014094033,-0.155859023,-0.987678766,4922,15170,2,-1
0.586120546,0.466967374,0.058159918,0.578705311,-0.815386295,-0.015665559,4936,4936,2,-1
0.551950157,0.343883663,0.135313794,-0.849076271,0.501476526,-0.166104898,4945,16944,2,-1
0.542668998,0.400723100,0.062190443,-0.275312245,0.843266964,0.461632043,4952,4952,2,-1
0.485428244,0.371166319,0.066084623,-0.188652635,0.511456013,-0.838345408,4976,4976,2,-1
0.223343790,0.402918935,0.072659291,0.650412321,-0.441638649,-0.617996097,4986,16800,2,-1
0.543136179,0.310576648,0.071058251,-0.086168736,0.085433520,-0.992610753,4988,4988,2,-1
0.552144766,0.447394311,0.073299892,-0.053300325,-0.047085393,0.997467816,5001,15177,2,-1
0.434614986,0.324232608,0.056388266,0.932942986,0.342540532,0.110830478,5002,5002,2,-1
0.304234654,0.391586363,0.068864621,-0.691650987,-0.432751000,-0.578226209,5007,5007,2,-1
0.297784984,0.472491145,0.066306852,-0.016029917,-0.163474083,0.986417413,5011,16945,2,-1
0.261723787,0.360624760,0.075492136,0.121907204,-0.946367204,-0.299212158,5026,5026,2,-1
0.599571049,0.357092947,0.080896899,-0.877508044,-0.077414609,0.473272204,5033,5033,2,-1
0.493589371,0.357530594,0.058165718,-0.573903203,-0.781146109,0.245857552,5038,15178,2,-1
0.546554565,0.519113541,0.137019858,0.014381966,-0.421027154,0.906934023,5041,16802,2,-1
0.441819102,0.447965682,0.137996569,-0.998717308,0.047996204,0.016127406,5096,15703,2,-1
0.224129781,0.325257391,0.072829135,0.771164358,-0.611072838,-0.178593248,5102,5102,2,-1
0.401346922,0.310544282,0.071176521,0.022019705,0.010713002,-0.999700129,5112,5112,2,-1
0.571561575,0.510113239,0.067137390,0.166521862,0.097428143,0.981212676,5119,5119,2,-1
0.565021694,0.386370182,0.086709373,-0.047598749,0.017067058,-0.998720765,5187,5187,2,-1
0.259012252,0.489677817,0.066178009,0.282649845,0.163858891,-0.945124030,5256,5256,2,-1
0.313130319,0.363945365,0.073098369,-0.968076825,-0.066285513,0.241730422,5273,16804,2,-1
0.265661716,0.335062444,0.067418985,-0.949110091,0.239794701,0.204177797,5280,5280,2,-1
0.227547958,0.434348643,0.064079516,0.782847404,0.506178260,-0.361847430,5290,5290,2,-1
0.553098023,0.448292881,0.069352441,0.815297723,-0.254152179,-0.520284891,5316,5316,2,-1
0.359699637,0.432881802,0.056246612,0.016966939,0.991182029,0.131416291,5333,15189,2,-1
0.475130916,0.425316006,0.056848299,-0.398458064,-0.867217422,-0.298605412,5352,15705,2,-1
0.547297597,0.485161632,0.066391349,-0.090095632,-0.093891501,0.991497457,5354,5354,2,-1
0.368618250,0.372757554,0.137616158,-0.996306658,-0.082718998,-0.023036296,5369,15192,2,-1
0.351746291,0.402572751,0.070793316,-0.536774755,0.754290938,0.378045201,5378,16805,2,-1
0.586340785,0.319149852,0.104700290,-0.571581244,-0.820545495,-0.000353148,5379,5379,2,-1
0.552649438,0.435346603,0.138139620,-0.952126503,0.234964520,-0.195567846,5405,16806,2,-1
0.567646742,0.508667767,0.067357555,0.155091852,0.070767596,0.985362113,5415,5415,2,-1
0.189439103,0.472872823,0.134648487,0.567570567,0.820590317,-0.067046426,5417,5417,2,-1
0.275930732,0.371554494,0.067417756,-0.192001224,-0.139708146,-0.971399665,5422,16807,2,-1
0.518755436,0.453370810,0.061505623,0.444650739,-0.675456822,-0.588254929,5441,5441,2,-1
0.236916825,0.435843498,0.066726796,0.092849389,0.014504365,0.995574534,5536,5536,2,-1
0.589728892,0.455949605,0.119968921,-0.619443953,-0.004055994,0.785030484,5546,5546,2,-1
0.494986653,0.321720719,0.056578990,0.874499977,0.469346583,-0.122325979,5565,5565,2,-1
0.201945230,0.448857874,0.138215914,0.942025900,-0.185576558,-0.279550701,5589,15707,2,-1
0.189397335,0.470980525,0.132637724,-0.583764851,-0.303907514,0.752900362,5613,5613,2,-1
0.386603832,0.322426856,0.055733148,-0.997312129,0.003019711,-0.073208228,5637,5637,2,-1
0.418675035,0.316305041,0.054752670,-0.830333233,0.545637727,0.113253027,5649,16809,2,-1
0.353759944,0.396210462,0.068894655,0.594213843,-0.617046893,-0.515909910,5654,5654,2,-1
0.308130354,0.400493681,0.070049725,-0.259289026,0.872007430,0.415177405,5672,5672,2,-1
0.211490065,0.594642878,0.068831474,0.687801957,-0.725871503,0.006244136,5679,14233,1,-1
0.552850902,0.512051523,0.138063326,-0.999299228,0.035345048,-0.012320238,5695,15209,2,-1
0.293088496,0.436769217,0.070552558,0.480303675,0.874611616,-0.066052787,5704,5704,2,-1
0.258397430,0.333459139,0.069324769,-0.411413103,0.811102509,0.415754676,5710,5710,2,-1
0.533522666,0.416002303,0.061576046,-0.586822212,0.693491399,-0.417982668,5714,5714,2,-1
0.212190017,0.529478312,0.055461537,-0.451076686,0.857686996,0.246785060,5720,5720,2,-1
0.567823291,0.368600905,0.059172496,0.102886580,-0.950355291,0.293665171,5740,5740,2,-1
0.566710651,0.312885314,0.071044892,-0.089924872,0.071104921,-0.993407071,5750,5750,2,-1
0.311606944,0.369625956,0.059504762,-0.419640839,0.816526711,0.396466583,5762,15213,2,-1
0.328547210,0.361623496,0.137554765,-0.368378580,0.035584539,-0.928994656,5772,5772,2,-1
0.323680848,0.310476482,0.072514594,0.091314606,0.896709323,0.433098316,5793,5793,2,-1
0.216692701,0.368040651,0.066781841,-0.115947619,-0.015460540,0.993135035,5806,5806,2,-1
0.243877083,0.423108459,0.072517104,-0.882660508,0.406670809,-0.235646680,5834,15216,2,-1
0.449252069,0.361437172,0.073301449,0.370161593,0.101059012,-0.923454165,5839,5839,2,-1
0.350890905,0.309604675,0.075538129,-0.213380128,-0.461846173,0.860910654,5848,15217,2,-1
0.369814843,0.393363982,0.072847947,0.541484058,-0.587018728,-0.601833940,5867,16810,2,-1
0.249974310,0.429032981,0.061679598,-0.947816849,0.049214195,-0.314993978,5921,5921,2,-1
0.512116253,0.427871406,0.057220094,0.295165032,-0.895386398,-0.333407968,5922,15223,2,-1
0.269149899,0.481076986,0.055723134,0.168800756,0.948788166,-0.267034382,5929,5929,2,-1
0.448877752,0.394025445,0.060127649,-0.510343373,-0.655208945,-0.557001710,5940,5940,2,-1
0.247763827,0.316242725,0.057638109,-0.012145618,-0.988103151,-0.153312221,5967,5967,2,-1
0.590165198,0.338522226,0.072224520,-0.672385871,0.012188533,0.740100503,6015,16811,2,-1
0.190299585,0.305830121,0.078721970,0.763253987,-0.646070659,-0.006007834,6084,6084,2,-1
0.283169925,0.396285564,0.071103133,0.055050481,-0.875909626,-0.479324311,6116,16946,2,-1
0.227720708,0.436339587,0.071206942,-0.883020580,0.164320827,-0.439628750,6129,6129,2,-1
0.343938172,0.454236150,0.063388772,-0.211036995,-0.913479626,0.347877055,6167,6167,2,-1
0.332507849,0.334320366,0.058400646,-0.744926572,0.590202868,0.311038673,6180,6180,2,-1
0.598474681,0.361290187,0.096371107,-0.558288097,0.555470169,-0.616252720,6203,6203,2,-1
0.236472294,0.395634443,0.060808010,0.338030726,0.861875832,0.378028274,6276,6276,2,-1
0.360258132,0.371489435,0.068145603,-0.694947660,0.716264486,-0.063348718,6279,6279,2,-1
0.240301862,0.331336707,0.055806950,-0.407356858,0.847119093,0.341247290,6284,6284,2,-1
0.359297752,0.429198503,0.063720219,-0.487502754,0.368163288,0.791705072,6287,6287,2,-1
0.227024615,0.360948622,0.056741890,-0.538633645,-0.645476043,-0.541511297,6288,6288,2,-1
0.348508149,0.316027075,0.055329122,0.792315960,0.353307486,0.497402519,6361,6361,2,-1
0.336977899,0.373894781,0.057896130,-0.585188031,0.742721319,0.325453699,6426,15230,2,-1
0.448513240,0.325580925,0.057485074,-0.902643383,-0.396782458,0.166728958,6448,6448,2,-1
0.307007670,0.424460948,0.137995407,0.016011354,0.480189055,0.877018929,6455,6455,2,-1
0.252811432,0.497505248,0.072729759,-0.785693467,0.507494628,-0.353744417,6458,15231,2,-1
0.572564542,0.342401683,0.071410991,0.705757260,-0.279665053,0.650918007,6498,6498,2,-1
0.195858598,0.511908174,0.099677995,-0.019812765,0.006223813,-0.999784350,6509,6509,2,-1
0.246526659,0.398454875,0.066706628,-0.092744909,-0.055233307,-0.994156778,6513,15881,2,-1
0.313297838,0.376696676,0.071644761,-0.925055444,0.306081980,0.224914059,6517,6517,2,-1
0.193160698,0.591681838,0.089206345,0.015608869,-0.011267617,-0.999814689,6518,6518,2,-1
0.257619202,0.323105156,0.073660687,0.214917794,-0.030793520,0.976146579,6541,6541,2,-1
0.505103707,0.329279751,0.073746629,-0.182297125,-0.272972047,0.944592059,6569,6569,2,-1
0.542530060,0.475581557,0.076547079,0.296727180,-0.905741036,-0.302632213,6584,6584,2,-1
0.425974339,0.360532999,0.057550676,0.881202400,0.467452228,-0.070504196,6604,6604,2,-1
0.268151402,0.367385775,0.073628567,-0.059709299,0.183224961,0.981256127,6630,6630,2,-1
0.303124011,0.467086017,0.060981717,-0.979646087,-0.107254878,0.169676036,6638,6638,2,-1
0.547219574,0.332045823,0.073748335,0.906662703,-0.169132963,0.386467129,6707,6707,2,-1
0.288274795,0.322259814,0.056807589,-0.005884019,-0.995726466,-0.092164457,6713,6713,2,-1
0.405056506,0.326053530,0.073675722,-0.022020061,0.135010898,0.990599394,6732,15236,2,-1
0.573280454,0.383658707,0.089139678,-0.285385579,0.708334625,-0.645613790,6738,6738,2,-1
0.481571406,0.386837125,0.072305895,0.361722708,-0.862729609,-0.353347242,6777,6777,2,-1
0.204594821,0.533139229,0.066180445,0.114293687,-0.050972469,-0.992138505,6824,6824,2,-1
0.290904522,0.433835775,0.069643773,0.547190666,-0.737214983,-0.396353900,6828,6828,2,-1
0.430991769,0.314471602,0.080624409,0.950496078,0.297695398,-0.089076787,6844,6844,2,-1
0.208067417,0.532934546,0.066029713,-0.137881577,0.050116420,0.989180028,6911,6911,2,-1
0.500195861,0.360796750,0.069727279,0.609759629,0.622964263,0.490009010,6931,6931,2,-1
0.578574777,0.484888673,0.061120771,-0.454834878,0.843675673,-0.285195619,6979,6979,2,-1
0.339898735,0.635827899,0.118430249,0.637743533,0.567940593,-0.520314097,7044,7044,2,-1
0.509311140,0.474739641,0.072592460,0.752348602,-0.161729023,0.638604224,7063,16812,2,-1
0.504232347,0.481000811,0.073334076,0.320977211,-0.108623646,-0.940837204,7105,7105,2,-1
0.217922211,0.607747018,0.067986898,0.369249701,0.929304481,-0.006922432,7120,15241,2,-1
0.482959300,0.427117169,0.065639786,-0.080138117,-0.970843196,-0.225923598,7131,7131,2,-1
0.586138129,0.318639368,0.114462182,-0.550510824,-0.834826529,0.001592870,7141,7141,2,-1
0.345552981,0.457772046,0.067488186,-0.657654464,-0.117356904,-0.744122267,7151,7151,2,-1
0.578249574,0.518911123,0.069729745,0.525256276,-0.827174544,0.199720159,7160,7160,2,-1
0.549340606,0.369741201,0.059802152,-0.675803244,0.607237279,0.417795390,7171,7171,2,-1
0.261579603,0.418401599,0.058360979,0.809745848,0.308763176,0.498975962,7265,7265,2,-1
0.232099473,0.614071667,0.077397913,-0.317979813,0.072657935,-0.945309281,7275,7275,2,-1
0.290033966,0.368492246,0.056985840,0.429651290,-0.866640210,-0.253642708,7375,16813,2,-1
0.304647923,0.389253199,0.072806805,0.015650317,0.310919613,0.950307369,7382,7382,2,-1
0.262397677,0.513429582,0.139156997,-0.020332811,-0.697479844,0.716315985,7433,16814,2,-1
0.547823250,0.512728631,0.138206154,0.128292456,-0.884318292,0.448912293,7441,7441,2,-1
0.244787782,0.427034944,0.073733166,-0.006499114,-0.144402847,-0.989497662,7585,7585,2,-1
0.406512886,0.562066495,0.053951994,-0.952619791,-0.164891824,0.255589873,7597,15247,2,-1
0.295249134,0.364389658,0.073531806,-0.175567523,0.169125199,0.969831288,7601,7601,2,-1
0.530374765,0.387741148,0.058716737,0.795725048,-0.575959086,0.187330738,7710,7710,2,-1
0.271553636,0.439386040,0.071756124,0.306374073,-0.865153551,-0.397044450,7802,7802,2,-1
0.430629700,0.311510742,0.082439281,0.308317661,-0.324666232,0.894165635,7851,7851,2,-1
0.191393837,0.306723714,0.091992646,-0.964527249,0.263919175,0.005820283,7862,15251,2,-1
0.249374092,0.367645890,0.073459640,-0.988668680,-0.038722258,-0.145033911,7880,15252,2,-1
0.271918535,0.365954757,0.072163999,0.943923593,0.099404208,0.314844728,7958,15254,2,-1
0.257329285,0.372240007,0.138207808,-0.995963097,0.079359166,0.041949417,7976,15255,2,-1
0.572786570,0.345186889,0.061602265,-0.510795414,-0.859702110,-0.000627464,8016,8016,2,-1
0.354703039,0.582666039,0.135121912,-0.981340706,0.133480072,-0.138396174,8025,8025,2,-1
0.254750192,0.412733853,0.071370348,-0.135352537,-0.824956477,-0.548749924,8040,8040,2,-1
0.589384198,0.460153043,0.118091591,0.698979437,-0.709411144,0.090352826,8129,16816,2,-1
0.214306653,0.312602520,0.070973001,-0.094170704,-0.061481815,0.993655860,8149,8149,2,-1
0.277679652,0.324594408,0.072038904,0.296509326,-0.858080447,-0.419261456,8150,8150,2,-1
0.469594181,0.367461443,0.061162245,-0.400486737,-0.602837205,-0.690070868,8181,8181,2,-1
0.281907558,0.396198899,0.066102870,0.890384912,0.442331523,0.107506096,8196,8196,2,-1
0.294734597,0.634746969,0.116078578,-0.048199255,0.079345576,-0.995681226,8365,8365,2,-1
0.479658663,0.356251329,0.057410512,0.923890769,0.380214483,-0.043161482,8370,8370,2,-1
0.522693396,0.353610218,0.056464560,0.668570518,0.725441039,-0.163550392,8419,8419,2,-1
0.568658710,0.499101162,0.067262694,-0.240135610,-0.747770727,0.619010389,8439,8439,2,-1
0.350998074,0.448368639,0.056179989,-0.171677440,-0.954312861,0.244568795,8541,15259,2,-1
0.402944326,0.343317121,0.072230980,0.947765648,-0.173425987,-0.267700821,8565,8565,2,-1
0.473464489,0.327800125,0.073661529,-0.384330481,0.027704399,0.922779858,8617,15260,2,-1
0.338852614,0.313629776,0.133008927,-0.998895586,-0.021734735,0.041656081,8651,8651,2,-1
0.342580914,0.427607626,0.069329865,-0.179070517,0.687218368,0.704034626,8662,8662,2,-1
0.581651270,0.504954636,0.078288041,0.364593416,-0.003910034,-0.931158602,8674,8674,2,-1
0.575317740,0.388544202,0.095474236,0.055200584,-0.125965178,-0.990497768,8718,8718,2,-1
0.213194355,0.361075759,0.073509723,0.634396136,-0.548610449,-0.544580758,8750,8750,2,-1
0.188090190,0.317164034,0.056281500,0.823502123,0.483423859,0.296893328,8871,8871,2,-1
0.272987455,0.487319499,0.066701107,0.622743368,0.563019633,0.543322802,8910,8910,2,-1
0.548423231,0.433348298,0.137688667,-0.081220642,-0.970752299,0.225927696,8982,8982,2,-1
0.561111808,0.461825162,0.066541143,0.376738966,-0.569270611,-0.730752170,9001,9001,2,-1
0.570174575,0.310625404,0.071078017,-0.100058921,0.080365688,-0.991730630,9153,9153,2,-1
0.295135528,0.484303892,0.055692181,-0.622482657,-0.593202710,-0.510515451,9190,9190,2,-1
0.203572348,0.449599028,0.139171153,0.045347419,0.151054919,0.987484753,9295,9295,2,-1
0.291493595,0.473060369,0.061922371,-0.868557036,0.066062786,0.491166443,9380,9380,2,-1
0.279824376,0.325277925,0.073725879,0.964228392,-0.264613628,-0.015599151,9392,9392,2,-1
0.290647537,0.335239202,0.066995628,-0.096897215,-0.223456010,-0.969885767,9406,9406,2,-1
0.454628795,0.356491774,0.056346722,0.889379621,0.457169533,0.000195384,9451,9451,2,-1
0.346981615,0.321573079,0.057269219,0.811178982,-0.555327952,0.183301941,9476,9476,2,-1
0.351488858,0.303414106,0.073337339,0.889249742,-0.457293361,0.010851622,9484,9484,2,-1
0.369582862,0.314446747,0.077849500,-0.039884936,-0.121280268,0.991816759,9491,9491,2,-1
0.263325244,0.363971263,0.066164255,0.704059422,-0.468502343,0.533672214,9525,9525,2,-1
0.266986191,0.371507078,0.060594559,-0.706094086,0.675444067,0.212618425,9551,9551,2,-1
0.598917961,0.359927893,0.100588530,0.648071051,0.186385378,-0.738420248,9656,9656,2,-1
0.413912773,0.558874488,0.064751118,-0.182716712,-0.982592225,0.033572756,9670,16818,2,-1
0.466592371,0.486769289,0.055674780,0.878604531,0.045342404,0.475392699,9697,9697,2,-1
0.541934431,0.426777095,0.057838514,-0.603712440,-0.738668442,-0.299833894,9876,9876,2,-1
0.262773693,0.327956408,0.073414780,0.804002285,0.277392536,0.525959909,9960,9960,2,-1
0.306328863,0.634787500,0.116100371,-0.044614047,0.082932152,-0.995556116,9972,9972,2,-1
0.332518607,0.467703164,0.059572581,0.871153653,-0.478087813,-0.111908257,10200,10200,2,-1
0.494984388,0.444888979,0.059158694,0.064840019,-0.964834452,0.254735768,10377,10377,2,-1
0.473265141,0.456402451,0.065894164,-0.095950991,-0.784255087,-0.612974226,10392,10392,2,-1
0.201663733,0.521845698,0.137075350,-0.988726735,-0.084777892,0.123418599,10418,10418,2,-1
0.345919251,0.454833895,0.071781732,0.820026875,-0.301696301,-0.486349016,10836,10836,2,-1
0.599555552,0.332400739,0.086982436,-0.675106645,-0.106474429,0.729996026,10838,10838,2,-1
0.302746654,0.390577197,0.066476740,-0.190560594,-0.981141686,-0.032368373,10854,10854,2,-1
0.309875160,0.427630186,0.069918320,-0.603270173,-0.391626239,-0.694761872,10921,10921,2,-1
0.272740185,0.369592249,0.073720448,0.921630502,-0.304571271,-0.240486130,10954,10954,2,-1
0.210210592,0.366120160,0.066569373,-0.123277098,-0.045787189,0.991315484,10982,10982,2,-1
0.211700156,0.529496968,0.060803682,0.000000000,-0.997904241,0.064707711,11363,11363,2,-1
0.263750523,0.492945135,0.066711158,0.077184305,0.030143954,0.996561050,11405,11405,2,-1
0.568573356,0.367617846,0.055077903,0.794765055,0.530561268,0.294708937,11687,11687,2,-1
0.510202229,0.314143211,0.084408000,-0.788385868,-0.615180910,-0.000398345,11814,11814,2,-1
0.240523562,0.328830242,0.061344143,-0.544464350,-0.755124569,-0.365165114,11911,11911,2,-1
0.562511444,0.450969160,0.066239014,0.062430382,-0.115824498,-0.991305768,11979,11979,2,-1
0.502249241,0.356452495,0.058982488,-0.111526057,-0.870296717,0.479734987,12030,12030,2,-1
0.599197507,0.361923635,0.085354507,0.427135676,-0.187641621,-0.884503126,12322,12322,2,-1
0.451215565,0.373506874,0.066007674,0.923560917,0.020631140,-0.382896364,13221,13221,2,-1
