0.435525268,0.140956089,0.397623450,0.999977887,0.005175017,-0.004186384,1,11655,1
0.435525268,0.140956089,0.397623450,0.999977887,0.005175017,-0.004186384,1,11655,-1
0.449479640,0.086514577,0.503909111,0.045356244,-0.009758202,-0.998923242,2,11067,-1
0.449479640,0.086514577,0.503909111,-0.004134385,-0.010026583,-0.999941170,2,11655,-1
0.449479640,0.086514577,0.503909111,-0.004182038,-0.000858780,-0.999990940,2,11655,-1
0.447233975,0.107292488,0.500896454,-0.094435930,0.849523842,-0.519029140,32,10342,2
0.447739482,0.110834479,0.420021623,-0.003875124,-0.995241225,-0.097365253,34,10343,2
0.449055433,0.185480818,0.457361102,-0.004182038,-0.000858780,-0.999990940,40,11655,1
0.449055433,0.185480818,0.457361102,-0.004182038,-0.000858780,-0.999990880,40,11655,-1
0.449258327,0.176697806,0.490256369,0.896761179,0.250989854,0.364449501,57,57,2
0.456030309,0.205399677,0.469099432,0.989804029,-0.058966506,0.129657015,63,8848,2
0.455093294,0.207333907,0.489206523,-0.054191545,-0.998510659,-0.006308399,67,8849,2
0.431800932,0.237816736,0.500056386,0.831607044,-0.083345257,-0.549074948,83,8851,2
0.454043657,0.243279964,0.477214545,0.908300817,0.201146990,0.366782755,86,86,2
0.444156855,0.071069747,0.591567516,-0.259239614,-0.279196709,0.924577773,104,8854,2
0.450265199,0.092391513,0.595577836,-0.009154726,0.035222109,-0.999337614,117,10351,-1
0.450265199,0.092391513,0.595577836,-0.004366288,0.035247296,-0.999369085,117,11655,-1
0.450265199,0.092391513,0.595577836,-0.004182038,-0.000858780,-0.999990940,117,11655,-1
0.450265199,0.092391513,0.595577836,0.004539602,-0.070250213,0.997519076,117,11655,-1
0.448433012,0.182221934,0.548834682,-0.004182038,-0.000858780,-0.999990940,149,11655,1
0.448433012,0.182221934,0.548834682,-0.004182038,-0.000858780,-0.999990880,149,11655,-1
0.455725253,0.212368250,0.561649740,0.991620779,0.067007378,0.110445663,162,11074,2
0.449090838,0.086441547,0.685956836,0.094234228,0.075984277,-0.992646158,195,11655,1
0.449090838,0.086441547,0.685956836,0.094234221,0.075984277,-0.992646158,195,11655,-1
0.447569370,0.193308786,0.640558660,-0.004182038,-0.000858780,-0.999990940,232,11655,1
0.447569370,0.193308786,0.640558660,-0.004182038,-0.000858780,-0.999990880,232,11655,-1
0.455210716,0.211692572,0.661938012,-0.994981766,-0.019095004,-0.098217934,248,10364,2
0.447308183,0.092654742,0.411087871,0.004539602,-0.070250213,0.997519076,271,11655,1
0.447308183,0.092654742,0.411087871,0.004539601,-0.070250206,0.997519076,271,11655,-1
0.447308183,0.092654742,0.411087871,-0.013724147,0.020794511,-0.999689579,271,11655,-1
0.449779689,0.101082072,0.360854089,-0.394258082,0.011639008,0.918926060,288,11081,2
0.447780728,0.183365986,0.365692019,-0.004182038,-0.000858780,-0.999990940,316,11655,1
0.447780728,0.183365986,0.365692019,-0.004182038,-0.000858780,-0.999990880,316,11655,-1
0.458859861,0.196958527,0.368619651,0.914866745,0.005075752,0.403723955,325,11655,1
0.458859861,0.196958527,0.368619651,0.914866805,0.005075752,0.403723955,325,11655,-1
0.451986730,0.207726851,0.399203002,-0.061994858,-0.997804523,0.023297178,337,11398,-1
0.451986730,0.207726851,0.399203002,-0.062102903,-0.998069167,0.001116892,337,11655,-1
0.451986730,0.207726851,0.399203002,-0.064543433,-0.997914314,0.001126966,337,11655,-1
0.432268262,0.237412900,0.401510000,0.168727428,-0.029827844,-0.985211313,351,351,2
0.429676175,0.053530224,0.296272844,-0.065198153,-0.997537613,0.025842942,382,382,2
0.446802735,0.104353003,0.320515007,-0.087838225,0.013276478,0.996046305,410,11400,-1
0.446802735,0.104353003,0.320515007,-0.094965130,0.013239353,0.995392561,410,11655,-1
0.446802735,0.104353003,0.320515007,0.094906315,-0.000341866,-0.995486140,410,11655,-1
0.448866189,0.204117075,0.274176806,-0.004182038,-0.000858780,-0.999990940,424,11655,1
0.448866189,0.204117075,0.274176806,-0.004182038,-0.000858780,-0.999990880,424,11655,-1
0.459365457,0.194445893,0.282844692,-0.995472729,-0.005234554,-0.094903201,425,11655,1
0.459365457,0.194445893,0.282844692,-0.995472729,-0.005234546,-0.094903201,425,11655,-1
0.449427962,0.208034068,0.310899854,-0.064543433,-0.997914314,0.001126966,451,11655,1
0.449427962,0.208034068,0.310899854,-0.064543441,-0.997914255,0.001126966,451,11655,-1
0.449427962,0.208034068,0.310899854,0.120366842,0.992728591,-0.001355883,451,11655,-1
0.449813545,0.083900355,0.777651846,-0.171280324,-0.103067145,0.979816437,496,11404,2
0.447806388,0.195601866,0.732131720,-0.004182038,-0.000858780,-0.999990940,511,11655,1
0.447806388,0.195601866,0.732131720,-0.004182038,-0.000858780,-0.999990880,511,11655,-1
0.454513729,0.206654340,0.766297936,-0.167550296,-0.985858142,0.003258002,520,520,2
0.446789354,0.094900995,0.229620069,0.060806256,0.062512070,-0.996190190,533,11544,2
0.448736578,0.211295202,0.182998165,0.094906315,-0.000341866,-0.995486140,551,11655,1
0.448736578,0.211295202,0.182998165,0.094906315,-0.000341866,-0.995486140,551,11655,-1
0.458523601,0.217365876,0.190096006,-0.972519994,0.004792154,-0.232770130,568,10400,2
0.451738864,0.206999287,0.213940814,0.007867261,-0.999968588,-0.000987493,578,8948,2
0.443156511,0.225416824,0.216171712,-0.649955750,-0.208662629,-0.730764925,590,11102,2
0.431103289,0.226191938,0.220128283,-0.966848135,-0.162166670,0.197247893,592,10403,2
0.442012250,0.240723878,0.214936376,0.539626122,-0.721503735,0.433861881,608,11104,2
0.443835229,0.241992041,0.204480112,0.034993317,-0.953467667,-0.299457610,611,10406,2
0.453419834,0.278676540,0.503134966,0.399338722,0.009048752,-0.916758776,683,8962,2
0.449954361,0.275953680,0.686043203,0.141560972,-0.070058823,-0.987447381,717,10407,2
0.453950047,0.278585941,0.595090747,0.421228647,0.033046111,-0.906352341,763,10409,2
0.453456819,0.277494282,0.411527932,0.333397180,-0.065653369,-0.940497756,839,10411,2
0.446839541,0.103535287,0.344553739,0.190976486,0.647519886,0.737730384,860,10413,2
0.454809248,0.276421189,0.320423663,0.627674937,-0.038391877,-0.777528286,917,917,2
0.449772894,0.276595622,0.776993036,0.091400467,-0.044324942,-0.994827271,938,938,2
0.434111416,0.074570984,0.264867455,-0.213030756,-0.000806594,0.977045178,940,940,2
0.457691789,0.274073243,0.233846530,-0.893788278,0.349050224,-0.281614095,985,8987,2
0.455322951,0.283048749,0.229669511,0.289831996,0.021420360,-0.956837833,988,10417,2
0.450382769,0.093204513,0.137186155,0.048728239,-0.014387519,-0.998708427,1006,1006,2
0.459461153,0.275213867,0.139749020,-0.996426702,0.025865786,0.080403842,1056,1056,2
0.492694110,0.377263606,0.381028533,0.915057242,0.403302401,-0.004173147,1058,11655,1
0.492694110,0.377263606,0.381028533,0.915057242,0.403302401,-0.004173147,1058,11655,-1
0.503260672,0.355626345,0.357667357,0.908228576,-0.049365696,0.415552527,1063,10421,2
0.495920211,0.369811267,0.320609719,-0.018213658,0.017076256,0.999688268,1064,10422,2
0.501197994,0.369124562,0.355740488,0.848464787,-0.450893581,-0.277132839,1074,9002,2
0.486669540,0.351410478,0.224973485,0.005178521,-0.999986231,0.000837161,1075,11655,1
0.486669540,0.351410478,0.224973485,0.005178521,-0.999986231,0.000837161,1075,11655,-1
0.502376199,0.361394227,0.308964044,-0.298936814,-0.098779939,0.949146688,1079,10424,2
0.494148493,0.378856063,0.315269798,0.120366842,0.992728591,-0.001355883,1081,11655,1
0.494148493,0.378856063,0.315269798,0.120366842,0.992728591,-0.001355883,1081,11655,-1
0.494148493,0.378856063,0.315269798,-0.064543433,-0.997914314,0.001126966,1081,11655,-1
0.499968350,0.436716676,0.300430268,0.997957170,0.063746892,-0.004228234,1103,11655,1
0.499968350,0.436716676,0.300430268,0.997957170,0.063746884,-0.004228234,1103,11655,-1
0.490787655,0.457115114,0.355712652,0.000788415,-0.016715763,0.999859989,1107,11111,-1
0.490787655,0.457115114,0.355712652,0.004272224,-0.016697837,0.999851465,1107,11655,-1
0.490787655,0.457115114,0.355712652,-0.004182038,-0.000858780,-0.999990940,1107,11655,-1
0.490787655,0.457115114,0.355712652,0.004539602,-0.070250213,0.997519076,1107,11655,-1
0.471834511,0.467165619,0.319790900,0.003254399,0.168524042,0.985692143,1114,11655,1
0.471834511,0.467165619,0.319790900,0.003254399,0.168524057,0.985692263,1114,11655,-1
0.471834511,0.467165619,0.319790900,-0.003102131,-0.194142550,-0.980968416,1114,11655,-1
0.475904107,0.467958391,0.316434890,0.071678065,-0.152431712,0.985711336,1116,11655,1
0.475904107,0.467958391,0.316434890,0.071678072,-0.152431741,0.985711336,1116,11655,-1
0.404784679,0.460574597,0.391578585,0.005178521,-0.999986231,0.000837161,1118,11655,1
0.404784679,0.460574597,0.391578585,0.005178521,-0.999986231,0.000837161,1118,11655,-1
0.474341989,0.463342756,0.312861681,0.005948566,-0.890822172,-0.454313219,1137,11114,-1
0.474341989,0.463342756,0.312861681,0.002708264,-0.890843689,-0.454302013,1137,11655,-1
0.474341989,0.463342756,0.312861681,-0.002629405,0.884887695,0.465797096,1137,11655,-1
0.484830409,0.472400397,0.321659744,-0.990027726,0.114271455,-0.082384281,1163,11117,2
0.490002424,0.474627465,0.316553324,-0.817353427,-0.303476840,-0.489729851,1184,11119,2
0.469449520,0.484846622,0.323136240,-0.030459713,0.999345839,0.019496461,1186,11120,2
0.495389670,0.362036258,0.226386681,-0.707596660,-0.209557787,0.674827754,1206,10448,2
0.501852870,0.358341217,0.232604697,-0.993483305,0.107018963,0.039215684,1207,11551,-1
0.501852870,0.358341217,0.232604697,-0.994244754,0.107054949,0.004066113,1207,11655,-1
0.501852870,0.358341217,0.232604697,-0.991607070,0.129002184,-0.008594712,1207,11655,-1
0.495636970,0.366160035,0.271104932,0.013985763,-0.581244111,0.813609123,1220,11418,2
0.493940234,0.366876602,0.228270829,-0.074716739,-0.403069198,0.912114382,1224,10452,2
0.463106215,0.399667412,0.222286507,0.372081161,-0.861296296,-0.346012235,1265,11123,2
0.458630830,0.413699239,0.228722841,0.085158989,-0.077931374,-0.993314981,1270,9063,2
0.489391327,0.456761748,0.264285147,-0.013724147,0.020794511,-0.999689579,1275,11655,1
0.489391327,0.456761748,0.264285147,-0.004293444,0.020844243,-0.999773562,1275,11655,-1
0.489391327,0.456761748,0.264285147,0.004539602,-0.070250213,0.997519076,1275,11655,-1
0.495803118,0.446436614,0.218330026,-0.041758139,-0.011773590,-0.999058366,1278,11125,2
0.484990507,0.460464776,0.227662593,-0.002629405,0.884887695,0.465797096,1287,11655,1
0.484990507,0.460464776,0.227662593,-0.002629405,0.884887695,0.465797037,1287,11655,-1
0.463856906,0.463278204,0.266836584,0.843795300,-0.511482000,0.162467703,1291,10462,2
0.426903844,0.462895572,0.219565317,-0.675996900,0.736021340,0.036068298,1305,11129,-1
0.426903844,0.462895572,0.219565317,-0.676526785,0.736414790,0.002196906,1305,11655,-1
0.496323675,0.463087052,0.221488446,-0.635801077,0.432456076,-0.639326870,1310,11130,2
0.465952277,0.474005133,0.228308052,-0.004182038,-0.000858780,-0.999990940,1312,11655,1
0.465952277,0.474005133,0.228308052,-0.004182038,-0.000858780,-0.999990880,1312,11655,-1
0.485146582,0.475308925,0.232174918,-0.984136105,0.117185995,-0.133204952,1327,11132,2
0.459201068,0.484953552,0.234247729,-0.011737716,0.999922454,0.004174041,1350,11133,-1
0.459201068,0.484953552,0.234247729,-0.005157702,0.999978125,0.004146583,1350,11655,-1
0.459201068,0.484953552,0.234247729,0.005178521,-0.999986231,0.000837161,1350,11655,-1
0.499316067,0.367673486,0.412790745,-0.057335865,0.061843395,0.996437728,1364,10472,2
0.500108182,0.375025630,0.453871250,0.329648942,-0.791609347,0.514476597,1372,10473,2
0.492393225,0.456839681,0.446933180,-0.016304601,-0.030194717,0.999411047,1384,11421,2
0.469321638,0.469987392,0.409154713,0.070574254,-0.149922445,0.986175716,1392,11655,1
0.469321638,0.469987392,0.409154713,0.070574276,-0.149922445,0.986175716,1392,11655,-1
0.459973186,0.484678835,0.415158123,0.017700892,-0.999737203,-0.014572120,1456,11425,2
0.502719820,0.364638001,0.538371921,-0.035992850,-0.001821477,0.999350369,1482,10488,2
0.500835776,0.369220823,0.505063653,-0.143966258,0.037397232,0.988875747,1484,10489,2
0.493558735,0.456884235,0.538716435,0.006737434,-0.027380968,0.999602377,1504,11142,2
0.466384470,0.471548498,0.501136363,0.070125215,-0.148901567,0.986362457,1508,11655,1
0.466384470,0.471548498,0.501136363,0.070125185,-0.148901582,0.986362398,1508,11655,-1
0.462504327,0.484507561,0.511700988,0.014983579,-0.999667943,-0.020964406,1567,10502,2
0.498250902,0.357716948,0.630322695,0.077958569,0.026424240,0.996606410,1584,9149,2
0.500828266,0.372964740,0.595960915,0.259660304,0.029390264,0.965252697,1585,10503,2
0.488657326,0.368953943,0.632739782,-0.016086495,-0.398007274,-0.917241216,1593,9152,2
0.493464887,0.457696974,0.630442500,0.028077660,-0.009976504,0.999556005,1614,10506,2
0.464214653,0.472104818,0.593033373,0.004815755,-0.128300339,0.991723716,1625,11655,1
0.464214653,0.472104818,0.593033373,0.004815756,-0.128300339,0.991723716,1625,11655,-1
0.361364812,0.472466886,0.638067067,0.005659720,-0.330023497,0.943955779,1644,11655,1
0.361364812,0.472466886,0.638067067,0.005659720,-0.330023497,0.943955779,1644,11655,-1
0.462891370,0.484501243,0.599947155,0.013700740,-0.999034226,-0.041747760,1664,10513,2
0.493332952,0.458381504,0.722028434,0.020771476,-0.007904369,0.999752998,1697,9172,2
0.467661619,0.469080508,0.683085740,0.086462073,-0.186047554,0.978729129,1701,11655,1
0.467661619,0.469080508,0.683085740,0.086462073,-0.186047554,0.978729129,1701,11655,-1
0.455778569,0.484255672,0.689070523,-0.063551217,0.911736846,0.405829042,1720,9178,2
0.502385020,0.356309116,0.170407310,0.673965693,0.021330472,-0.738454700,1743,10519,2
0.505905807,0.432324439,0.137370095,-0.004182038,-0.000858780,-0.999990940,1745,11655,1
0.505905807,0.432324439,0.137370095,-0.004182038,-0.000858780,-0.999990880,1745,11655,-1
0.501396537,0.367747217,0.126837343,-0.045766663,0.096338443,-0.994295955,1753,11437,2
0.504970610,0.356953382,0.127197638,-0.992081642,-0.031671524,0.121536009,1754,10523,2
0.485225558,0.361000448,0.173493505,0.388325095,-0.346114963,-0.854053915,1764,11159,2
0.500228941,0.368419856,0.177266136,-0.971926808,0.160548344,-0.171995774,1766,11160,2
0.486534715,0.365819246,0.179162234,0.999655604,0.026154218,0.002178250,1773,11161,2
0.495700568,0.365185201,0.183973089,-0.026918773,-0.005785109,0.999620914,1782,11162,2
0.450052232,0.396889746,0.177746356,-0.086592212,-0.993129730,0.078709640,1804,11164,2
0.456970960,0.409983367,0.164174482,0.596804738,-0.801912963,0.027564431,1806,10532,2
0.500977159,0.427840292,0.133038446,0.922315359,-0.059135713,0.381886721,1813,11165,2
0.492716968,0.427903265,0.156560153,0.026060447,0.999312639,-0.026366774,1826,11167,-1
0.492716968,0.427903265,0.156560153,-0.005283208,0.999641478,-0.026248459,1826,11655,-1
0.492716968,0.427903265,0.156560153,-0.064543433,-0.997914314,0.001126966,1826,11655,-1
0.487239689,0.457279533,0.172504961,-0.013622809,-0.037996013,0.999185085,1843,11439,-1
0.487239689,0.457279533,0.172504961,0.004379567,-0.037908994,0.999271572,1843,11655,-1
0.487239689,0.457279533,0.172504961,-0.004182038,-0.000858780,-0.999990940,1843,11655,-1
0.487239689,0.457279533,0.172504961,0.004539602,-0.070250213,0.997519076,1843,11655,-1
0.499408245,0.457860112,0.180800408,-0.917202532,0.395926297,0.044519424,1846,10538,2
0.496020555,0.458158165,0.136526495,-0.534682631,-0.679914832,-0.501827002,1850,10539,2
0.484887958,0.466838300,0.128673688,0.017869050,0.615912974,-0.787611604,1925,11172,2
0.465911120,0.484699517,0.141659901,0.005608969,-0.999629676,0.026628165,1955,11173,2
0.501348019,0.364473850,0.814741731,0.024338823,-0.020089567,0.999501944,1968,10556,2
0.494197130,0.457193166,0.814139426,0.021382704,0.031332627,0.999280274,1997,9256,2
0.463191241,0.471896172,0.775813282,0.069912024,-0.148417041,0.986450553,1999,11655,1
0.463191241,0.471896172,0.775813282,0.069912039,-0.148417056,0.986450613,1999,11655,-1
0.456049621,0.484465986,0.782355130,-0.026137736,0.996850014,0.074879222,2022,9261,2
0.500712335,0.367203534,0.459062815,-0.088141620,0.084206149,0.992542386,2031,10561,2
0.502528727,0.358979523,0.492993087,0.035598151,-0.025067767,-0.999051809,2032,10562,2
0.503265738,0.353311539,0.401297003,0.067929007,-0.033919003,-0.997113466,2071,10564,2
0.497298390,0.369710445,0.366809070,-0.027720075,0.062956840,0.997631192,2073,10565,2
0.465782434,0.437994838,0.366526961,0.008960960,-0.993476331,-0.113686182,2097,2097,2
0.408495098,0.469662666,0.367545485,-0.264693320,0.057317343,0.962627769,2108,11176,2
0.500226557,0.372318357,0.550824463,-0.174148083,0.014055497,0.984619200,2128,10567,2
0.501794875,0.374955863,0.583730817,0.969104111,-0.235425830,-0.073565483,2132,9282,2
0.502118587,0.364684373,0.642224729,-0.712939799,0.046425935,0.699686706,2223,9295,2
0.495743722,0.357472211,0.676344693,-0.037531126,-0.004021582,-0.999287426,2225,2225,2
0.409246176,0.465079129,0.677898467,0.032210425,-0.300651312,0.953190029,2251,11178,-1
0.409246176,0.465079129,0.677898467,0.005549528,-0.300896287,0.953640759,2251,11655,-1
0.409246176,0.465079129,0.677898467,0.005659720,-0.330023497,0.943955779,2251,11655,-1
0.496423692,0.366087079,0.219407916,0.121360168,-0.109501906,-0.986550152,2275,10575,2
0.454348475,0.414594412,0.183341712,-0.007084687,-0.030555472,-0.999507964,2304,10577,2
0.484677643,0.427912652,0.209877148,-0.070614517,-0.997495532,-0.004036263,2315,9311,2
0.497458041,0.354610503,0.768070281,-0.057235520,-0.015565922,-0.998239338,2347,2347,2
0.476335615,0.461283356,0.126134485,-0.013883489,0.127866670,0.991694212,2406,11179,2
0.457800657,0.475523829,0.121271908,0.703679323,0.628188372,0.331986248,2424,11180,2
0.405300140,0.459762812,0.517090797,-0.965177298,-0.260626614,-0.022507325,2455,9336,2
0.351057172,0.483746648,0.463876516,0.005178521,-0.999986231,0.000837161,2458,11655,1
0.351057172,0.483746648,0.463876516,0.005178521,-0.999986231,0.000837161,2458,11655,-1
0.362912804,0.474372566,0.456520051,-0.004182038,-0.000858780,-0.999990940,2461,11655,1
0.362912804,0.474372566,0.456520051,-0.004182038,-0.000858780,-0.999990880,2461,11655,-1
0.356796324,0.470962733,0.547978818,-0.004182038,-0.000858780,-0.999990940,2487,11655,1
0.356796324,0.470962733,0.547978818,-0.004182038,-0.000858780,-0.999990880,2487,11655,-1
0.382189363,0.454673320,0.541636825,0.065953635,-0.636373699,-0.768556237,2489,9345,2
0.378052682,0.459159762,0.519186497,-0.008629383,0.541566193,-0.840613902,2495,9346,2
0.346947283,0.475964814,0.487926155,0.961076915,0.252114266,-0.113002568,2515,9352,2
0.340542823,0.463286996,0.530627489,-0.550432682,0.833275557,-0.051727988,2536,9355,2
0.341158867,0.462900370,0.429171115,0.567932904,-0.821669877,0.048071850,2542,10595,2
0.320554703,0.453058511,0.541869640,-0.045268986,0.374057174,0.926300168,2544,9358,2
0.298235089,0.459214181,0.558507442,-0.198926821,-0.938710332,-0.281515747,2549,11446,2
0.303490102,0.466847360,0.459014833,-0.610032201,-0.072254471,-0.789075494,2552,11187,2
0.297617465,0.457898676,0.484945148,-0.976600409,-0.181250334,0.115758449,2559,11447,2
0.279150635,0.460054338,0.503751755,-0.124757752,0.946924031,0.296260864,2574,11448,2
0.285762727,0.459299713,0.537349164,0.359072745,-0.357218117,0.862242520,2584,11190,2
0.410871834,0.461094111,0.401445955,0.001617537,0.254766077,-0.967001438,2585,10605,2
0.361972898,0.483431965,0.377721518,0.011732722,0.999106944,0.040591717,2589,11449,-1
0.361972898,0.483431965,0.377721518,-0.005000576,0.999160230,0.040667467,2589,11655,-1
0.361972898,0.483431965,0.377721518,0.005178521,-0.999986231,0.000837161,2589,11655,-1
0.406132072,0.459884375,0.443611741,-0.970360816,-0.195519149,0.142028823,2590,10608,2
0.328413248,0.458485842,0.365067244,-0.004182038,-0.000858780,-0.999990940,2601,11655,1
0.328413248,0.458485842,0.365067244,-0.004182038,-0.000858780,-0.999990880,2601,11655,-1
0.362588882,0.446395040,0.361476183,0.056245293,-0.584780574,-0.809239268,2640,10612,2
0.346611559,0.474219710,0.392524183,-0.997036219,-0.069970660,-0.031983558,2651,10614,2
0.332351983,0.461253911,0.405665606,-0.446967274,0.202611268,-0.871303022,2682,9390,2
0.340282917,0.462660849,0.341973215,-0.571807384,0.819005311,0.047608379,2683,9391,2
0.294236571,0.458788425,0.432110220,-0.774718523,0.630094647,0.052839145,2710,10617,2
0.297024786,0.454030544,0.364982247,0.999950409,0.009963371,-0.000272939,2711,11195,2
0.355385661,0.483849347,0.280218214,0.005178521,-0.999986231,0.000837164,2736,11655,1
0.355385661,0.483849347,0.280218214,0.005178521,-0.999986231,0.000837164,2736,11655,-1
0.361969024,0.473734260,0.273808360,-0.004182038,-0.000858780,-0.999990940,2741,11655,1
0.361969024,0.473734260,0.273808360,-0.004182038,-0.000858780,-0.999990880,2741,11655,-1
0.379633158,0.453189194,0.321186513,-0.117596269,0.111406751,-0.986792624,2776,9411,2
0.354921281,0.441653997,0.352847695,-0.946025550,0.323391914,0.021291718,2792,9415,2
0.347174585,0.479130805,0.307944208,0.993441701,0.106532931,0.041524459,2798,10628,2
0.309532732,0.461507410,0.271315694,0.722544849,-0.008362636,0.691273570,2833,10633,2
0.295456797,0.460659415,0.278452188,0.301146001,0.940258145,-0.158826202,2839,11456,2
0.268160433,0.458020151,0.283774883,0.129605576,-0.991565585,0.000309568,2855,11655,1
0.268160433,0.458020151,0.283774883,0.129605591,-0.991565585,0.000309568,2855,11655,-1
0.355784804,0.473638505,0.731432319,-0.004182038,-0.000858780,-0.999990940,2865,11655,1
0.355784804,0.473638505,0.731432319,-0.004182038,-0.000858780,-0.999990880,2865,11655,-1
0.403410077,0.467858583,0.690386474,-0.993070483,-0.113732032,0.029598592,2880,10640,2
0.364645213,0.447722733,0.637100160,-0.000017434,0.630962551,0.775813282,2885,11655,1
0.364645213,0.447722733,0.637100160,-0.000017434,0.630962610,0.775813222,2885,11655,-1
0.344163269,0.468108773,0.647498965,-0.006589198,0.858718216,-0.512405753,2901,11655,1
0.344163269,0.468108773,0.647498965,-0.006589198,0.858718216,-0.512405813,2901,11655,-1
0.338026851,0.481952846,0.661431253,0.003897030,0.998524368,0.054166872,2917,11209,2
0.301134109,0.455053717,0.676233053,-0.452677578,0.117133364,-0.883947253,2970,11211,2
0.394590974,0.483215839,0.569906414,0.027544342,0.879822075,0.474504501,3017,3017,2
0.347110063,0.476667106,0.587138772,0.933063388,0.351344734,-0.077133685,3022,11460,2
0.303711414,0.481434971,0.551155269,0.826538980,-0.358833402,-0.433672637,3067,10656,2
0.283491075,0.457792819,0.585410058,-0.111895189,0.253635287,-0.960806251,3069,11213,-1
0.283491075,0.457792819,0.585410058,-0.115474723,0.252059966,-0.960797250,3069,11655,-1
0.344178259,0.482201785,0.755693138,0.244847000,0.968588889,0.043423325,3135,10661,2
0.318964243,0.483353645,0.749870539,0.005329784,-0.991946042,-0.126548976,3152,3152,2
0.289709449,0.458335400,0.766616344,-0.052118964,-0.979841232,0.192859754,3154,11569,2
0.303327739,0.480077893,0.733401597,-0.908472419,0.199988738,-0.366990924,3157,10664,2
0.293738067,0.459968448,0.804404259,-0.515928566,0.848178267,0.120047525,3176,10666,2
0.396401912,0.458430082,0.219163641,-0.014637206,-0.257516563,-0.966163039,3191,11462,-1
0.396401912,0.458430082,0.219163641,-0.002712902,-0.257473171,-0.966281712,3191,11655,-1
0.404713482,0.473211110,0.185688734,-0.994855523,-0.036320608,0.094569519,3202,11463,2
0.356342971,0.471407086,0.181922749,-0.004182038,-0.000858780,-0.999990940,3218,11655,1
0.356342971,0.471407086,0.181922749,-0.004182038,-0.000858780,-0.999990880,3218,11655,-1
0.350368381,0.483315319,0.194415182,0.015316286,0.995435894,0.094195426,3228,11465,-1
0.350368381,0.483315319,0.194415182,-0.004757277,0.995532572,0.094298452,3228,11655,-1
0.350067019,0.477027774,0.193617016,-0.846968412,0.499827266,0.181155488,3259,10677,2
0.352078319,0.441789597,0.258129478,-0.983953476,0.145931065,-0.102662861,3267,11222,2
0.346810967,0.477346659,0.210771024,-0.993622065,-0.106640980,0.036646243,3283,10679,2
0.284231365,0.460322380,0.264096886,-0.014177445,0.080847986,-0.996625602,3327,11224,2
0.278864682,0.459015459,0.227793589,-0.011290373,0.866763592,0.498591512,3345,11226,2
0.297166556,0.442521960,0.260757685,-0.999231815,-0.034250971,0.019043725,3361,10688,2
0.215443447,0.448981822,0.547549963,-0.104874842,0.075475261,-0.991617262,3368,10689,2
0.206337780,0.481756419,0.436626375,0.997957170,0.063746892,-0.004228234,3371,11655,1
0.206337780,0.481756419,0.436626375,0.997957170,0.063746884,-0.004228234,3371,11655,-1
0.281461865,0.430720091,0.547965407,-0.626865387,-0.039644253,-0.778118372,3372,3372,2
0.261038274,0.470688313,0.502645791,-0.004182038,-0.000858780,-0.999990940,3373,11655,1
0.261038274,0.470688313,0.502645791,-0.004182038,-0.000858780,-0.999990880,3373,11655,-1
0.219139650,0.447578877,0.504193723,-0.279165834,-0.951222003,-0.131313503,3378,11229,2
0.239906520,0.481878817,0.505001545,-0.164442182,0.979766250,-0.114091687,3419,9560,2
0.277391106,0.483478904,0.507561386,0.005646945,-0.964559257,-0.263805926,3426,3426,2
0.189622492,0.505298495,0.539093018,-0.001492504,-0.060069472,-0.998193145,3434,11230,2
0.171707451,0.504856706,0.617995977,0.999476910,0.032066096,-0.004207382,3435,11655,1
0.171707451,0.504856706,0.617995977,0.999476969,0.032066099,-0.004207383,3435,11655,-1
0.222427964,0.509819865,0.296282768,0.005178521,-0.999986231,0.000837164,3436,11655,1
0.222427964,0.509819865,0.296282768,0.005178521,-0.999986231,0.000837164,3436,11655,-1
0.258199662,0.467109025,0.410795808,-0.004182038,-0.000858780,-0.999990940,3482,11655,1
0.258199662,0.467109025,0.410795808,-0.004182038,-0.000858780,-0.999990880,3482,11655,-1
0.219128340,0.433221877,0.411147952,-0.978621364,-0.179191336,-0.100948922,3486,10703,2
0.282103807,0.458985329,0.446956158,0.076125056,0.032659277,0.996563315,3502,11236,2
0.261429578,0.458919108,0.462879211,-0.646727622,0.762429357,0.021091243,3507,3507,2
0.182628721,0.501227260,0.401860595,-0.003102131,-0.194142550,-0.980968416,3532,11655,1
0.182628721,0.501227260,0.401860595,-0.003102131,-0.194142550,-0.980968416,3532,11655,-1
0.182628721,0.501227260,0.401860595,0.003254399,0.168524042,0.985692143,3532,11655,-1
0.262931675,0.483172148,0.414261222,-0.020400820,0.999638796,0.017497147,3534,11472,2
0.188056871,0.499937326,0.448131353,-0.003616124,-0.376589149,-0.926373363,3551,11576,-1
0.188056871,0.499937326,0.448131353,-0.001929463,-0.376580924,-0.926381707,3551,11655,-1
0.197811872,0.504922271,0.441306561,-0.106951855,-0.363611311,0.925390840,3587,9601,2
0.169631436,0.508662820,0.405873328,0.999571860,-0.009611066,0.027637053,3594,11242,2
0.247797400,0.466467410,0.593599796,-0.004182038,-0.000858780,-0.999990940,3630,11655,1
0.247797400,0.466467410,0.593599796,-0.004182038,-0.000858780,-0.999990880,3630,11655,-1
0.217276603,0.448208362,0.600530088,0.596535265,0.684997439,0.418239355,3631,11244,2
0.255245686,0.457808644,0.580425024,-0.197771013,0.980004489,0.021861570,3651,11245,2
0.232884854,0.459367394,0.621331811,0.618253171,0.478756666,0.623341978,3663,3663,2
0.280765891,0.477979511,0.617466569,-0.948693097,-0.199534088,-0.245290726,3678,10724,2
0.255415112,0.482799023,0.600443602,-0.000388130,-0.999408424,-0.034392219,3682,11476,2
0.179382458,0.504905999,0.629147828,-0.058002036,0.141619876,0.988220394,3710,9625,2
0.240385249,0.417747736,0.718686283,0.999896407,0.013776321,0.004178682,3741,3741,2
0.231241614,0.442910463,0.731372654,0.151751950,-0.038775273,0.987657726,3742,10731,2
0.218136698,0.445774615,0.678520262,-0.738579154,0.646080315,0.192564622,3743,10732,2
0.257098943,0.471145511,0.685117185,-0.004182038,-0.000858780,-0.999990940,3750,11655,1
0.257098943,0.471145511,0.685117185,-0.004182038,-0.000858780,-0.999990880,3750,11655,-1
0.213741839,0.448860198,0.677863777,-0.066299498,-0.996309459,-0.054515187,3752,9635,2
0.275968581,0.458130300,0.689960301,-0.247977480,0.940721035,0.231411487,3758,11479,-1
0.275968581,0.458130300,0.689960301,-0.250686944,0.946734846,0.202111676,3758,11655,-1
0.290018797,0.453611583,0.725450099,-0.363214105,0.066647232,0.929318964,3764,9638,2
0.188604847,0.506105065,0.721517026,-0.014746806,0.157849774,0.987353027,3790,11251,2
0.262690306,0.466044992,0.228282541,-0.004182038,-0.000858780,-0.999990940,3840,11655,1
0.262690306,0.466044992,0.228282541,-0.004182038,-0.000858780,-0.999990880,3840,11655,-1
0.248875380,0.430557907,0.217477754,-0.979895771,-0.028799191,-0.197420701,3855,3855,2
0.266769022,0.461055547,0.207810268,0.933175087,0.359075934,-0.015771495,3893,10749,2
0.282736361,0.468133718,0.235033527,-0.992871881,0.082264028,-0.086244784,3899,11258,2
0.274561912,0.482805371,0.237290472,0.027202094,-0.999596119,-0.008227076,3917,10751,2
0.191608131,0.505726099,0.229104593,-0.088417403,-0.090220332,0.991989255,3930,10754,2
0.179304197,0.503614604,0.272863239,0.057460226,0.052945308,-0.996942878,3932,10755,2
0.170982406,0.504613221,0.287177086,0.997957170,0.063746892,-0.004228234,3936,11655,1
0.170982406,0.504613221,0.287177086,0.997957170,0.063746884,-0.004228234,3936,11655,-1
0.213662982,0.440542877,0.319825917,0.003332173,-0.002740883,0.999990702,3959,11262,2
0.257249624,0.445659071,0.319732934,-0.004182038,-0.000858780,-0.999990940,3960,11655,1
0.257249624,0.445659071,0.319732934,-0.004182038,-0.000858780,-0.999990880,3960,11655,-1
0.248181581,0.429776430,0.358613878,0.999833882,0.015654454,-0.009341310,3972,9689,2
0.278654367,0.457668841,0.355189800,0.128783420,-0.161561608,-0.978423595,4027,9700,2
0.246061772,0.477596134,0.346717596,-0.006045354,0.757280111,0.653062284,4051,4051,2
0.245932519,0.483239025,0.323277801,0.000668139,-0.999957800,0.009164664,4055,11265,2
0.195828065,0.507704914,0.365423054,0.076200463,0.051464237,-0.995763481,4074,9706,2
0.100349434,0.477505267,0.317734450,-0.004182038,-0.000858780,-0.999990940,4076,11655,1
0.100349434,0.477505267,0.317734450,-0.004182038,-0.000858780,-0.999990880,4076,11655,-1
0.249284476,0.470378369,0.776715219,-0.004182038,-0.000858780,-0.999990940,4113,11655,1
0.249284476,0.470378369,0.776715219,-0.004182038,-0.000858780,-0.999990880,4113,11655,-1
0.279581457,0.479559928,0.778677225,-0.376658410,-0.892298400,0.248861343,4130,4130,2
0.245670125,0.482138693,0.779878199,0.016245497,-0.998088896,-0.059621468,4131,11266,2
0.201210484,0.494791061,0.795045257,0.111051798,0.993805110,-0.004352663,4147,10773,2
0.229834542,0.456913441,0.136694610,0.004713589,-0.147747383,-0.989013970,4154,11267,2
0.162790388,0.445203215,0.168865442,0.119056083,-0.992781460,-0.014514768,4157,4157,2
0.158553004,0.445370287,0.132941291,0.047056150,-0.996517956,-0.068831444,4158,9722,2
0.283212751,0.466388464,0.149042428,0.996783078,0.054830432,-0.058456063,4171,11268,2
0.257668316,0.468183815,0.175536200,0.084864140,-0.099010482,0.991461098,4179,11269,2
0.169178709,0.465000093,0.136365682,-0.055706229,0.036571078,-0.997777224,4196,4196,2
0.276611865,0.469365656,0.176780373,0.570083261,0.326553971,-0.753901601,4205,10779,2
0.266650409,0.481095582,0.171440691,0.680413187,0.406801015,0.609549761,4206,11270,2
0.244132578,0.481891572,0.161410615,-0.627788067,0.768741608,0.122141667,4219,10781,2
0.260368824,0.483942777,0.158967942,0.162273288,0.986663342,-0.012764880,4228,10782,2
0.261867225,0.494296193,0.160785958,0.216814592,0.071482725,0.973592162,4249,10783,2
0.186412707,0.503360093,0.175092131,0.623434424,-0.626594365,0.467663437,4259,11271,2
0.201707214,0.501351595,0.146261975,0.879644990,-0.475593597,-0.005955392,4267,11272,2
0.185404673,0.502791524,0.176334441,-0.007928366,-0.695958197,0.718038559,4273,11273,2
0.186669439,0.507840753,0.134320796,0.211395219,0.387381941,0.897355795,4279,11274,2
0.185786158,0.501659095,0.128994599,-0.200138360,0.323683530,-0.924756050,4280,11275,2
0.191967115,0.506876349,0.131468043,-0.193523332,0.753026843,0.628887415,4284,10790,2
0.174114078,0.509321988,0.136544287,0.994460464,0.054020345,0.090168238,4315,11276,2
0.223657802,0.440040648,0.456762105,0.568575561,-0.380680472,-0.729249120,4355,4355,2
0.282712758,0.443584889,0.457080513,0.000213653,-0.869059145,-0.494708240,4356,4356,2
0.189177617,0.498779058,0.586319327,0.282980114,-0.168707848,-0.944171548,4422,4422,2
0.227143943,0.445216417,0.640464008,-0.142783135,0.101128399,-0.984574080,4445,9765,2
0.263467014,0.443299025,0.641242981,-0.010157038,0.039992590,-0.999148369,4447,4447,2
0.222904488,0.428770870,0.183680639,-0.076338865,-0.073764183,-0.994349718,4555,10802,2
0.164943993,0.464708269,0.181578606,-0.133610532,0.146236569,-0.980185270,4569,10803,2
0.298892915,0.430702597,0.274250686,-0.244098946,0.049240839,-0.968499362,4600,4600,2
0.221277103,0.452410907,0.274956316,-0.062905639,0.238000661,-0.969225764,4604,9784,2
0.185220793,0.507965088,0.767669439,-0.014604847,0.077090673,-0.996917129,4671,11483,2
0.076383501,0.374386013,0.454279751,0.151756763,0.001613405,0.988416553,4705,11655,1
0.076383501,0.374386013,0.454279751,0.151100576,-0.008656576,0.988480508,4705,11655,-1
0.076383501,0.374386013,0.454279751,-0.115858689,-0.001431475,-0.993264675,4705,11655,-1
0.089294910,0.429724455,0.434672654,0.999907792,0.012917509,-0.004192740,4706,11655,1
0.089294910,0.429724455,0.434672654,0.999907792,0.012917507,-0.004192740,4706,11655,-1
0.079681873,0.490308076,0.406212598,-0.280218810,-0.073237486,-0.957138360,4718,11280,-1
0.079681873,0.490308076,0.406212598,-0.285070121,-0.037559930,-0.957770467,4718,11655,-1
0.092291787,0.502554595,0.446405053,-0.119597711,-0.009126805,-0.992780507,4732,11486,2
0.073611945,0.495825499,0.412039220,0.022792745,-0.999150991,0.034319408,4747,11282,2
0.129143417,0.504127920,0.380655497,-0.985911727,-0.167212322,0.004266801,4752,11655,1
0.129143417,0.504127920,0.380655497,-0.985911667,-0.167212322,0.004266801,4752,11655,-1
0.076050289,0.393849671,0.547404826,-0.013724148,0.020794509,-0.999689579,4794,11655,1
0.076050289,0.393849671,0.547404826,-0.004293444,0.020844240,-0.999773562,4794,11655,-1
0.076050289,0.393849671,0.547404826,0.004539602,-0.070250213,0.997519076,4794,11655,-1
0.075519361,0.475824475,0.501721084,-0.068446606,-0.003371933,-0.997649074,4804,11655,1
0.075519361,0.475824475,0.501721084,-0.068018362,0.003272658,-0.997678697,4804,11655,-1
0.098190583,0.504627407,0.537899017,-0.076766901,0.043931365,-0.996080756,4815,10822,-1
0.098190583,0.504627407,0.537899017,-0.079412684,0.004010579,-0.996833742,4815,11655,-1
0.098190583,0.504627407,0.537899017,-0.068446606,-0.003371933,-0.997649074,4815,11655,-1
0.086029127,0.503741205,0.496224850,-0.399005502,-0.530225098,-0.748101652,4828,11286,2
0.103579402,0.510124862,0.491448998,-0.034924731,0.356421083,-0.933672547,4865,10827,2
0.144637987,0.473445207,0.312034518,-0.964175940,-0.088740967,0.249979675,4896,9835,2
0.097504318,0.505329728,0.353955597,0.034814209,0.011897023,-0.999323010,4899,10832,2
0.128078848,0.498921633,0.200924501,0.297830909,0.954616368,-0.002065320,4927,11655,1
0.128078848,0.498921633,0.200924501,0.297830909,0.954616487,-0.002065321,4927,11655,-1
0.084649317,0.486816436,0.589585781,-0.222384781,-0.001967804,-0.974956989,4968,11655,1
0.084649317,0.486816436,0.589585781,-0.221428171,0.013220461,-0.975087106,4968,11655,-1
0.095444642,0.505177796,0.629842937,-0.101172432,0.034942660,-0.994255066,4980,10841,2
0.067648098,0.495003104,0.608091354,0.022718580,0.999567926,0.018650601,4987,9856,2
0.074447297,0.474290490,0.686465561,0.073373385,-0.026262868,0.996958733,5026,10843,-1
0.074447297,0.474290490,0.686465561,0.074850917,-0.003715043,0.997187853,5026,11655,-1
0.074447297,0.474290490,0.686465561,-0.013724147,0.020794511,-0.999689579,5026,11655,-1
0.099640727,0.503956914,0.722467363,-0.030380458,0.004106811,-0.999530017,5036,10844,2
0.099616840,0.509878933,0.676114559,-0.066462800,0.307401061,-0.949256241,5062,9866,2
0.071441881,0.387635320,0.270973057,-0.452261001,-0.018318716,-0.891697526,5066,11296,-1
0.071441881,0.387635320,0.270973057,-0.449747711,0.028080814,-0.892714083,5066,11655,-1
0.073436111,0.475022197,0.226657242,-0.096128151,0.029262733,-0.994938731,5083,11297,2
0.064623706,0.475779265,0.231624573,-0.998095036,-0.001542717,0.061676573,5090,10848,2
0.094610699,0.509387672,0.262758136,-0.032355513,0.079957768,-0.996273041,5105,10851,2
0.084494852,0.491066426,0.219487533,0.780487537,-0.013411072,-0.625027537,5137,10855,2
0.120783955,0.509731710,0.190731302,-0.614506304,0.787633598,0.044893507,5146,10856,2
0.101851322,0.509691715,0.768014848,0.021173002,0.221210241,-0.974996328,5225,9894,2
0.089173816,0.417807192,0.213518307,0.571217835,0.068725176,0.817916274,5278,10859,2
0.098056652,0.471380293,0.175689250,0.895507216,0.427514732,0.123685420,5289,5289,2
0.159539595,0.476344377,0.171890751,-0.998811543,-0.037942108,0.030593576,5294,5294,2
0.080481693,0.373755455,0.271522433,-0.046732023,0.005243831,-0.998893738,5319,11299,-1
0.080481693,0.373755455,0.271522433,-0.004214722,0.005468829,-0.999976218,5319,11655,-1
0.080481693,0.373755455,0.271522433,-0.004182038,-0.000858780,-0.999990940,5319,11655,-1
0.102583207,0.498039454,0.307652742,-0.148688048,0.018753782,0.988706350,5334,5334,2
0.120471746,0.504831076,0.289838135,-0.989006698,0.111736886,0.096853375,5337,9905,2
0.071191669,0.358729601,0.480525583,0.028900737,0.998398960,-0.048624549,5387,9908,2
0.109450512,0.382478505,0.454861313,-0.014619470,0.004107405,-0.999884725,5408,5408,2
0.068392016,0.403691441,0.484224379,-0.306144446,-0.610928416,0.730097353,5421,5421,2
0.075566739,0.374449819,0.363781393,-0.068446606,-0.003371933,-0.997649074,5455,11655,1
0.075566739,0.374449819,0.363781393,-0.068018362,0.003272658,-0.997678697,5455,11655,-1
0.078773901,0.362592757,0.311392248,0.404826164,-0.914393246,-0.000907700,5466,11655,1
0.078773901,0.362592757,0.311392248,0.404826134,-0.914393246,-0.000907700,5466,11655,-1
0.093079694,0.385786533,0.425122112,0.486538678,0.035652690,0.872931361,5484,5484,2
0.070681237,0.358894080,0.574566722,-0.067798615,0.997610509,0.013292471,5532,5532,2
0.078213647,0.416633874,0.632763445,0.009275060,-0.999700844,-0.022633227,5551,11304,2
0.082790554,0.277335584,0.318032414,0.015616631,0.016052462,0.999749243,5561,11498,2
0.108317278,0.308622986,0.727322757,0.012927140,0.996750414,-0.079508476,5654,5654,2
0.071398355,0.382964432,0.731017768,-0.222384781,-0.001967804,-0.974956989,5658,11655,1
0.071398355,0.382964432,0.731017768,-0.221428171,0.013220461,-0.975087106,5658,11655,-1
0.073256478,0.384294212,0.638971269,0.158737838,0.004388670,0.987311065,5659,10875,-1
0.073256478,0.384294212,0.638971269,0.157880098,-0.009096269,0.987416387,5659,11655,-1
0.073256478,0.384294212,0.638971269,0.151756763,0.001613405,0.988416553,5659,11655,-1
0.073256478,0.384294212,0.638971269,-0.115858689,-0.001431475,-0.993264675,5659,11655,-1
0.071202911,0.359022886,0.664234936,0.065586835,-0.997841179,-0.003385830,5675,5675,2
0.075649135,0.415276557,0.733992219,-0.119746000,-0.983131528,-0.138251320,5705,11307,2
0.068785764,0.358294189,0.752692223,0.126181602,-0.991967797,-0.008843588,5730,10879,2
0.066414356,0.335371137,0.182762340,-0.729957044,-0.022374896,-0.683126748,5763,5763,2
0.070835769,0.344402760,0.219597012,-0.025427163,0.001850390,0.999674976,5765,5765,2
0.009038294,0.104383022,0.515861690,0.999361455,0.035022147,0.007086605,5811,11309,2
0.013334602,0.126729459,0.488314569,0.081847437,-0.996644795,0.000513658,5818,11655,1
0.013334602,0.126729459,0.488314569,0.081847437,-0.996644795,0.000513658,5818,11655,-1
0.022723230,0.137963727,0.525702834,0.999991000,0.000728066,-0.004182620,5823,11655,1
0.022723230,0.137963727,0.525702834,0.999991059,0.000728066,-0.004182620,5823,11655,-1
0.008275817,0.198319018,0.502614141,-0.324923664,0.008857902,-0.945698798,5825,5825,2
0.012137418,0.180782527,0.539098740,0.209239975,-0.409170002,0.888143361,5827,5827,2
0.007104351,0.198448032,0.509835899,0.999977887,0.005175017,-0.004186384,5835,11655,1
0.007104351,0.198448032,0.509835899,0.999977887,0.005175017,-0.004186384,5835,11655,-1
0.042760555,0.217469379,0.682287514,0.005178521,-0.999986231,0.000837161,5844,11655,1
0.042760555,0.217469379,0.682287514,0.005178521,-0.999986231,0.000837161,5844,11655,-1
0.078309923,0.273214459,0.501301229,0.058282010,-0.017194269,0.998152077,5866,10887,2
0.008812334,0.104865715,0.359291494,-0.998799205,-0.048918229,-0.002686501,5889,10889,2
0.006738567,0.195068687,0.313805729,0.999977887,0.005175017,-0.004186384,5899,11655,1
0.006738567,0.195068687,0.313805729,0.999977887,0.005175017,-0.004186384,5899,11655,-1
0.029532835,0.174957111,0.443769962,0.040013909,0.997378290,0.060295112,5900,5900,2
0.013962923,0.194019437,0.445778102,-0.022830920,0.008892124,0.999699771,5901,5901,2
0.113653369,0.223984390,0.410873950,-0.053252500,-0.316338003,0.947150707,5913,5913,2
0.077778250,0.272492021,0.409522921,-0.077918679,0.011838405,-0.996889532,5927,10891,2
0.008489600,0.101652905,0.636207283,-0.990471542,-0.003596663,0.137670785,5949,5949,2
0.007111638,0.194511175,0.633722305,-0.987062812,0.051050842,-0.151989579,5955,9955,2
0.076585986,0.270910352,0.592839003,0.070934631,-0.019773193,0.997284949,5977,10892,2
0.008166590,0.103391066,0.726207197,-0.995912850,-0.030243324,0.085105769,5994,10893,2
0.007399142,0.108416818,0.681269646,-0.964797974,0.019634344,0.262258381,5996,5996,2
0.006436913,0.205499291,0.727168024,-0.996510267,-0.028194729,-0.078564890,6006,10894,2
0.007023194,0.206541702,0.685011566,-0.994120240,0.105465882,-0.024534024,6013,9961,2
0.075634800,0.267526954,0.684007645,0.096296526,-0.005859117,0.995335460,6047,11316,2
0.014425555,0.203503594,0.318537980,-0.059788693,-0.012170715,-0.998136878,6082,6082,2
0.011298877,0.194896981,0.364572346,-0.072082415,-0.013204665,-0.997311354,6084,6084,2
0.098722041,0.237519234,0.363540024,0.045345794,0.004767354,0.998960018,6108,6108,2
0.008803668,0.100109264,0.813177407,0.108351097,0.009556645,0.994066775,6149,6149,2
0.008680710,0.104508333,0.771131873,-0.976951420,-0.137713596,0.163097933,6151,9970,2
0.007577675,0.198427930,0.769649148,-0.982568681,0.023046009,-0.184466064,6155,10897,2
0.012939691,0.208959877,0.812714159,0.601549566,-0.165810183,-0.781437874,6156,10898,2
0.011473972,0.208749995,0.225130394,-0.367979884,-0.496394277,0.786246538,6213,9977,2
0.104416914,0.224795893,0.475098968,0.014495712,-0.293248504,0.955926359,6306,6306,2
0.012050137,0.194506228,0.272983670,-0.060350090,-0.009647883,-0.998130620,6334,6334,2
0.016946856,0.175467551,0.301337749,-0.131883159,0.987628400,-0.084835283,6336,6336,2
0.104930565,0.229209512,0.271625578,-0.002220314,-0.005608341,0.999981821,6359,6359,2
0.113624521,0.276820570,0.546977162,0.007402071,0.005112246,0.999959588,6407,6407,2
0.578902543,0.028750200,0.058148693,-0.220633045,-0.572535694,-0.789635420,6466,11504,2
0.505613029,0.003389356,0.051340677,-0.041424960,0.951752841,-0.304056913,6468,6468,2
0.552199900,0.020902410,0.063184068,0.658700705,-0.749548554,-0.065501630,6474,9987,2
0.549803495,0.019825816,0.060700025,0.143912449,-0.676727116,0.722031653,6480,6480,2
0.605121732,0.041556623,0.059137858,0.439315528,-0.897003949,-0.048846036,6483,10901,2
0.554954290,0.026780505,0.026165567,-0.016006423,-0.188142791,-0.982011318,6493,6493,2
0.540242314,0.068347238,0.023507116,0.005178521,-0.999986231,0.000837163,6497,11655,1
0.540242314,0.068347238,0.023507116,0.005178521,-0.999986231,0.000837163,6497,11655,-1
0.507345021,0.025736162,0.073447570,0.630045950,0.769665897,-0.103231050,6501,10903,2
0.556488514,0.003510692,0.055870008,-0.897895932,0.434890449,-0.068213910,6504,6504,2
0.513057768,0.036459628,0.061529081,-0.205843747,-0.612519205,-0.763183296,6521,10904,2
0.497590810,0.039076112,0.074535929,-0.638899326,0.610328257,0.468302339,6571,10905,2
0.488514930,0.031153748,0.061368208,0.251607239,0.606223524,-0.754444718,6586,10906,2
0.537377298,0.059580244,0.036526661,-0.109727271,0.958079815,-0.264656633,6592,11506,2
0.502660394,0.049532123,0.056764089,0.209011093,-0.976269245,0.056681179,6626,11322,2
0.519230247,0.059058230,0.026679337,0.125628769,-0.353872061,-0.926818192,6632,10909,2
0.488664836,0.166516602,0.058042102,0.997766078,0.005111303,-0.066609122,6666,11655,1
0.488664836,0.166516602,0.058042102,0.997766078,0.005111304,-0.066609129,6666,11655,-1
0.545925438,0.104386568,0.005902892,-0.005503131,-0.001150232,-0.999984205,6667,10002,2
0.559722245,0.425844640,0.014832163,-0.115858689,-0.001431475,-0.993264675,6738,11655,1
0.559722245,0.425844640,0.014832163,-0.004182038,-0.000858780,-0.999990940,6738,11655,1
0.559722245,0.425844640,0.014832163,-0.004182038,-0.000858780,-0.999990880,6738,11655,-1
0.559722245,0.425844640,0.014832163,0.151756763,0.001613405,0.988416553,6738,11655,-1
0.467768431,0.101365134,0.014373986,-0.266158819,-0.962103784,-0.059294980,6745,6745,2
0.494727969,0.191274211,0.006810495,-0.141413987,0.015832996,-0.989823937,6748,10006,2
0.481999815,0.150331646,0.016383922,-0.624798477,-0.772707522,-0.112027019,6756,6756,2
0.362368494,0.112185769,0.443033874,0.372260600,-0.902507424,-0.216569841,6760,6760,2
0.567962229,0.252522767,0.054387167,0.938332558,-0.339390934,-0.065923087,6767,11325,2
0.572535992,0.263772041,0.098648205,-0.328741729,-0.275448024,0.903358936,6769,11509,2
0.410467654,0.148590520,0.166503310,0.030301999,-0.999437153,0.014395932,6770,6770,2
0.544246674,0.436637253,0.059276726,0.999982119,-0.004279631,-0.004178282,6777,11655,1
0.544246674,0.436637253,0.059276726,0.999982119,-0.004279631,-0.004178282,6777,11655,-1
0.486510307,0.447376013,0.039855164,0.997766078,0.005111303,-0.066609122,6779,11655,1
0.486510307,0.447376013,0.039855164,0.997766078,0.005111304,-0.066609129,6779,11655,-1
0.569581330,0.330502331,0.098905303,0.001048597,-0.496816069,-0.867855310,6782,10915,2
0.574976802,0.328527212,0.075399660,0.455012292,0.609359622,-0.649341822,6807,11329,2
0.566765726,0.326242447,0.014277259,-0.059914757,-0.736886382,-0.673356414,6811,11330,2
0.577428699,0.334422052,0.105794802,0.855787456,-0.287198395,-0.430284768,6812,10018,2
0.601549268,0.355499595,0.085116737,0.935091913,-0.258721918,-0.242210984,6813,10019,2
0.600651801,0.364117771,0.082488947,-0.221744373,0.558658898,-0.799205720,6829,6829,2
0.582202256,0.332535148,0.103389204,0.903551817,-0.283452392,0.321323752,6830,10021,2
0.566841185,0.320867956,0.061893702,0.049857222,-0.992792606,0.108982816,6836,10920,2
0.568678319,0.319219083,0.050619699,0.843984067,0.512412429,-0.158506721,6838,11331,2
0.568479061,0.263118356,0.013681525,-0.137386352,-0.643890798,-0.752681613,6856,10923,2
0.602894962,0.266293824,0.021138165,0.629548848,0.768990159,-0.111006662,6862,10027,2
0.560425460,0.255812287,0.070314594,-0.305997193,0.318504810,-0.897173584,6865,10924,2
0.555358112,0.254974306,0.049985126,0.090733327,-0.956118941,0.278575152,6884,10030,2
0.416721523,0.205492333,0.170352876,0.386403322,-0.916336656,0.104974329,6888,6888,2
0.565504313,0.266268939,0.075661488,0.471649587,0.638121486,-0.608561993,6903,6903,2
0.566261172,0.303020388,0.082500838,0.050430138,0.363709301,0.930146396,6950,10925,2
0.578023791,0.312997162,0.012905753,-0.891256034,0.060908761,-0.449391752,6954,10033,2
0.571653605,0.312357605,0.052222505,0.118454516,-0.961047888,-0.249710888,6964,10034,2
0.577152133,0.326337487,0.093979500,0.719260037,0.171925843,-0.673131943,6994,10036,2
0.578268945,0.382246643,0.102251910,0.031951692,0.477971643,0.877793968,7064,10927,2
0.576511562,0.380695462,0.013717235,-0.895965219,-0.050694373,-0.441221595,7066,11332,2
0.590654969,0.379066765,0.093254045,0.607379317,-0.792801857,0.050552882,7067,7067,2
0.536168277,0.357417196,0.047389511,-0.078536190,-0.996911168,0.000448209,7070,11334,-1
0.536168277,0.357417196,0.047389511,-0.078533135,-0.996910810,0.001184610,7070,11655,-1
0.536168277,0.357417196,0.047389511,-0.064543433,-0.997914314,0.001126966,7070,11655,-1
0.536168277,0.357417196,0.047389511,0.120366842,0.992728591,-0.001355883,7070,11655,-1
0.533974230,0.372834235,0.068211026,0.066320881,-0.032489698,-0.997269273,7075,11512,2
0.551158369,0.381960720,0.085481212,0.005178521,-0.999986231,0.000837166,7076,11655,1
0.551158369,0.381960720,0.085481212,0.005178521,-0.999986231,0.000837166,7076,11655,-1
0.559598744,0.387909681,0.023637705,0.010681718,-0.960108757,-0.279422820,7110,11514,2
0.565821946,0.394913822,0.094429985,-0.401098490,-0.132188812,0.906446993,7116,10938,2
0.561708450,0.394026816,0.109541155,0.254638970,-0.330812752,0.908692479,7119,10939,2
0.569649637,0.390202552,0.091609739,-0.444018275,0.541489363,0.713888705,7121,11340,2
0.565516770,0.392233580,0.051071834,0.403540015,0.009096846,0.914916813,7123,10061,2
0.576748431,0.390753537,0.097499400,-0.725613773,-0.591048837,0.352343380,7126,10062,2
0.566802859,0.398076624,0.097147815,-0.363190532,-0.819575250,0.443158120,7132,11341,2
0.569302380,0.389531761,0.103926569,0.481872231,0.647646308,-0.590214670,7140,10943,2
0.566081107,0.392032266,0.093807369,-0.820851207,0.459527612,0.339172155,7152,10066,2
0.564572930,0.380749702,0.078968838,0.364037871,0.205567792,0.908415318,7175,10072,2
0.569403470,0.445163190,0.047504857,0.291380614,0.955344856,-0.049128979,7272,11342,-1
0.569403470,0.445163190,0.047504857,0.291901320,0.956446290,-0.002042094,7272,11655,-1
0.569403470,0.445163190,0.047504857,0.297830909,0.954616368,-0.002065320,7272,11655,-1
0.579345286,0.439670056,0.081484102,-0.372940361,-0.652985334,-0.659185648,7275,10948,2
0.568800807,0.476880580,0.065201886,-0.004293444,0.020844243,-0.999773562,7277,11655,1
0.568800807,0.476880580,0.065201886,-0.004293444,0.020844245,-0.999773562,7277,11655,-1
0.568800807,0.476880580,0.065201886,0.004539602,-0.070250213,0.997519076,7277,11655,-1
0.573393345,0.454282463,0.044688988,-0.013594310,-0.408613592,0.912606239,7279,10950,2
0.575790465,0.440409631,0.016942719,-0.948592722,-0.008557229,-0.316383809,7281,10951,2
0.581797361,0.448257357,0.081996828,-0.595056236,-0.783663034,-0.178270563,7283,11344,2
0.580585122,0.452621549,0.083435379,0.496422172,0.599712253,-0.627622783,7285,10093,2
0.536833882,0.435465574,0.113330707,-0.940458715,-0.129189208,-0.314400345,7287,10954,2
0.572817504,0.439726830,0.045861479,0.228781685,0.333742619,0.914480686,7296,11345,2
0.576744556,0.466504693,0.081485674,-0.652974844,0.100269750,0.750712931,7301,10957,2
0.214390054,0.347066492,0.497340530,-0.176350296,0.058045328,-0.982614577,7305,10958,2
0.558462739,0.440042883,0.090762816,0.668314099,0.275678098,0.690910876,7313,10959,2
0.563895226,0.440443516,0.067697816,-0.931860864,-0.281487674,0.228910670,7314,11655,1
0.563895226,0.440443516,0.067697816,-0.931860864,-0.281487733,0.228910625,7314,11655,-1
0.154627025,0.269494265,0.042398226,0.818708897,0.560196996,-0.126076177,7342,7342,2
0.550410748,0.421033144,0.079379573,0.414314091,-0.892832339,-0.176619291,7349,10108,2
0.537364781,0.423391908,0.130526260,0.568929136,0.816420376,-0.098880537,7356,10962,2
0.588732362,0.443385720,0.081954710,0.928500295,-0.172345042,0.328913987,7357,10963,2
0.578807056,0.444098622,0.039434813,-0.521419108,0.830637276,0.195355847,7403,10120,2
0.568847179,0.494307369,0.070122890,-0.991607070,0.129002184,-0.008594712,7412,11655,1
0.568847179,0.494307369,0.070122890,-0.991633356,0.129023328,0.004036325,7412,11655,-1
0.550558031,0.506488860,0.070092499,0.006481593,-0.900179148,0.435471565,7437,11655,1
0.550558031,0.506488860,0.070092499,0.006481593,-0.900179148,0.435471535,7437,11655,-1
0.588509500,0.491014451,0.068451785,0.644453645,-0.566891313,-0.513141155,7438,11351,2
0.582887471,0.497662276,0.079922110,0.149744943,-0.870980322,0.467942119,7440,11655,1
0.582887471,0.497662276,0.079922110,0.149744958,-0.870980263,0.467942119,7440,11655,-1
0.210965812,0.354206830,0.485950261,-0.975486696,-0.210364982,-0.064593352,7443,11519,-1
0.210965812,0.354206830,0.485950261,-0.972292840,-0.207236409,-0.108165368,7443,11655,-1
0.302255362,0.386361539,0.026749624,0.472557157,-0.774615109,-0.420310855,7447,10130,2
0.302733690,0.387818813,0.009943341,0.613826573,-0.698923528,0.367046237,7448,10972,2
0.358051926,0.450992405,0.022364745,0.999508321,0.031073803,-0.004206662,7450,11655,1
0.358051926,0.450992405,0.022364745,0.999508262,0.031073803,-0.004206662,7450,11655,-1
0.585164249,0.495228410,0.061967026,0.387459695,-0.915175676,-0.111034222,7456,10974,2
0.198238596,0.356432050,0.021683788,0.448347896,-0.893261254,0.032687712,7471,7471,2
0.592183053,0.479676813,0.073289044,-0.504312158,-0.127837986,-0.854006290,7476,10977,2
0.225035161,0.334567130,0.682072580,0.371899843,-0.274047136,-0.886898398,7478,7478,2
0.231747314,0.346538991,0.772376955,-0.579522371,0.115376532,-0.806747913,7489,10144,2
0.590978384,0.481824994,0.066028312,0.365152359,-0.428278118,-0.826584339,7490,11356,2
0.228716478,0.349370301,0.726830184,-0.333371967,0.030713229,-0.942295015,7491,7491,2
0.286376268,0.363359571,0.032598898,-0.063449383,-0.997972012,-0.005110510,7509,7509,2
0.229043022,0.346445233,0.758912802,-0.141900033,0.988175869,-0.058076024,7533,7533,2
0.228460178,0.347187519,0.715456426,0.120243922,-0.992458761,-0.023814106,7537,7537,2
0.255910873,0.356986940,0.021945357,0.067664362,-0.997674942,-0.008141293,7538,7538,2
0.232352957,0.356879652,0.025158942,-0.777790010,-0.628347695,0.014897563,7555,10983,2
0.226644799,0.350433379,0.590772808,0.006108223,-0.122374468,0.992465258,7558,7558,2
0.352745682,0.395395786,0.273922086,0.530766129,-0.827875733,-0.181408584,7569,7569,2
0.219371662,0.356042922,0.636295497,-0.344229490,0.219427079,-0.912884355,7607,7607,2
0.595736206,0.503296375,0.079652004,-0.025606651,-0.305856079,0.951733351,7621,10987,2
0.318727344,0.429674208,0.228455007,0.570022106,-0.182999909,0.800990582,7661,10988,2
0.354106665,0.433691502,0.273501277,0.072952844,-0.078284942,-0.994258225,7662,10989,2
0.550627410,0.506827056,0.091440156,0.073308192,-0.202323914,0.976571083,7668,10991,2
0.541223168,0.490015417,0.103609473,-0.843739331,0.384644032,-0.374370039,7671,11599,-1
0.541223168,0.490015417,0.103609473,-0.844702959,0.415233433,-0.337724924,7671,11655,-1
0.129523173,0.372531086,0.454789370,-0.038725615,-0.021669954,0.999014914,7673,7673,2
0.133794755,0.370975584,0.226073518,-0.003593334,0.003979048,-0.999985635,7674,7674,2
0.253760487,0.413424611,0.020100297,0.999939084,-0.000670947,0.011020724,7675,11359,-1
0.253760487,0.413424611,0.020100297,0.999977887,0.005175017,-0.004186384,7675,11655,-1
0.253760487,0.413424611,0.020100297,0.999991059,-0.000684081,-0.004181407,7675,11655,-1
0.268461496,0.405113578,0.023081422,-0.040281177,0.994613051,0.095510997,7677,11524,2
0.294670850,0.428364277,0.017404618,-0.833104610,-0.360036254,-0.419893503,7702,10996,2
0.557945073,0.501721203,0.077583008,0.392091066,0.918788493,-0.045742068,7706,10998,2
0.278020769,0.387008071,0.010435585,-0.511434615,0.704908550,0.491465807,7719,7719,2
0.351776510,0.426114976,0.175636932,-0.992546082,-0.019008387,0.120378897,7724,10999,2
0.301039785,0.400762945,0.226948157,-0.080819018,0.540457964,0.837480485,7741,10186,2
0.578939497,0.501511931,0.065135904,0.998860478,-0.031460602,-0.035889361,7761,11003,2
0.576008201,0.504721403,0.097929001,0.556400537,0.457721144,-0.693476737,7822,11005,2
0.143428907,0.356089264,0.020428289,0.324078202,-0.946017563,0.004904835,7845,7845,2
0.364581674,0.435534388,0.182045624,0.003842186,-0.028181793,-0.999595404,7847,10201,2
0.266986251,0.457154542,0.004516419,-0.004182038,-0.000858780,-0.999990940,7873,11655,1
0.266986251,0.457154542,0.004516419,-0.004182038,-0.000858780,-0.999990880,7873,11655,-1
0.276652098,0.423132420,0.059475724,0.919206023,0.088480189,-0.383707732,7896,10207,2
0.522690654,0.508155644,0.097989403,0.035425432,-0.434086472,-0.900174499,7897,11007,-1
0.522690654,0.508155644,0.097989403,-0.001521550,-0.434574306,-0.900634646,7897,11655,-1
0.142996967,0.381910294,0.050287269,0.786991715,-0.606625915,0.112468243,7900,11008,2
0.297720313,0.446386784,0.024548473,-0.866770267,0.498316467,0.019751322,7903,11009,2
0.319717556,0.443683982,0.020911407,0.180758670,-0.983525336,0.002047246,7904,11642,2
0.254310191,0.411541551,0.216489628,-0.062922806,0.997835875,-0.019088022,7946,7946,2
0.131302238,0.393916368,0.136659667,0.011943128,-0.005872820,-0.999911427,8016,8016,2
0.341256469,0.502173841,0.112465627,0.935103357,0.337554127,-0.107884437,8029,8029,2
0.320324332,0.496249199,0.120680600,0.109993644,0.984191120,0.138813853,8032,8032,2
0.439343959,0.081121095,0.030125663,0.981512249,0.174010560,0.079712197,8043,8043,2
0.446741730,0.090223156,0.017111680,0.730720162,-0.682476699,-0.016543845,8046,8046,2
0.434995711,0.214840427,0.025628299,-0.764211893,-0.526758552,-0.372163355,8071,11016,2
0.435920775,0.222288519,0.019176321,0.566607177,-0.785996318,-0.247318015,8078,8078,2
0.491570354,0.437591672,0.006979073,-0.026553147,-0.007786313,-0.999617100,8107,11018,2
0.488723904,0.466981053,0.038539603,0.297830909,0.954616368,-0.002065320,8116,11655,1
0.488723904,0.466981053,0.038539603,0.297830909,0.954616487,-0.002065321,8116,11655,-1
0.445410728,0.471232861,0.027710829,0.361444294,-0.824588418,-0.435214967,8146,11655,1
0.445410728,0.471232861,0.027710829,0.361444294,-0.824588418,-0.435214996,8146,11655,-1
0.453470349,0.470451504,0.008266462,0.093176894,-0.121122211,0.988254786,8176,10239,2
0.454039901,0.480226696,0.015351574,0.063680813,0.955004752,-0.289673477,8196,10241,2
0.399908036,0.459438324,0.134125546,0.137854382,0.844364822,-0.517729938,8221,11024,2
0.361721367,0.456919342,0.871751189,0.139731035,0.974590957,0.175064996,8241,11529,2
0.356635362,0.456011534,0.164787486,0.996350825,-0.033509169,0.078500099,8262,10251,2
0.395546079,0.474094152,0.010477291,-0.037466936,-0.022826459,-0.999037147,8280,8280,2
0.332568765,0.465704590,0.007647330,-0.020317761,-0.180934921,0.983285189,8328,10259,2
0.346956342,0.479334384,0.124559164,-0.985704899,-0.110041596,-0.127580434,8333,8333,2
0.332287192,0.483308107,0.018570533,0.179948628,0.765138090,-0.618208885,8361,8361,2
0.241704166,0.440125316,0.873675644,-0.999832988,0.013675637,-0.012130427,8367,11370,-1
0.241704166,0.440125316,0.873675644,0.999977887,0.005175017,-0.004186384,8367,11655,-1
0.241704166,0.440125316,0.873675644,-0.999897599,0.013691453,0.004169933,8367,11655,-1
0.233930439,0.415004313,0.032425988,-0.811279476,0.518693209,-0.269783139,8369,10261,2
0.194011658,0.420238793,0.031677701,0.190751418,0.917194426,0.349811822,8380,11034,2
0.189603642,0.416767806,0.045685861,-0.028158382,0.714007556,-0.699571609,8393,11035,2
0.174946919,0.421367586,0.065768667,-0.013297318,-0.884469509,-0.466408521,8400,11371,2
0.210938677,0.435806513,0.027205169,-0.996743560,0.032059766,-0.073989734,8402,11372,2
0.187721044,0.423567891,0.057169341,0.650475204,-0.742081225,0.161856398,8405,11038,2
0.170746237,0.415046185,0.023487207,0.992064416,-0.000754859,0.125728518,8406,8406,2
0.266828030,0.467839092,0.014018840,-0.539178610,0.618460119,-0.571658671,8448,11373,2
0.255241960,0.457193971,0.026902199,-0.998285055,0.057182051,-0.012538131,8449,11374,2
0.228138641,0.476712823,0.026304930,-0.672646165,0.459071904,-0.580344856,8474,11376,2
0.258840144,0.464897484,0.025510456,-0.087438092,-0.988440692,-0.123852938,8478,11045,2
0.213684738,0.453139216,0.021208089,0.019750131,0.998081923,-0.058671899,8482,11046,2
0.261275858,0.470402002,0.019302797,0.007747485,-0.335313559,-0.942074776,8489,11377,2
0.239453375,0.480654001,0.015600757,-0.005715828,-0.895107806,0.445813298,8518,11602,2
0.210990116,0.466628700,0.033774704,0.723855972,-0.158300027,-0.671545744,8528,11049,2
0.248396471,0.470786333,0.016056973,0.527524114,-0.803498566,-0.275877386,8537,11050,2
0.162783459,0.470554471,0.019175477,-0.033183306,-0.999256909,-0.019609781,8594,11380,-1
0.162783459,0.470554471,0.019175477,0.005091181,-0.999791324,-0.019784495,8594,11655,-1
0.162783459,0.470554471,0.019175477,-0.064543433,-0.997914314,0.001126966,8594,11655,-1
0.161308572,0.470152199,0.064771280,-0.243289128,0.969915867,0.008586560,8611,11054,2
0.135437071,0.461701185,0.003403183,0.003628867,0.003189791,-0.999988317,8613,11381,-1
0.135437071,0.461701185,0.003403183,-0.004202761,0.003149358,-0.999986231,8613,11655,-1
0.135437071,0.461701185,0.003403183,-0.004182038,-0.000858780,-0.999990940,8613,11655,-1
0.170206487,0.484426141,0.063227423,-0.970188558,0.242013171,0.012801119,8624,8624,2
0.175816476,0.496003866,0.113645792,-0.592828214,-0.765139043,-0.251230866,8632,10307,2
0.170664296,0.501825392,0.096640751,-0.035408668,0.110213786,0.993277013,8641,8641,2
0.119004995,0.431733012,0.069832243,0.044210434,-0.998978198,-0.009386496,8651,8651,2
0.112972230,0.430553049,0.019671047,0.002704179,-0.999982715,-0.005238652,8652,11056,-1
0.112972230,0.430553049,0.019671047,0.005152973,-0.999972999,-0.005248919,8652,11655,-1
0.112972230,0.430553049,0.019671047,0.005178521,-0.999986231,0.000837161,8652,11655,-1
0.099498019,0.428218156,0.069897152,0.999977887,0.005175017,-0.004186384,8657,11655,1
0.099498019,0.428218156,0.069897152,0.999977887,0.005175017,-0.004186384,8657,11655,-1
0.089929588,0.426475793,0.147083804,-0.988534153,-0.115922257,0.096759126,8662,8662,2
0.100034229,0.457096368,0.020747723,0.999977887,0.005175017,-0.004186384,8663,11655,1
0.100034229,0.457096368,0.020747723,0.999977887,0.005175017,-0.004186384,8663,11655,-1
0.130623251,0.445384234,0.068379171,-0.894372880,-0.377355576,-0.240208134,8669,8669,2
0.129581109,0.472627580,0.064753912,-0.996372819,0.021021048,-0.082457751,8700,10320,2
0.147587135,0.486313462,0.064298518,-0.455951542,0.888882101,0.044687059,8717,8717,2
0.118626483,0.477920234,0.063402116,-0.468348265,-0.882627249,0.040238824,8719,8719,2
0.136876807,0.490761787,0.828680098,-0.122312263,-0.961694598,-0.245322764,8722,8722,2
0.137450457,0.491209954,0.035070386,-0.709507287,0.688541114,-0.150035352,8723,10321,2
0.096816935,0.491446435,0.142492712,-0.939970791,-0.325402915,0.102800258,8729,11059,2
0.103515483,0.500516295,0.061890066,0.894986331,-0.138704717,0.423981786,8733,11060,2
0.098338366,0.501774967,0.127197221,0.523647368,0.445776045,-0.726000786,8742,11061,2
0.104102813,0.509061038,0.170403868,0.008875363,0.230892330,-0.972938836,8746,11062,2
0.094431803,0.495043218,0.813737631,-0.119306520,-0.982800841,-0.140955552,8747,10327,2
0.109027542,0.507219195,0.121320613,-0.496575475,0.858683228,0.126791149,8768,11383,2
0.072867550,0.496156037,0.136186063,-0.007334040,-0.999717891,-0.022593960,8781,8781,2
0.097930484,0.367768914,0.845496714,-0.036444735,0.998582363,-0.038796090,8808,10335,2
0.021984898,0.204691634,0.849248886,-0.985644460,-0.090179987,-0.142732590,8819,8819,2
0.032713100,0.211846575,0.875478625,-0.751463294,0.026263027,-0.659252048,8820,11065,2
0.102364957,0.233026028,0.821060717,0.003460919,0.010515790,0.999938726,8821,8821,2
