0.171480104,0.124529518,0.329939485,0.999999583,-0.000948441,-0.000128435,1,26117,1,-1
0.171472549,0.124787576,0.423698187,0.999999583,-0.000948441,-0.000128435,1,26117,1,-1
0.171472549,0.124787576,0.423698187,0.999999583,-0.000948441,-0.000128435,1,26117,1,-1
0.171475857,0.124790385,0.428467214,0.999999583,-0.000948441,-0.000128435,1,26117,1,-1
0.171475857,0.124790385,0.428467214,0.999999583,-0.000948441,-0.000128435,1,26117,1,-1
0.171475813,0.124824323,0.427991360,0.999999583,-0.000948441,-0.000128435,1,26117,1,-1
0.171475813,0.124824323,0.427991360,0.999999583,-0.000948441,-0.000128435,1,26117,1,-1
0.284877241,0.090762928,0.048607215,0.000385862,0.000083372,-1.000000000,4,26007,1,-1
0.080478847,0.081698030,0.427867711,0.999999583,-0.000948441,-0.000128435,8,26117,1,-1
0.319628686,0.085189722,0.041738000,0.999999583,-0.000948441,-0.000128435,10,26117,1,-1
0.319634825,0.082704671,0.042459238,0.999999583,-0.000948441,-0.000128435,10,26117,1,-1
0.319634825,0.082704671,0.042459238,0.999999583,-0.000948441,-0.000128435,10,26117,1,-1
0.150946066,0.031089695,0.348555475,0.001241640,0.999999285,-0.000037520,18,26183,1,-1
0.150946066,0.031089695,0.348555475,0.001008856,0.999999404,-0.000393331,18,26118,-1,-1
0.087425649,0.147296831,0.131844565,0.001008856,0.999999404,-0.000393331,21,26118,1,-1
0.087425649,0.147296831,0.131844565,0.001241640,0.999999285,-0.000037520,21,26183,-1,-1
0.000132088,0.086811215,0.023862934,0.999999583,-0.000948441,-0.000128435,22,26117,1,-1
0.000132088,0.086811215,0.023862934,0.999999583,-0.000948441,-0.000128435,22,26117,1,-1
0.242680371,0.080772460,0.144170299,0.999999583,-0.000948441,-0.000128435,29,26117,1,-1
0.214929104,0.147182703,0.125014409,0.001241640,0.999999285,-0.000037520,32,26183,1,-1
0.214929104,0.147182703,0.125014409,0.001008856,0.999999404,-0.000393331,32,26118,-1,-1
0.150974855,0.132344395,0.337065637,0.001008856,0.999999404,-0.000393331,34,26118,1,-1
0.150974855,0.132344395,0.337065637,0.001241640,0.999999285,-0.000037520,34,26183,-1,-1
0.152437940,0.045727920,0.482292265,0.001008856,0.999999404,-0.000393331,46,26118,1,-1
0.152437940,0.045727920,0.482292265,0.001241640,0.999999285,-0.000037520,46,26183,-1,-1
0.221845925,0.082153589,0.425536901,0.999999583,-0.000948441,-0.000128435,49,26117,1,-1
0.133458287,0.038352266,0.470788419,0.999999583,-0.000948441,-0.000128435,51,26117,1,-1
0.133458287,0.038352266,0.470788419,0.999999583,-0.000948441,-0.000128435,51,26117,1,-1
0.133471534,0.038102280,0.484310001,0.999999583,-0.000948441,-0.000128435,51,26117,1,-1
0.133471534,0.038102280,0.484310001,0.999999583,-0.000948441,-0.000128435,51,26117,1,-1
0.034612812,0.082538091,0.110750467,0.999999583,-0.000948441,-0.000128435,55,26117,1,-1
0.057388268,0.005370030,0.013852797,0.000385862,0.000083372,-1.000000000,65,26007,1,-1
0.057388268,0.005370030,0.013852797,0.000385862,0.000083372,-1.000000000,65,26007,1,-1
0.073371053,0.005397329,0.013766927,0.000385862,0.000083372,-1.000000000,65,26007,1,-1
0.073371053,0.005397329,0.013766927,0.000385862,0.000083372,-1.000000000,65,26007,1,-1
0.133476377,0.038716909,0.289978921,0.999999583,-0.000948441,-0.000128435,75,26117,1,-1
0.133477196,0.038510174,0.304327786,0.999999583,-0.000948441,-0.000128435,75,26117,1,-1
0.133477196,0.038510174,0.304327786,0.999999583,-0.000948441,-0.000128435,75,26117,1,-1
0.106013358,0.126703948,0.647114336,0.001241640,0.999999285,-0.000037520,78,26183,1,-1
0.106013358,0.126703948,0.647114336,0.001008856,0.999999404,-0.000393331,78,26118,-1,-1
0.150812984,0.048750035,0.718152165,0.001008856,0.999999404,-0.000393331,80,26118,1,-1
0.150812984,0.048750035,0.718152165,0.001241640,0.999999285,-0.000037520,80,26183,-1,-1
0.216379896,0.083632708,0.647272766,0.999999583,-0.000948441,-0.000128435,81,26117,1,-1
0.271096021,0.085666150,0.110787317,0.999999583,-0.000948441,-0.000128435,84,26117,1,-1
0.086167723,0.081075191,0.645217061,0.999999583,-0.000948441,-0.000128435,94,26117,1,-1
0.256751746,0.030991189,0.116923034,0.001241640,0.999999285,-0.000037520,95,26183,1,-1
0.256828815,0.030991193,0.116255865,0.001241640,0.999999285,-0.000037520,95,26183,1,-1
0.256828815,0.030991193,0.116255865,0.001241640,0.999999285,-0.000037520,95,26183,1,-1
0.256751746,0.030991189,0.116923034,0.001008856,0.999999404,-0.000393331,95,26118,-1,-1
0.215533078,0.137120575,0.211023346,0.000385862,0.000083372,-1.000000000,102,26007,1,-1
0.199666709,0.047489110,0.688526988,0.000385862,0.000083372,-1.000000000,106,26007,1,-1
0.199666709,0.047489110,0.688526988,0.000385862,0.000083372,-1.000000000,106,26007,1,-1
0.209263012,0.091085374,0.688568294,0.000385862,0.000083372,-1.000000000,108,26007,1,-1
0.163049564,0.160758376,0.013804943,0.000385862,0.000083372,-1.000000000,110,26007,1,-1
0.139028460,0.160759747,0.013793356,0.000385862,0.000083372,-1.000000000,110,26007,1,-1
0.139028460,0.160759747,0.013793356,0.000385862,0.000083372,-1.000000000,110,26007,1,-1
0.159028187,0.160881549,0.013835124,0.000385862,0.000083372,-1.000000000,110,26007,1,-1
0.159028187,0.160881549,0.013835124,0.000385862,0.000083372,-1.000000000,110,26007,1,-1
0.156822070,0.124483302,0.257438183,0.000385862,0.000083372,-1.000000000,112,26007,1,-1
0.151017711,0.124251492,0.257535905,0.000385862,0.000083372,-1.000000000,112,26007,1,-1
0.151017711,0.124251492,0.257535905,0.000385862,0.000083372,-1.000000000,112,26007,1,-1
0.149044603,0.114680968,0.716076732,0.001008856,0.999999404,-0.000393331,117,26118,1,-1
0.149044603,0.114680968,0.716076732,0.001241640,0.999999285,-0.000037520,117,26183,-1,-1
0.151545331,0.117747240,0.477509201,0.001241640,0.999999285,-0.000037520,133,26183,1,-1
0.151545331,0.117747240,0.477509201,0.001241640,0.999999285,-0.000037520,133,26183,1,-1
0.151545331,0.117747240,0.477509201,0.001008856,0.999999404,-0.000393331,133,26118,-1,-1
0.216143966,0.017551951,0.126334235,0.001008856,0.999999404,-0.000393331,150,26118,1,-1
0.216143966,0.017551951,0.126334235,0.001241640,0.999999285,-0.000037520,150,26183,-1,-1
0.242458642,0.166012123,0.015672883,0.001241640,0.999999285,-0.000037520,157,26183,1,-1
0.242458642,0.166012123,0.015672883,0.001008856,0.999999404,-0.000393331,157,26118,-1,-1
0.146888375,0.012790400,0.026096128,0.001241640,0.999999285,-0.000037520,171,26183,1,-1
0.146888375,0.012790400,0.026096128,0.001008856,0.999999404,-0.000393331,171,26118,-1,-1
0.047101896,0.132442474,0.111499503,0.001008856,0.999999404,-0.000393331,186,26118,1,-1
0.047101896,0.132442474,0.111499503,0.001241640,0.999999285,-0.000037520,186,26183,1,-1
0.116561480,0.078950763,0.760441005,0.000385862,0.000083372,-1.000000000,188,26007,1,-1
0.116561480,0.078950763,0.760441005,0.000385862,0.000083372,-1.000000000,188,26007,1,-1
0.046939068,0.031363562,0.113283791,0.001241640,0.999999285,-0.000037520,189,26183,1,-1
0.046939068,0.031363562,0.113283791,0.001241640,0.999999285,-0.000037520,189,26183,1,-1
0.046939068,0.031363562,0.113283791,0.001008856,0.999999404,-0.000393331,189,26118,-1,-1
0.089280128,0.017667351,0.130251184,0.001241640,0.999999285,-0.000037520,213,26183,1,-1
0.089280128,0.017667351,0.130251184,0.001008856,0.999999404,-0.000393331,213,26118,-1,-1
0.116738141,0.139631018,0.173331797,0.999999583,-0.000948441,-0.000128435,219,26117,1,-1
0.116738141,0.139631018,0.173331797,0.999999583,-0.000948441,-0.000128435,219,26117,1,-1
0.116737738,0.139780983,0.172403589,0.999999583,-0.000948441,-0.000128435,219,26117,1,-1
0.116737738,0.139780983,0.172403589,0.999999583,-0.000948441,-0.000128435,219,26117,1,-1
0.086522229,0.160417661,0.035239238,0.001008856,0.999999404,-0.000393331,251,26118,1,-1
0.086522229,0.160417661,0.035239238,0.001241640,0.999999285,-0.000037520,251,26183,-1,-1
0.102270536,0.154066026,0.024775770,0.001241640,0.999999285,-0.000037520,252,26183,1,-1
0.102270536,0.154066026,0.024775770,0.001008856,0.999999404,-0.000393331,252,26118,-1,-1
0.059646212,0.086304851,0.190243587,0.999999583,-0.000948441,-0.000128435,257,26117,1,-1
0.059646674,0.086773567,0.189008936,0.999999583,-0.000948441,-0.000128435,257,26117,1,-1
0.059646674,0.086773567,0.189008936,0.999999583,-0.000948441,-0.000128435,257,26117,1,-1
0.059646238,0.086235613,0.187895089,0.999999583,-0.000948441,-0.000128435,257,26117,1,-1
0.059646238,0.086235613,0.187895089,0.999999583,-0.000948441,-0.000128435,257,26117,1,-1
0.099086881,0.082365811,0.714822412,0.999999583,-0.000948441,-0.000128435,266,26117,1,-1
0.311653137,0.078002669,0.021463361,0.999999583,-0.000948441,-0.000128435,269,26117,1,-1
0.170577034,0.038350645,0.338969797,0.999999583,-0.000948441,-0.000128435,271,26117,1,-1
0.170576364,0.038189668,0.346767366,0.999999583,-0.000948441,-0.000128435,271,26117,1,-1
0.170576364,0.038189668,0.346767366,0.999999583,-0.000948441,-0.000128435,271,26117,1,-1
0.170568943,0.038285542,0.412358522,0.999999583,-0.000948441,-0.000128435,271,26117,1,-1
0.170568943,0.038285542,0.412358522,0.999999583,-0.000948441,-0.000128435,271,26117,1,-1
0.170569107,0.038336013,0.410564899,0.999999583,-0.000948441,-0.000128435,271,26117,1,-1
0.170569107,0.038336013,0.410564899,0.999999583,-0.000948441,-0.000128435,271,26117,1,-1
0.257261574,0.132250071,0.114537612,0.001241640,0.999999285,-0.000037520,277,26183,1,-1
0.257261574,0.132250071,0.114537612,0.001241640,0.999999285,-0.000037520,277,26183,1,-1
0.257261574,0.132250071,0.114537612,0.001008856,0.999999404,-0.000393331,277,26118,-1,-1
0.131859049,0.124586530,0.347357005,0.999999583,-0.000948441,-0.000128435,282,26117,1,-1
0.131859049,0.124586530,0.347357005,0.999999583,-0.000948441,-0.000128435,282,26117,1,-1
0.131838307,0.124631017,0.331767976,0.999999583,-0.000948441,-0.000128435,282,26117,1,-1
0.131838307,0.124631017,0.331767976,0.999999583,-0.000948441,-0.000128435,282,26117,1,-1
0.070503518,0.119377658,0.245439038,0.001008856,0.999999404,-0.000393331,285,26118,1,-1
0.070503518,0.119377658,0.245439038,0.001241640,0.999999285,-0.000037520,285,26183,1,-1
0.121787980,0.019034741,0.004090013,0.001008856,0.999999404,-0.000393331,290,26118,1,-1
0.121787980,0.019034741,0.004090013,0.001241640,0.999999285,-0.000037520,290,26183,-1,-1
0.053536076,0.162157208,0.013809391,0.000385862,0.000083372,-1.000000000,299,26007,1,-1
0.042261932,0.160947874,0.013768205,0.000385862,0.000083372,-1.000000000,299,26007,1,-1
0.042261932,0.160947874,0.013768205,0.000385862,0.000083372,-1.000000000,299,26007,1,-1
0.097107992,0.157070160,0.053890601,0.000385862,0.000083372,-1.000000000,312,26007,1,-1
0.271650851,0.153940201,0.025161192,0.001241640,0.999999285,-0.000037520,355,26183,1,-1
0.271650851,0.153940201,0.025161192,0.001008856,0.999999404,-0.000393331,355,26118,-1,-1
0.128747612,0.122821219,0.631963670,0.999999583,-0.000948441,-0.000128435,387,26117,1,-1
0.196854919,0.036722165,0.647437572,0.001241640,0.999999285,-0.000037520,397,26183,1,-1
0.196854919,0.036722165,0.647437572,0.001008856,0.999999404,-0.000393331,397,26118,-1,-1
0.070085779,0.044599194,0.240000844,0.001241640,0.999999285,-0.000037520,411,26183,1,-1
0.070085779,0.044599194,0.240000844,0.001008856,0.999999404,-0.000393331,411,26118,-1,-1
0.150250629,0.086738519,0.766053557,0.000385862,0.000083372,-1.000000000,470,26007,1,-1
0.148664176,0.084639594,0.766052008,0.000385862,0.000083372,-1.000000000,470,26007,1,-1
0.148664176,0.084639594,0.766052008,0.000385862,0.000083372,-1.000000000,470,26007,1,-1
0.193939075,0.126623228,0.647497773,0.001008856,0.999999404,-0.000393331,487,26118,1,-1
0.193939075,0.126623228,0.647497773,0.001241640,0.999999285,-0.000037520,487,26183,-1,-1
0.282736957,0.161260381,0.013920665,0.000385862,0.000083372,-1.000000000,520,26007,1,-1
0.291734666,0.156923875,0.013890355,0.000385862,0.000083372,-1.000000000,520,26007,1,-1
0.291734666,0.156923875,0.013890355,0.000385862,0.000083372,-1.000000000,520,26007,1,-1
0.305444419,0.120865405,0.013917593,0.000385862,0.000083372,-1.000000000,520,26007,1,-1
0.305444419,0.120865405,0.013917593,0.000385862,0.000083372,-1.000000000,520,26007,1,-1
0.026796293,0.087808520,0.048636757,0.000385862,0.000083372,-1.000000000,524,26007,1,-1
0.027244225,0.088289596,0.048636544,0.000385862,0.000083372,-1.000000000,524,26007,1,-1
0.027244225,0.088289596,0.048636544,0.000385862,0.000083372,-1.000000000,524,26007,1,-1
0.187301576,0.139991865,0.116973467,0.999999583,-0.000948441,-0.000128435,528,26117,1,-1
0.187301576,0.139991865,0.116973467,0.999999583,-0.000948441,-0.000128435,528,26117,1,-1
0.187300652,0.139818326,0.129454389,0.999999583,-0.000948441,-0.000128435,528,26117,1,-1
0.187300652,0.139818326,0.129454389,0.999999583,-0.000948441,-0.000128435,528,26117,1,-1
0.016141966,0.000305636,0.016331000,0.001241640,0.999999285,-0.000037520,549,26183,1,-1
0.016141966,0.000305636,0.016331000,0.001008856,0.999999404,-0.000393331,549,26118,-1,-1
0.316992968,0.134093702,0.019386824,0.000385862,0.000083372,-1.000000000,572,26007,1,-1
0.316992968,0.134093702,0.019386824,0.000385862,0.000083372,-1.000000000,572,26007,1,-1
0.317572087,0.120578475,0.019437065,0.000385862,0.000083372,-1.000000000,572,26007,1,-1
0.317572087,0.120578475,0.019437065,0.000385862,0.000083372,-1.000000000,572,26007,1,-1
0.070038512,0.076689169,0.262040108,0.000385862,0.000083372,-1.000000000,583,26007,1,-1
0.069494575,0.082249843,0.262025893,0.000385862,0.000083372,-1.000000000,583,26007,1,-1
0.069494575,0.082249843,0.262025893,0.000385862,0.000083372,-1.000000000,583,26007,1,-1
0.101801962,0.052943017,0.688579381,0.000385862,0.000083372,-1.000000000,585,26007,1,-1
0.101801962,0.052943017,0.688579381,0.000385862,0.000083372,-1.000000000,585,26007,1,-1
0.100998245,0.052148793,0.688578784,0.000385862,0.000083372,-1.000000000,585,26007,1,-1
0.100998245,0.052148793,0.688578784,0.000385862,0.000083372,-1.000000000,585,26007,1,-1
0.099991634,0.056224059,0.688578129,0.000385862,0.000083372,-1.000000000,585,26007,1,-1
0.099991634,0.056224059,0.688578129,0.000385862,0.000083372,-1.000000000,585,26007,1,-1
0.116741166,0.140097484,0.074764930,0.999999583,-0.000948441,-0.000128435,593,26117,1,-1
0.116741166,0.140097484,0.074764930,0.999999583,-0.000948441,-0.000128435,593,26117,1,-1
0.083058342,0.026644912,0.210921913,0.000385862,0.000083372,-1.000000000,628,26007,1,-1
0.083058342,0.026644912,0.210921913,0.000385862,0.000083372,-1.000000000,628,26007,1,-1
0.082997143,0.135520294,0.211063489,0.000385862,0.000083372,-1.000000000,670,26007,1,-1
0.082997143,0.135520294,0.211063489,0.000385862,0.000083372,-1.000000000,670,26007,1,-1
0.131081983,0.129381627,0.608290792,0.000385862,0.000083372,-1.000000000,720,26007,1,-1
0.292714030,0.006590254,0.013904343,0.000385862,0.000083372,-1.000000000,728,26007,1,-1
0.286787063,0.006513485,0.013884174,0.000385862,0.000083372,-1.000000000,728,26007,1,-1
0.286787063,0.006513485,0.013884174,0.000385862,0.000083372,-1.000000000,728,26007,1,-1
0.149738818,0.082337931,0.979671836,0.001241640,0.999999285,-0.000037520,757,26183,1,-1
0.149738818,0.082337931,0.979671836,0.001241640,0.999999285,-0.000037520,757,26183,1,-1
0.149738818,0.082337931,0.979671836,0.001008856,0.999999404,-0.000393331,757,26118,-1,-1
0.048032265,0.081076294,0.176179290,0.000385862,0.000083372,-1.000000000,810,26007,1,-1
0.047628179,0.083296612,0.176178887,0.000385862,0.000083372,-1.000000000,810,26007,1,-1
0.047628179,0.083296612,0.176178887,0.000385862,0.000083372,-1.000000000,810,26007,1,-1
0.107833318,0.036795188,0.649348021,0.001241640,0.999999285,-0.000037520,835,26183,1,-1
0.107833318,0.036795188,0.649348021,0.001008856,0.999999404,-0.000393331,835,26118,-1,-1
0.293697476,0.013457404,0.019300941,0.000385862,0.000083372,-1.000000000,877,26007,1,-1
0.293697476,0.013457404,0.019300941,0.000385862,0.000083372,-1.000000000,877,26007,1,-1
0.288957238,0.012698641,0.019324103,0.000385862,0.000083372,-1.000000000,877,26007,1,-1
0.288957238,0.012698641,0.019324103,0.000385862,0.000083372,-1.000000000,877,26007,1,-1
0.289218396,0.012610565,0.019329458,0.000385862,0.000083372,-1.000000000,877,26007,1,-1
0.289218396,0.012610565,0.019329458,0.000385862,0.000083372,-1.000000000,877,26007,1,-1
0.148755074,0.067286089,0.806450188,0.001008856,0.999999404,-0.000393331,895,26118,1,-1
0.148755074,0.067286089,0.806450188,0.001241640,0.999999285,-0.000037520,895,26183,1,-1
0.030874826,0.166239083,0.016718920,0.001241640,0.999999285,-0.000037520,900,26183,1,-1
0.030874826,0.166239083,0.016718920,0.001008856,0.999999404,-0.000393331,900,26118,-1,-1
0.146335825,0.106027707,0.751272738,0.001241640,0.999999285,-0.000037520,982,26183,1,-1
0.146335825,0.106027707,0.751272738,0.001241640,0.999999285,-0.000037520,982,26183,1,-1
0.152891457,0.105969422,0.751081288,0.001241640,0.999999285,-0.000037520,982,26183,1,-1
0.152891457,0.105969422,0.751081288,0.001241640,0.999999285,-0.000037520,982,26183,1,-1
0.146335825,0.106027707,0.751272738,0.001008856,0.999999404,-0.000393331,982,26118,-1,-1
0.066312551,0.006005909,0.019461442,0.000385862,0.000083372,-1.000000000,991,26007,1,-1
0.066312551,0.006005909,0.019461442,0.000385862,0.000083372,-1.000000000,991,26007,1,-1
0.057614442,0.005889273,0.019449681,0.000385862,0.000083372,-1.000000000,991,26007,1,-1
0.057614442,0.005889273,0.019449681,0.000385862,0.000083372,-1.000000000,991,26007,1,-1
0.232301563,0.119241908,0.234529391,0.001241640,0.999999285,-0.000037520,999,26183,1,-1
0.232301563,0.119241908,0.234529391,0.001008856,0.999999404,-0.000393331,999,26118,-1,-1
0.131826103,0.125205174,0.457876205,0.999999583,-0.000948441,-0.000128435,1024,26117,1,-1
0.131825045,0.125332847,0.480303705,0.999999583,-0.000948441,-0.000128435,1024,26117,1,-1
0.131825045,0.125332847,0.480303705,0.999999583,-0.000948441,-0.000128435,1024,26117,1,-1
0.154856265,0.142896771,0.048648369,0.000385862,0.000083372,-1.000000000,1032,26007,1,-1
0.154856265,0.142896771,0.048648369,0.000385862,0.000083372,-1.000000000,1032,26007,1,-1
0.153575674,0.142681554,0.048648532,0.000385862,0.000083372,-1.000000000,1032,26007,1,-1
0.153575674,0.142681554,0.048648532,0.000385862,0.000083372,-1.000000000,1032,26007,1,-1
0.187196985,0.024500301,0.109486938,0.999999583,-0.000948441,-0.000128435,1043,26117,1,-1
0.187196985,0.024500301,0.109486938,0.999999583,-0.000948441,-0.000128435,1043,26117,1,-1
0.187190384,0.024163345,0.131677866,0.999999583,-0.000948441,-0.000128435,1043,26117,1,-1
0.187190384,0.024163345,0.131677866,0.999999583,-0.000948441,-0.000128435,1043,26117,1,-1
0.256607890,0.078435302,0.174443260,0.000385862,0.000083372,-1.000000000,1074,26007,1,-1
0.256607890,0.078435302,0.174443260,0.000385862,0.000083372,-1.000000000,1074,26007,1,-1
0.202505037,0.082696959,0.716705382,0.999999583,-0.000948441,-0.000128435,1116,26117,1,-1
0.148348853,0.022398937,0.048631277,0.000385862,0.000083372,-1.000000000,1133,26007,1,-1
0.148348853,0.022398937,0.048631277,0.000385862,0.000083372,-1.000000000,1133,26007,1,-1
0.150235504,0.022179173,0.048642609,0.000385862,0.000083372,-1.000000000,1133,26007,1,-1
0.150235504,0.022179173,0.048642609,0.000385862,0.000083372,-1.000000000,1133,26007,1,-1
0.161479697,0.079744190,0.838716149,0.999999583,-0.000948441,-0.000128435,1181,26117,1,-1
0.161479697,0.079744190,0.838716149,0.999999583,-0.000948441,-0.000128435,1181,26117,1,-1
0.161510065,0.079603963,0.823079169,0.999999583,-0.000948441,-0.000128435,1181,26117,1,-1
0.161510065,0.079603963,0.823079169,0.999999583,-0.000948441,-0.000128435,1181,26117,1,-1
0.213048652,0.159918696,0.037126899,0.001241640,0.999999285,-0.000037520,1213,26183,1,-1
0.213048652,0.159918696,0.037126899,0.001241640,0.999999285,-0.000037520,1213,26183,1,-1
0.213048652,0.159918696,0.037126899,0.001008856,0.999999404,-0.000393331,1213,26118,-1,-1
0.149242595,0.076370865,0.947327137,0.001241640,0.999999285,-0.000037520,1244,26183,1,-1
0.149242595,0.076370865,0.947327137,0.001241640,0.999999285,-0.000037520,1244,26183,1,-1
0.149242595,0.076370865,0.947327137,0.001008856,0.999999404,-0.000393331,1244,26118,-1,-1
0.133481041,0.038505249,0.395849317,0.999999583,-0.000948441,-0.000128435,1250,26117,1,-1
0.133481041,0.038505249,0.395849317,0.999999583,-0.000948441,-0.000128435,1250,26117,1,-1
0.088642590,0.009831196,0.053781889,0.000385862,0.000083372,-1.000000000,1340,26007,1,-1
0.221158549,0.009167232,0.053900536,0.000385862,0.000083372,-1.000000000,1432,26007,1,-1
0.088492803,0.005591743,0.035020687,0.001008856,0.999999404,-0.000393331,1449,26118,1,-1
0.088492803,0.005591743,0.035020687,0.001241640,0.999999285,-0.000037520,1449,26183,1,-1
0.152645156,0.080343403,0.952622831,0.999999583,-0.000948441,-0.000128435,1500,26117,1,-1
0.315955877,0.064527288,0.029547237,0.001008856,0.999999404,-0.000393331,1505,26118,1,-1
0.315955877,0.064527288,0.029547237,0.001241640,0.999999285,-0.000037520,1505,26183,1,-1
0.133515447,0.038097192,0.584716916,0.999999583,-0.000948441,-0.000128435,1512,26117,1,-1
0.133505017,0.037978705,0.590583324,0.999999583,-0.000948441,-0.000128435,1512,26117,1,-1
0.133505017,0.037978705,0.590583324,0.999999583,-0.000948441,-0.000128435,1512,26117,1,-1
0.152004704,0.039556030,0.257185251,0.000385862,0.000083372,-1.000000000,1610,26007,1,-1
0.152004704,0.039556030,0.257185251,0.000385862,0.000083372,-1.000000000,1610,26007,1,-1
0.148891598,0.092025414,0.833400726,0.001008856,0.999999404,-0.000393331,1702,26118,1,-1
0.148891598,0.092025414,0.833400726,0.001241640,0.999999285,-0.000037520,1702,26183,1,-1
0.217950195,0.026458664,0.211014122,0.000385862,0.000083372,-1.000000000,1728,26007,1,-1
0.217950195,0.026458664,0.211014122,0.000385862,0.000083372,-1.000000000,1728,26007,1,-1
0.020809360,0.161537692,0.019489264,0.000385862,0.000083372,-1.000000000,1791,26007,1,-1
0.020809360,0.161537692,0.019489264,0.000385862,0.000083372,-1.000000000,1791,26007,1,-1
0.101964712,0.098993987,0.745597005,0.000385862,0.000083372,-1.000000000,1802,26007,1,-1
0.107760772,0.105806179,0.745612144,0.000385862,0.000083372,-1.000000000,1802,26007,1,-1
0.107760772,0.105806179,0.745612144,0.000385862,0.000083372,-1.000000000,1802,26007,1,-1
0.167240515,0.006061011,0.013762820,0.000385862,0.000083372,-1.000000000,1922,26007,1,-1
0.184010848,0.005759609,0.013819304,0.000385862,0.000083372,-1.000000000,1922,26007,1,-1
0.184010848,0.005759609,0.013819304,0.000385862,0.000083372,-1.000000000,1922,26007,1,-1
0.231711626,0.044460136,0.239660680,0.001241640,0.999999285,-0.000037520,1939,26183,1,-1
0.232216537,0.044459585,0.238458470,0.001241640,0.999999285,-0.000037520,1939,26183,1,-1
0.232216537,0.044459585,0.238458470,0.001241640,0.999999285,-0.000037520,1939,26183,1,-1
0.231711626,0.044460136,0.239660680,0.001008856,0.999999404,-0.000393331,1939,26118,-1,-1
0.149165720,0.082886621,0.931130171,0.001008856,0.999999404,-0.000393331,1950,26118,1,-1
0.149165720,0.082886621,0.931130171,0.001241640,0.999999285,-0.000037520,1950,26183,1,-1
0.217326418,0.153327882,0.048609965,0.000385862,0.000083372,-1.000000000,1951,26007,1,-1
0.218305841,0.119400658,0.608169854,0.000385862,0.000083372,-1.000000000,1975,26007,1,-1
0.314938784,0.085857205,0.037136741,0.000385862,0.000083372,-1.000000000,1976,26007,1,-1
0.116639793,0.024577405,0.084210120,0.999999583,-0.000948441,-0.000128435,2003,26117,1,-1
0.116639793,0.024577405,0.084210120,0.999999583,-0.000948441,-0.000128435,2003,26117,1,-1
0.116622202,0.023933643,0.121583149,0.999999583,-0.000948441,-0.000128435,2003,26117,1,-1
0.116622202,0.023933643,0.121583149,0.999999583,-0.000948441,-0.000128435,2003,26117,1,-1
0.128728151,0.122719407,0.666357934,0.999999583,-0.000948441,-0.000128435,2046,26117,1,-1
0.142434791,0.054005589,0.751587272,0.001008856,0.999999404,-0.000393331,2059,26118,1,-1
0.142434791,0.054005589,0.751587272,0.001241640,0.999999285,-0.000037520,2059,26183,1,-1
0.142434791,0.054005589,0.751587272,0.001241640,0.999999285,-0.000037520,2059,26183,1,-1
0.153987601,0.058186870,0.760127246,0.001008856,0.999999404,-0.000393331,2247,26118,1,-1
0.153987601,0.058186870,0.760127246,0.001008856,0.999999404,-0.000393331,2247,26118,1,-1
0.153987601,0.058186870,0.760127246,0.001008856,0.999999404,-0.000393331,2247,26118,1,-1
0.153987601,0.058186870,0.760127246,0.001241640,0.999999285,-0.000037520,2247,26183,1,-1
0.128685981,0.042369775,0.648606062,0.999999583,-0.000948441,-0.000128435,2266,26117,1,-1
0.211468011,0.118168555,0.688550413,0.000385862,0.000083372,-1.000000000,2272,26007,1,-1
0.152249634,0.000395612,0.016744804,0.001241640,0.999999285,-0.000037520,2288,26183,1,-1
0.152249634,0.000395612,0.016744804,0.001241640,0.999999285,-0.000037520,2288,26183,1,-1
0.152249634,0.000395612,0.016744804,0.001008856,0.999999404,-0.000393331,2288,26118,-1,-1
0.145707622,0.079875842,0.954445004,0.999999583,-0.000948441,-0.000128435,2315,26117,1,-1
0.145707622,0.079875842,0.954445004,0.999999583,-0.000948441,-0.000128435,2315,26117,1,-1
0.138941348,0.107953347,0.745666742,0.000385862,0.000083372,-1.000000000,2347,26007,1,-1
0.136814043,0.079793863,0.832002521,0.999999583,-0.000948441,-0.000128435,2392,26117,1,-1
0.136814043,0.079793863,0.832002521,0.999999583,-0.000948441,-0.000128435,2392,26117,1,-1
0.215143174,0.004793426,0.038437374,0.001008856,0.999999404,-0.000393331,2417,26118,1,-1
0.215143174,0.004793426,0.038437374,0.001241640,0.999999285,-0.000037520,2417,26183,1,-1
0.215143174,0.004793426,0.038437374,0.001241640,0.999999285,-0.000037520,2417,26183,1,-1
0.267680198,0.000076405,0.015682057,0.001241640,0.999999285,-0.000037520,2512,26183,1,-1
0.267680198,0.000076405,0.015682057,0.001008856,0.999999404,-0.000393331,2512,26118,-1,-1
0.155147299,0.101845071,0.759090126,0.001241640,0.999999285,-0.000037520,2544,26183,1,-1
0.155147299,0.101845071,0.759090126,0.001241640,0.999999285,-0.000037520,2544,26183,1,-1
0.155147299,0.101845071,0.759090126,0.001008856,0.999999404,-0.000393331,2544,26118,-1,-1
0.128685728,0.041809488,0.621044338,0.999999583,-0.000948441,-0.000128435,2625,26117,1,-1
0.051944837,0.000264479,0.016766397,0.001241640,0.999999285,-0.000037520,2670,26183,1,-1
0.051944837,0.000264479,0.016766397,0.001008856,0.999999404,-0.000393331,2670,26118,-1,-1
0.071236439,0.119384736,0.214889735,0.001241640,0.999999285,-0.000037520,2777,26183,1,-1
0.071236439,0.119384736,0.214889735,0.001008856,0.999999404,-0.000393331,2777,26118,-1,-1
0.175104320,0.040498979,0.622066677,0.999999583,-0.000948441,-0.000128435,2786,26117,1,-1
0.193586737,0.008358748,0.032348517,0.999999583,-0.000948441,-0.000128435,2857,26117,1,-1
0.120394312,0.010697313,0.008318125,0.000385862,0.000083372,-1.000000000,2885,26007,1,-1
0.105963618,0.079612218,0.751697481,0.999999583,-0.000948441,-0.000128435,2933,26117,1,-1
0.105963618,0.079612218,0.751697481,0.999999583,-0.000948441,-0.000128435,2933,26117,1,-1
0.103350222,0.064919852,0.745711207,0.000385862,0.000083372,-1.000000000,3057,26007,1,-1
0.103350222,0.064919852,0.745711207,0.000385862,0.000083372,-1.000000000,3057,26007,1,-1
0.225575626,0.155391738,0.053885754,0.000385862,0.000083372,-1.000000000,3221,26007,1,-1
0.170647308,0.039052308,0.589271784,0.999999583,-0.000948441,-0.000128435,3228,26117,1,-1
0.170647308,0.039052308,0.589271784,0.999999583,-0.000948441,-0.000128435,3228,26117,1,-1
0.245144621,0.000095396,0.014930002,0.001241640,0.999999285,-0.000037520,3235,26183,1,-1
0.245144621,0.000095396,0.014930002,0.001008856,0.999999404,-0.000393331,3235,26118,-1,-1
0.156675547,0.005921725,0.019520584,0.000385862,0.000083372,-1.000000000,3341,26007,1,-1
0.145785853,0.005633246,0.019474344,0.000385862,0.000083372,-1.000000000,3341,26007,1,-1
0.145785853,0.005633246,0.019474344,0.000385862,0.000083372,-1.000000000,3341,26007,1,-1
0.150425911,0.005412181,0.019504482,0.000385862,0.000083372,-1.000000000,3341,26007,1,-1
0.150425911,0.005412181,0.019504482,0.000385862,0.000083372,-1.000000000,3341,26007,1,-1
0.178310409,0.162706986,0.019347370,0.000385862,0.000083372,-1.000000000,3416,26007,1,-1
0.178310409,0.162706986,0.019347370,0.000385862,0.000083372,-1.000000000,3416,26007,1,-1
0.175472632,0.162383169,0.019363487,0.000385862,0.000083372,-1.000000000,3416,26007,1,-1
0.175472632,0.162383169,0.019363487,0.000385862,0.000083372,-1.000000000,3416,26007,1,-1
0.173746899,0.166118115,0.015768496,0.001241640,0.999999285,-0.000037520,3601,26183,1,-1
0.173746899,0.166118115,0.015768496,0.001008856,0.999999404,-0.000393331,3601,26118,-1,-1
0.233006403,0.156632811,0.024328651,0.999999583,-0.000948441,-0.000128435,3606,26117,1,-1
0.194185197,0.097823389,0.755963624,0.000385862,0.000083372,-1.000000000,3744,26007,1,-1
0.175164610,0.121663280,0.672143459,0.999999583,-0.000948441,-0.000128435,3799,26117,1,-1
0.175164610,0.121663280,0.672143459,0.999999583,-0.000948441,-0.000128435,3799,26117,1,-1
0.106728427,0.009187182,0.033139702,0.999999583,-0.000948441,-0.000128435,3808,26117,1,-1
0.184533164,0.083252624,0.760608971,0.000385862,0.000083372,-1.000000000,3901,26007,1,-1
0.184533164,0.083252624,0.760608971,0.000385862,0.000083372,-1.000000000,3901,26007,1,-1
0.184525341,0.083029933,0.760608792,0.000385862,0.000083372,-1.000000000,3901,26007,1,-1
0.184525341,0.083029933,0.760608792,0.000385862,0.000083372,-1.000000000,3901,26007,1,-1
0.193095058,0.120370336,0.688566983,0.000385862,0.000083372,-1.000000000,4161,26007,1,-1
0.219486997,0.096899547,0.608325779,0.000385862,0.000083372,-1.000000000,4355,26007,1,-1
0.152220219,0.079218201,0.902134478,0.999999583,-0.000948441,-0.000128435,4397,26117,1,-1
0.152220219,0.079218201,0.902134478,0.999999583,-0.000948441,-0.000128435,4397,26117,1,-1
0.131903484,0.034087040,0.608299673,0.000385862,0.000083372,-1.000000000,4642,26007,1,-1
0.231691003,0.066041790,0.262038171,0.000385862,0.000083372,-1.000000000,4697,26007,1,-1
0.231724218,0.085375264,0.262024611,0.000385862,0.000083372,-1.000000000,4697,26007,1,-1
0.231724218,0.085375264,0.262024611,0.000385862,0.000083372,-1.000000000,4697,26007,1,-1
0.184564173,0.053871423,0.749494970,0.001241640,0.999999285,-0.000037520,4750,26183,1,-1
0.184564173,0.053871423,0.749494970,0.001008856,0.999999404,-0.000393331,4750,26118,-1,-1
0.175102621,0.041888565,0.641359329,0.999999583,-0.000948441,-0.000128435,4922,26117,1,-1
0.175906867,0.062469680,0.763571382,0.999999583,-0.000948441,-0.000128435,5156,26117,1,-1
0.273068905,0.162154168,0.019307993,0.000385862,0.000083372,-1.000000000,5357,26007,1,-1
0.257761776,0.161944017,0.019342100,0.000385862,0.000083372,-1.000000000,5357,26007,1,-1
0.257761776,0.161944017,0.019342100,0.000385862,0.000083372,-1.000000000,5357,26007,1,-1
0.084628731,0.158416137,0.053898502,0.000385862,0.000083372,-1.000000000,5404,26007,1,-1
0.101714954,0.119205520,0.688542724,0.000385862,0.000083372,-1.000000000,5437,26007,1,-1
0.101714954,0.119205520,0.688542724,0.000385862,0.000083372,-1.000000000,5437,26007,1,-1
0.131829351,0.124249153,0.581245422,0.999999583,-0.000948441,-0.000128435,5457,26117,1,-1
0.131829351,0.124249153,0.581245422,0.999999583,-0.000948441,-0.000128435,5457,26117,1,-1
0.202004373,0.150775418,0.048602339,0.000385862,0.000083372,-1.000000000,5510,26007,1,-1
0.219881669,0.004210596,0.019583501,0.000385862,0.000083372,-1.000000000,5570,26007,1,-1
0.122134484,0.166153938,0.016648788,0.001241640,0.999999285,-0.000037520,5764,26183,1,-1
0.122134484,0.166153938,0.016648788,0.001241640,0.999999285,-0.000037520,5764,26183,1,-1
0.122134484,0.166153938,0.016648788,0.001008856,0.999999404,-0.000393331,5764,26118,-1,-1
0.064285368,0.119401395,0.221288204,0.001008856,0.999999404,-0.000393331,5807,26118,1,-1
0.064285368,0.119401395,0.221288204,0.001241640,0.999999285,-0.000037520,5807,26183,-1,-1
0.067102686,0.156799361,0.033022135,0.999999583,-0.000948441,-0.000128435,5873,26117,1,-1
0.133476660,0.037673466,0.564503849,0.999999583,-0.000948441,-0.000128435,5896,26117,1,-1
0.219793022,0.060434032,0.608294368,0.000385862,0.000083372,-1.000000000,6093,26007,1,-1
0.180739865,0.166101873,0.017530829,0.001241640,0.999999285,-0.000037520,6183,26183,1,-1
0.180739865,0.166101873,0.017530829,0.001008856,0.999999404,-0.000393331,6183,26118,-1,-1
0.187796488,0.000434650,0.017355168,0.001008856,0.999999404,-0.000393331,6471,26118,1,-1
0.187796488,0.000434650,0.017355168,0.001008856,0.999999404,-0.000393331,6471,26118,1,-1
0.187796488,0.000434650,0.017355168,0.001241640,0.999999285,-0.000037520,6471,26183,-1,-1
0.175175682,0.120840937,0.624836564,0.999999583,-0.000948441,-0.000128435,6575,26117,1,-1
0.175171912,0.122846968,0.650153518,0.999999583,-0.000948441,-0.000128435,6610,26117,1,-1
0.128675118,0.039801259,0.658484340,0.999999583,-0.000948441,-0.000128435,6985,26117,1,-1
0.195944428,0.080013491,0.750140786,0.999999583,-0.000948441,-0.000128435,7044,26117,1,-1
0.195944428,0.080013491,0.750140786,0.999999583,-0.000948441,-0.000128435,7044,26117,1,-1
0.105815142,0.156561270,0.032687828,0.999999583,-0.000948441,-0.000128435,7103,26117,1,-1
0.117839120,0.159862727,0.019553624,0.000385862,0.000083372,-1.000000000,7111,26007,1,-1
0.103541128,0.166178092,0.018287340,0.001241640,0.999999285,-0.000037520,7174,26183,1,-1
0.103541128,0.166178092,0.018287340,0.001008856,0.999999404,-0.000393331,7174,26118,-1,-1
0.099912167,0.034060501,0.608307481,0.000385862,0.000083372,-1.000000000,7398,26007,1,-1
0.068124063,0.008080189,0.032813802,0.999999583,-0.000948441,-0.000128435,7679,26117,1,-1
0.068124063,0.008080189,0.032813802,0.999999583,-0.000948441,-0.000128435,7679,26117,1,-1
0.058807880,0.166216418,0.016413774,0.001008856,0.999999404,-0.000393331,8034,26118,1,-1
0.058807880,0.166216418,0.016413774,0.001241640,0.999999285,-0.000037520,8034,26183,-1,-1
0.218692690,0.040114995,0.608318329,0.000385862,0.000083372,-1.000000000,8310,26007,1,-1
0.083432466,0.114662178,0.608312011,0.000385862,0.000083372,-1.000000000,8357,26007,1,-1
0.095492639,0.163524151,0.019563256,0.000385862,0.000083372,-1.000000000,8752,26007,1,-1
0.220892608,0.000117378,0.016925661,0.001241640,0.999999285,-0.000037520,8959,26183,1,-1
0.220892608,0.000117378,0.016925661,0.001008856,0.999999404,-0.000393331,8959,26118,-1,-1
0.145514518,0.081298225,0.915153503,0.999999583,-0.000948441,-0.000128435,9062,26117,1,-1
0.181233406,0.110974804,0.745658994,0.000385862,0.000083372,-1.000000000,9160,26007,1,-1
0.314884931,0.070767313,0.053693477,0.000385862,0.000083372,-1.000000000,9335,26007,1,-1
0.105826162,0.156977937,0.024698453,0.999999583,-0.000948441,-0.000128435,9400,26117,1,-1
0.128750905,0.120993219,0.615909517,0.999999583,-0.000948441,-0.000128435,9531,26117,1,-1
0.061840657,0.162006617,0.019412607,0.000385862,0.000083372,-1.000000000,9747,26007,1,-1
0.061840657,0.162006617,0.019412607,0.000385862,0.000083372,-1.000000000,9747,26007,1,-1
0.324463427,0.050922800,0.016747974,0.999999583,-0.000948441,-0.000128435,10394,26117,1,-1
0.200808078,0.008431253,0.053901460,0.000385862,0.000083372,-1.000000000,10536,26007,1,-1
0.150147453,0.066891544,0.860226870,0.001008856,0.999999404,-0.000393331,10567,26118,1,-1
0.150147453,0.066891544,0.860226870,0.001241640,0.999999285,-0.000037520,10567,26183,-1,-1
0.152598038,0.078538962,0.936129987,0.999999583,-0.000948441,-0.000128435,10597,26117,1,-1
0.108569995,0.129461870,0.608304501,0.000385862,0.000083372,-1.000000000,10681,26007,1,-1
0.175093979,0.039653528,0.682676017,0.999999583,-0.000948441,-0.000128435,10682,26117,1,-1
0.317060679,0.101770505,0.027237181,0.001241640,0.999999285,-0.000037520,11368,26183,1,-1
0.317060679,0.101770505,0.027237181,0.001008856,0.999999404,-0.000393331,11368,26118,-1,-1
0.141005620,0.166126475,0.017750004,0.001241640,0.999999285,-0.000037520,11604,26183,1,-1
0.141005620,0.166126475,0.017750004,0.001008856,0.999999404,-0.000393331,11604,26118,-1,-1
0.133848354,0.051993765,0.745657742,0.000385862,0.000083372,-1.000000000,11981,26007,1,-1
0.187183335,0.026923092,0.062047251,0.999999583,-0.000948441,-0.000128435,12290,26117,1,-1
0.199615985,0.004794098,0.035295844,0.001008856,0.999999404,-0.000393331,13407,26118,1,-1
0.199615985,0.004794098,0.035295844,0.001241640,0.999999285,-0.000037520,13407,26183,-1,-1
0.149781778,0.076116018,0.975789547,0.001008856,0.999999404,-0.000393331,13858,26118,1,-1
0.149781778,0.076116018,0.975789547,0.001241640,0.999999285,-0.000037520,13858,26183,-1,-1
0.229559481,0.004832472,0.049777124,0.001241640,0.999999285,-0.000037520,14419,26183,1,-1
0.229559481,0.004832472,0.049777124,0.001008856,0.999999404,-0.000393331,14419,26118,-1,-1
0.232293561,0.008696988,0.040964518,0.999999583,-0.000948441,-0.000128435,14595,26117,1,-1
0.208194733,0.000160164,0.019096747,0.001241640,0.999999285,-0.000037520,14690,26183,1,-1
0.208194733,0.000160164,0.019096747,0.001008856,0.999999404,-0.000393331,14690,26118,-1,-1
0.105816744,0.157516137,0.041956503,0.999999583,-0.000948441,-0.000128435,14737,26117,1,-1
0.113252290,0.016676808,0.002809153,0.999999583,-0.000948441,-0.000128435,14934,26117,1,-1
0.203032404,0.004788304,0.029868564,0.001241640,0.999999285,-0.000037520,17575,26183,1,-1
0.203032404,0.004788304,0.029868564,0.001008856,0.999999404,-0.000393331,17575,26118,-1,-1
