0.221165329,0.524377525,0.120064415,-0.010264271,-0.999936581,-0.004633490,1,29291,-1,-1
0.739467025,0.152440816,0.139923185,-0.006356199,0.331358761,-0.943483412,3,22751,-1,-1
0.932481885,0.246984124,0.696026385,-0.714000583,-0.664820492,-0.219583765,4,28168,-1,-1
0.839974165,0.215284079,0.428342193,0.999973655,-0.005729991,-0.004461067,7,29172,-1,-1
0.855907321,0.220428407,0.420442551,-0.997301102,-0.065979697,0.032206971,10,28170,-1,-1
0.470687836,0.071534798,0.139633611,-0.023599824,0.999664783,-0.010647695,13,29173,-1,-1
0.963859081,0.295179218,0.199778661,-0.993827343,-0.110776611,-0.005990714,15,29095,-1,-1
0.256341815,0.140731677,0.136522606,0.011388814,-0.999912858,0.006675173,16,29284,-1,-1
0.858874142,0.218637913,0.662760317,0.975010455,-0.000427839,-0.222158670,17,28899,-1,-1
0.026739616,0.417586327,0.103695102,0.999414921,-0.018622665,0.028687257,18,29069,-1,-1
0.709426463,0.403845668,0.275235802,-0.011517379,-0.522496700,-0.852563560,19,29510,-1,-1
0.630121171,0.233203545,0.273845643,-0.005180633,0.477937251,-0.878378749,23,29464,-1,-1
0.820800781,0.151078656,0.231546253,-0.020303965,0.999793231,-0.001127637,27,29239,-1,-1
0.268624783,0.429722637,0.265755922,0.023718584,0.490311176,0.871224701,28,29509,-1,-1
0.506885231,0.123947956,0.246701419,0.444440484,-0.013157606,0.895711780,31,29205,-1,-1
0.398074061,0.555337191,0.206695169,-0.771393538,-0.012338098,0.636238754,32,28570,-1,-1
0.130705684,0.320495009,0.248805970,0.999965489,-0.001621372,-0.008150843,35,29124,-1,-1
0.947553754,0.219588906,0.675530016,0.975070894,-0.004448848,0.221849114,37,28779,-1,-1
0.904207766,0.174552053,0.671013474,-0.054677088,0.972279549,-0.227338701,38,28573,-1,-1
0.906530082,0.401513189,0.197447076,-0.445711434,-0.057394724,-0.893334866,39,29279,-1,-1
0.322928488,0.525155485,0.050415084,-0.322973251,0.945257127,0.046661630,41,28781,-1,-1
0.481533736,0.594095290,0.132052228,-0.016153339,-0.999821901,-0.009760058,44,29077,-1,-1
0.737985313,0.519940794,0.104550265,-0.011215654,-0.999931395,0.003390343,48,29219,-1,-1
0.066763364,0.160572767,0.198028266,0.014498930,0.999703646,-0.019556753,51,29044,-1,-1
0.881194413,0.159876868,0.417663455,-0.996591449,0.082337625,0.005115086,52,27407,-1,-1
0.440004408,0.546154380,0.232640773,-0.474769861,0.033665884,0.879465878,56,29252,-1,-1
0.502543032,0.407231271,0.321413279,-0.539624453,-0.841903031,-0.002199522,58,28191,-1,-1
0.543906093,0.546972156,0.160936296,-0.995941937,0.089615539,0.008295108,59,27410,-1,-1
0.907060146,0.283967286,0.434803575,-0.003594690,-0.999992013,-0.001753666,64,29307,-1,-1
0.525139391,0.383984953,0.326767385,-0.820125520,-0.572160304,0.005167481,66,25880,-1,-1
0.470711440,0.388144046,0.389012873,0.024441300,0.464064240,0.885464311,72,28913,-1,-1
0.443114132,0.071397915,0.031724621,0.023079513,-0.064160101,0.997672677,75,29167,-1,-1
0.327247351,0.244293913,0.283357143,0.016294863,-0.497843683,0.867113650,76,29459,-1,-1
0.016382761,0.356130242,0.099524274,-0.995609820,-0.091148138,0.021286173,78,28790,-1,-1
0.773706317,0.526065946,0.008110510,0.156544819,0.138174072,0.977957904,80,28916,-1,-1
0.846358597,0.264987320,0.608016312,-0.096676491,-0.813595831,0.573337078,82,28198,-1,-1
0.391289681,0.558333635,0.016558731,0.151052788,-0.143666014,-0.978030324,90,28586,-1,-1
0.899586439,0.128182158,0.037931357,-0.023058238,0.999574006,-0.017891904,94,28587,-1,-1
0.553014874,0.558674932,0.116759002,-0.999778032,0.020100392,-0.006323799,95,28998,-1,-1
0.926895976,0.275116384,0.421634525,-0.995707333,0.091855019,-0.011386366,104,28589,-1,-1
0.188751936,0.136102676,0.218062252,-0.009652426,-0.515488029,-0.856842399,106,25896,-1,-1
0.976428211,0.146247640,0.471146405,0.200495183,0.110692792,0.973421216,108,27423,-1,-1
0.397614360,0.107094184,0.131538570,-0.999832869,-0.017612157,0.004911199,113,28918,-1,-1
0.905336142,0.265762419,0.662074804,-0.008860750,-0.976061046,-0.217316151,114,28919,-1,-1
0.188453123,0.520720899,0.119265892,-0.955382526,-0.295370430,0.000771779,117,27426,-1,-1
0.554319918,0.537486732,0.093257286,-0.991375208,0.130673617,-0.009984163,118,28795,-1,-1
0.626360118,0.094208091,0.041213866,-0.011760545,0.029707665,-0.999489486,119,29049,-1,-1
0.122284830,0.441235542,0.275582641,-0.036909640,0.999295175,-0.006849267,122,29000,-1,-1
0.893864393,0.168849498,0.546230137,-0.568388402,-0.130313814,0.812374890,123,28208,-1,-1
0.345342547,0.515202105,0.141537473,-0.064052425,-0.997946084,-0.000954106,124,28798,-1,-1
0.023042478,0.163678423,0.126038164,0.999781013,-0.017210169,0.011903537,126,28799,-1,-1
0.846292436,0.240226492,0.419455469,0.048130672,0.998829365,0.004839088,127,28800,-1,-1
0.963302851,0.240655363,0.418141007,0.096730947,-0.995310426,0.000553871,130,28801,-1,-1
0.758004665,0.513338983,0.155267224,-0.004001909,-0.999898076,-0.013704796,134,28213,-1,-1
0.399092495,0.563552856,0.111976974,0.999956727,0.007738679,-0.005166170,139,29109,-1,-1
0.558643937,0.549898088,0.029519092,-0.973179758,-0.032666024,-0.227715254,141,28803,-1,-1
0.074900091,0.353089899,0.170881942,0.469982535,-0.000821248,-0.882675350,143,29379,-1,-1
0.546240151,0.106214546,0.132472768,-0.999635875,-0.022238158,-0.015286535,144,29052,-1,-1
0.044312701,0.142508179,0.087090708,0.999321461,-0.036408953,-0.005562007,150,27443,-1,-1
0.627713978,0.063358232,0.033936549,-0.009718692,0.018789114,-0.999776244,153,29004,-1,-1
0.429665595,0.403766781,0.320317745,0.643696189,-0.764817715,0.026629021,164,28219,-1,-1
0.925866008,0.270243794,0.513722658,0.999862552,-0.000128412,0.016580118,169,27446,-1,-1
0.969582200,0.241485775,0.581402361,-0.689285934,0.018188236,-0.724261105,171,28220,-1,-1
0.444231421,0.378631651,0.321208745,0.525049627,-0.573131263,-0.629160941,172,172,-1,-1
0.856454968,0.208542854,0.544160366,0.025258290,-0.507037520,0.861553788,174,27448,-1,-1
0.846793950,0.525268137,0.031967565,-0.052678097,0.998608351,-0.002544056,175,28221,-1,-1
0.343948305,0.519218564,0.165444657,0.026731119,-0.564252973,0.825169086,181,27450,-1,-1
0.021482930,0.350795060,0.136069044,0.445442230,0.012171195,-0.895227969,183,28604,-1,-1
0.844315946,0.370996773,0.260917932,0.998924196,-0.045336992,0.009749405,184,28926,-1,-1
0.896423638,0.161501363,0.222742140,-0.923958778,-0.371878088,0.089481488,185,27453,-1,-1
0.525954127,0.280206084,0.331245065,-0.831031501,0.556224585,0.000991024,186,22844,-1,-1
0.933001935,0.192207843,0.688541114,0.696705222,-0.682598591,0.220592499,187,28927,-1,-1
0.905325294,0.263455302,0.422475427,-0.013846834,-0.999563277,-0.026108088,200,28225,-1,-1
0.876433313,0.190496922,0.689060450,0.678126276,0.699658334,-0.224995673,203,28809,-1,-1
0.878237605,0.219783098,0.558853805,-0.996846259,-0.004859656,-0.079208016,204,28608,-1,-1
0.478845179,0.402158678,0.319839090,-0.975405872,-0.212249354,-0.059444491,205,27458,-1,-1
0.406506062,0.292691261,0.340780288,-0.919664621,-0.388719589,-0.055803556,208,27459,-1,-1
0.664270163,0.056480672,0.029808186,-0.320604801,0.862934351,0.390585303,210,28810,-1,-1
0.445009410,0.279985756,0.390545696,0.228059188,0.432854295,-0.872138858,213,28811,-1,-1
0.412884653,0.599139571,0.065643862,-0.055236530,0.997811258,0.036354605,215,29005,-1,-1
0.924593985,0.166731074,0.506063700,-0.999439836,-0.033466749,0.000209510,216,28929,-1,-1
0.894908488,0.513287187,0.158720568,-0.061285406,-0.526879847,0.847727358,218,27464,-1,-1
0.960355461,0.235633135,0.450865328,-0.044970009,-0.469099551,-0.881999671,221,27465,-1,-1
0.459455967,0.410964966,0.303142607,0.386055678,-0.922356546,-0.014815284,222,27466,-1,-1
0.891836703,0.238647863,0.521062732,0.468598098,-0.881099284,-0.063873284,224,27467,-1,-1
0.451754510,0.402945757,0.322366089,-0.998731613,-0.050021693,0.005748287,228,28232,-1,-1
0.900793791,0.172886029,0.680737674,-0.047858153,0.993083715,-0.107211813,233,28233,-1,-1
0.954983354,0.238256574,0.516354918,0.097009726,-0.995010316,-0.023314618,237,28613,-1,-1
0.113788262,0.426396161,0.267331928,0.999949157,0.002276376,0.009827481,239,28930,-1,-1
0.867094338,0.224548355,0.679499388,0.079452187,0.988668263,0.127367839,240,27472,-1,-1
0.263207614,0.527022660,0.208484828,-0.020909073,-0.880979478,-0.472692370,249,29085,-1,-1
0.875370324,0.247067630,0.686514854,-0.694022834,0.685735226,0.219315946,253,29007,-1,-1
0.329047680,0.149020284,0.143479437,0.003120808,-0.999995053,-0.000551015,254,28239,-1,-1
0.394102633,0.101786859,0.220337346,0.961597264,0.003422362,-0.274443179,255,28617,-1,-1
0.401710629,0.360735893,0.335777283,-0.965593457,0.257465452,-0.036617130,261,25960,-1,-1
0.704978049,0.144468606,0.219039127,-0.015666079,0.591874182,0.805878162,263,28817,-1,-1
0.896916687,0.226540625,0.557914615,0.061255619,-0.998055816,0.011508552,267,28242,-1,-1
0.438882470,0.377638370,0.388877362,-0.315266937,0.358158290,0.878822744,270,29008,-1,-1
0.762432992,0.513589084,0.139308631,0.007098992,0.604871273,0.796291709,277,28621,-1,-1
0.670971155,0.073981062,0.037988815,-0.350073844,0.909528792,0.224066377,278,29009,-1,-1
0.971059859,0.191094935,0.587306976,0.633797467,-0.754855335,0.168802351,281,25968,-1,-1
0.920028746,0.171498373,0.541566730,-0.865204751,0.117228568,-0.487522632,287,28623,-1,-1
0.459589154,0.417814851,0.367615581,-0.037092995,0.957092226,-0.287399530,289,25970,-1,-1
0.502257407,0.257373899,0.326968282,0.483656377,-0.875250578,-0.003579214,292,28248,-1,-1
0.538186133,0.117760107,0.162777632,0.998510659,0.054557923,0.000024817,300,25972,-1,-1
0.703419447,0.523604393,0.196252674,0.003007296,-0.851616323,0.524157166,306,28820,-1,-1
0.409644037,0.545518637,0.161129653,-0.998125136,-0.040764924,-0.045656536,309,27488,-1,-1
0.937263310,0.493641198,0.102559619,-0.932543218,-0.360986233,-0.007221526,311,28625,-1,-1
0.882823050,0.167236805,0.505317271,-0.999585927,0.028584048,0.003314920,313,29054,-1,-1
0.438636929,0.126538530,0.249663398,0.460078627,0.041082665,-0.886927247,319,29151,-1,-1
0.898335636,0.159074724,0.419185251,-0.993515193,0.113628142,0.004032999,324,28628,-1,-1
0.359793216,0.528004110,0.022309678,0.826359093,-0.450031042,0.338530302,326,28255,-1,-1
0.018986925,0.280342132,0.133604303,-0.657801986,0.011911590,-0.753096759,332,28256,-1,-1
0.524281979,0.145288646,0.236970052,-0.706367135,0.429718763,-0.562483072,335,22908,-1,-1
0.868533611,0.200235337,0.495832652,0.857817113,-0.009343022,0.513870180,336,27498,-1,-1
0.399717748,0.326251209,0.340977877,-0.995288849,-0.095391974,0.017339677,343,28257,-1,-1
0.125583023,0.412069172,0.263921708,-0.052383251,-0.998561800,0.011414714,347,28937,-1,-1
0.979730844,0.148021221,0.500332713,-0.427490890,-0.879046023,-0.211020529,348,28824,-1,-1
0.132268339,0.336519867,0.223278016,0.616404772,0.786174476,-0.044439327,353,28260,-1,-1
0.925959110,0.162095815,0.419033229,0.999115527,0.042023595,-0.001509303,357,28261,-1,-1
0.975276649,0.150812969,0.483456701,-0.367259055,0.827030599,0.425606906,364,28262,-1,-1
0.472234458,0.415170401,0.321433097,0.012009257,0.999903977,0.006917417,365,27504,-1,-1
0.879014373,0.524548471,0.010116249,-0.312477052,-0.502574086,0.806087732,377,27505,-1,-1
0.798716128,0.520324349,0.019529860,0.879320681,0.459576726,0.124837592,378,27506,-1,-1
0.843548417,0.222109511,0.419850111,-0.367639989,0.929889262,-0.012120401,382,28263,-1,-1
0.910362601,0.141215548,0.060295593,0.857033491,0.490768701,0.156970426,388,28264,-1,-1
0.594952941,0.516612351,0.115426034,0.011568625,-0.612201512,-0.790617228,392,28266,-1,-1
0.165194139,0.135867596,0.050380927,0.050651684,-0.725106657,0.686771274,398,28632,-1,-1
0.980894506,0.144340515,0.481556237,0.243818372,0.964596927,-0.100525826,401,27512,-1,-1
0.896996975,0.153962329,0.067971416,-0.999562442,0.029535817,-0.001620561,404,28633,-1,-1
0.540339112,0.346450984,0.341578841,-0.987770081,-0.155862913,-0.004125913,406,28269,-1,-1
0.846227765,0.170300379,0.608861506,0.102549769,-0.808501899,-0.579489708,412,28634,-1,-1
0.459879130,0.599462509,0.056186575,0.999121547,-0.010450345,0.040582184,414,26008,-1,-1
0.543322206,0.337278098,0.371740311,0.919769824,0.061357107,-0.387632310,419,26010,-1,-1
0.954967737,0.217938021,0.501600564,0.832062006,-0.255674779,0.492243081,422,28271,-1,-1
0.859083772,0.228155911,0.493795991,0.225100771,0.885982037,0.405420214,425,27517,-1,-1
0.609590650,0.526058972,0.024183219,0.022308031,-0.958395898,-0.284569353,428,28825,-1,-1
0.420269787,0.336892068,0.388967186,0.555459917,-0.064035021,-0.829074085,434,28636,-1,-1
0.195755228,0.147781610,0.132369831,0.008274158,-0.999929786,0.008487482,435,27520,-1,-1
0.742008448,0.155017585,0.155629337,0.017111840,-0.999839306,0.005344377,443,27522,-1,-1
0.410829812,0.383916587,0.335205168,0.858634114,-0.510619819,0.044886850,444,26019,-1,-1
0.400363088,0.531745195,0.127888963,-0.711954236,0.702220440,0.002768269,459,29012,-1,-1
0.880636871,0.176225528,0.518725753,-0.900113761,0.003548948,0.435640544,464,26022,-1,-1
0.548017740,0.537296653,0.160865307,0.473494381,0.880764127,-0.007591396,467,28276,-1,-1
0.129588276,0.271380454,0.202828705,0.836961865,-0.000518202,-0.547261059,476,28639,-1,-1
0.856955171,0.152307987,0.473827541,0.059061814,-0.998254120,0.000706110,487,29170,-1,-1
0.404131770,0.103285484,0.162905365,-0.444392383,0.895799875,0.007627436,489,26029,-1,-1
0.427237898,0.292772233,0.388906419,0.433875054,0.305245131,-0.847689748,500,28642,-1,-1
0.952182531,0.346572071,0.130440444,-0.997658372,0.039971892,0.055498868,501,28284,-1,-1
0.475303680,0.062115345,0.041360103,-0.039899416,0.005704193,-0.999187469,503,26033,-1,-1
0.969529986,0.236950904,0.504732788,-0.999822617,0.018761158,-0.001663357,506,29153,-1,-1
0.873312831,0.235486582,0.534499884,0.591775060,0.805007696,0.042010903,507,27534,-1,-1
0.961386859,0.344399065,0.152458161,-0.986815095,-0.158969685,0.030408431,509,29015,-1,-1
0.905605018,0.206791893,0.558643222,-0.069447286,0.997090697,0.031419884,517,28645,-1,-1
0.407095283,0.115826808,0.163611829,-0.997415900,-0.067044608,-0.025817800,518,27537,-1,-1
0.457367152,0.246489838,0.368373752,0.095237888,0.944111526,0.315568000,526,26041,-1,-1
0.330088079,0.145195007,0.115819484,0.016512502,0.557090998,-0.830287278,531,28288,-1,-1
0.156355605,0.529631853,0.062351905,-0.233194992,-0.670114696,-0.704674721,537,27542,-1,-1
0.468287081,0.253093421,0.315736651,-0.226850927,0.973501921,-0.028858207,544,27543,-1,-1
0.887619734,0.228994802,0.709054470,-0.723473787,0.636537910,0.267217577,547,26049,-1,-1
0.133180976,0.310840309,0.231502280,-0.647114754,0.762268543,-0.013755945,548,28290,-1,-1
0.581495881,0.516446471,0.142738655,-0.856826484,-0.515520573,0.009322998,550,27546,-1,-1
0.045627784,0.534361184,0.070059478,-0.996170282,0.087371506,0.003319055,552,28291,-1,-1
0.459803373,0.598878860,0.030022908,0.830877006,0.471509933,0.295502782,553,28647,-1,-1
0.465314865,0.413557589,0.332041472,0.011426634,-0.954835594,0.296914846,554,27549,-1,-1
0.160365671,0.527824402,0.055237222,0.885858119,0.451149195,-0.108258292,555,27550,-1,-1
0.423606008,0.267499149,0.326093048,-0.727048159,-0.686492622,-0.011353406,556,26057,-1,-1
0.028258411,0.334964842,0.099834003,-0.803400815,0.057912230,0.592615724,558,27551,-1,-1
0.972213447,0.283656627,0.104637325,0.565461159,-0.824754179,-0.005853178,559,28648,-1,-1
0.905038953,0.264416933,0.688582957,-0.010554693,0.999235153,-0.037653800,560,28832,-1,-1
0.850036442,0.239629939,0.508521199,0.016823813,-0.999816716,0.009138452,561,28833,-1,-1
0.473708540,0.053737424,0.036665939,0.016794972,-0.999262154,0.034541633,570,28297,-1,-1
0.870876253,0.241784185,0.532261372,-0.990927815,-0.105149359,-0.083700806,571,27557,-1,-1
0.014187966,0.196313351,0.105072513,-0.145407706,-0.989354491,0.005863900,575,28942,-1,-1
0.721961260,0.524013877,0.197521344,-0.016517853,-0.963008106,-0.268965751,578,28944,-1,-1
0.794197261,0.521964192,0.035002135,-0.111128770,-0.991490424,-0.067802943,581,29089,-1,-1
0.899153352,0.183357775,0.682407916,-0.991646051,-0.018876351,0.127599984,594,27565,-1,-1
0.868629336,0.148654774,0.031923726,0.994579494,0.096805543,-0.037952699,602,23030,-1,-1
0.502091944,0.597369671,0.012722897,-0.021766188,-0.903352380,-0.428346485,607,28658,-1,-1
0.957928121,0.388385862,0.166633412,0.559500456,0.068510011,0.825993717,611,28840,-1,-1
0.841568172,0.526097715,0.008825090,-0.676570892,0.233668357,0.698320091,616,28306,-1,-1
0.130900428,0.261121273,0.272192419,-0.813508272,-0.012719449,-0.581414223,619,28841,-1,-1
0.856683016,0.224183634,0.546559930,-0.041317478,0.280759692,0.958888352,625,28309,-1,-1
0.815344453,0.123399489,0.026858529,-0.002267015,0.039764538,-0.999206543,634,29059,-1,-1
0.203211337,0.520957708,0.094541252,0.001252816,0.468852758,0.883275449,644,28312,-1,-1
0.549087703,0.101621307,0.218854174,-0.489266396,0.019355394,0.871919632,648,27577,-1,-1
0.843667984,0.214556873,0.414986044,0.133062869,0.991004467,-0.014301170,656,28664,-1,-1
0.970983684,0.221281722,0.576132357,0.860953093,-0.020125082,-0.508286178,657,28665,-1,-1
0.221824944,0.130778164,0.074477188,-0.014693149,0.999773622,-0.015389780,660,28948,-1,-1
0.869057953,0.212194100,0.680047333,0.087954275,0.992123544,-0.089190327,666,28316,-1,-1
0.907664001,0.171996713,0.425179243,-0.020353884,0.999709487,0.012910798,672,27583,-1,-1
0.971808255,0.141640142,0.486335188,0.898993075,0.329343706,-0.288693875,674,28318,-1,-1
0.972014964,0.150260016,0.460006446,-0.521681428,0.646186352,0.557038426,677,27586,-1,-1
0.886046588,0.168660000,0.537596762,0.902739584,0.021014316,-0.429673910,682,27588,-1,-1
0.534522235,0.288729727,0.367538244,0.842503011,-0.407463998,-0.352365881,683,23067,-1,-1
0.938772798,0.217844456,0.689013541,-0.020599665,-0.330821007,0.943468630,691,27589,-1,-1
0.081206053,0.525719106,0.084327742,0.008100056,0.835046470,0.550119817,693,28667,-1,-1
0.901669145,0.174292192,0.083022662,0.000727223,0.999905646,-0.013719056,699,27591,-1,-1
0.898760021,0.151916474,0.378944159,0.026305767,0.987076163,-0.158078209,703,28321,-1,-1
0.203364089,0.515757382,0.119173698,-0.000185233,0.999925613,-0.012198478,707,28323,-1,-1
0.610118568,0.523375690,0.033454757,0.915638685,0.374110758,0.147129118,722,28669,-1,-1
0.446611136,0.251852930,0.325234801,0.359675586,0.933071673,-0.003284190,723,27598,-1,-1
0.030692633,0.529328823,0.094078712,-0.972846389,0.231257722,-0.009472176,726,28326,-1,-1
0.903883278,0.220794380,0.879135668,0.999046206,-0.016749017,0.040325426,732,28671,-1,-1
0.889114261,0.272727609,0.513149202,-0.394559234,0.503521144,-0.768628299,734,26117,-1,-1
0.566486716,0.526785195,0.055828776,0.684253991,-0.699343622,0.206676185,750,27604,-1,-1
0.894646108,0.156362787,0.452920675,0.527971864,0.153377831,0.835296988,751,27605,-1,-1
0.850135207,0.197813690,0.509235382,0.012345577,0.999923527,-0.000790793,753,28951,-1,-1
0.255430490,0.527986109,0.203427494,0.013086562,-0.572953522,0.819483340,754,28952,-1,-1
0.400097817,0.596879601,0.038814280,0.659080863,-0.752031386,-0.007819599,757,28333,-1,-1
0.928482831,0.142222628,0.044634033,-0.992601573,-0.036912289,-0.115670100,758,27609,-1,-1
0.858226717,0.159918621,0.609958231,-0.809983134,-0.007985637,-0.586398840,767,28334,-1,-1
0.847916543,0.196533710,0.419046521,-0.105165355,0.994428575,-0.007218898,772,28336,-1,-1
0.022011086,0.453190982,0.136992887,-0.979412377,0.018546838,0.201016143,791,28337,-1,-1
0.084374949,0.527727723,0.052067861,0.003687950,0.821828425,0.569723129,795,27616,-1,-1
0.079464056,0.135123000,0.052734636,0.003326221,-0.635119617,0.772406638,799,28338,-1,-1
0.474043965,0.141880497,0.265732229,0.983957767,-0.002315425,0.178386405,809,28675,-1,-1
0.201064348,0.520561278,0.142382711,0.001012296,-0.188077450,0.982153714,813,27620,-1,-1
0.855378389,0.210997790,0.504535079,-0.982720256,-0.054001018,0.177044958,815,28676,-1,-1
0.396465451,0.325380504,0.366943210,0.895240605,0.074549481,0.439302534,817,27622,-1,-1
0.395326793,0.559112072,0.026272533,-0.927769840,-0.033734910,0.371625036,823,28677,-1,-1
0.018723264,0.151978031,0.223494381,0.476024270,-0.213732168,0.853064835,827,27624,-1,-1
0.948875606,0.222966000,0.689823985,-0.999167621,0.024864793,0.032341078,832,28342,-1,-1
0.591357946,0.155185148,0.142116338,-0.003211762,0.999984384,-0.004580409,833,28343,-1,-1
0.975166321,0.266579866,0.044325750,-0.993417144,0.073365636,-0.087976433,853,23128,-1,-1
0.870837450,0.231407806,0.573143542,0.999827623,0.012891851,0.013367396,855,26150,-1,-1
0.918754458,0.269767076,0.540898919,-0.660966277,0.000377566,-0.750415564,857,27627,-1,-1
0.946297646,0.228439629,0.494859874,0.013543410,-0.868600309,-0.495328277,860,27628,-1,-1
0.942602277,0.211994812,0.503054738,0.791410446,0.571674943,-0.216465518,861,28344,-1,-1
0.907950759,0.166956142,0.506967962,0.316082627,-0.917144001,0.242772788,862,28345,-1,-1
0.856208503,0.513389587,0.087404817,-0.999630272,-0.019394659,-0.019058401,868,27632,-1,-1
0.438547850,0.598952472,0.033918034,0.844396293,-0.380932868,-0.376676381,874,28678,-1,-1
0.070089832,0.146815881,0.093765810,-0.019589368,-0.999770463,-0.008680548,880,27635,-1,-1
0.952374518,0.232578591,0.420708746,0.998484671,-0.054875050,-0.004151327,881,26161,-1,-1
0.980948269,0.139020517,0.491192341,0.193111643,-0.935631454,0.295468628,887,28680,-1,-1
0.921131134,0.512106776,0.084791906,0.435456991,0.900208712,0.001232891,890,28349,-1,-1
0.468309522,0.076253809,0.271182686,0.852730215,0.445395291,-0.272899598,914,28682,-1,-1
0.131817371,0.467988074,0.204460666,-0.981390595,-0.036997464,0.188424468,925,28352,-1,-1
0.523635566,0.593860567,0.225857988,-0.463462383,0.031990886,-0.885538936,929,28353,-1,-1
0.952697933,0.205865949,0.541863620,0.016653167,-0.654321492,0.756033182,936,28354,-1,-1
0.555542886,0.565007806,0.201954007,0.358160883,0.023718568,-0.933358610,943,28683,-1,-1
0.951980293,0.208327919,0.422574013,0.999870360,-0.015321161,-0.004957810,945,27648,-1,-1
0.911327124,0.258966148,0.498908609,-0.603617847,0.654333174,-0.455514640,956,27650,-1,-1
0.858882666,0.200161099,0.536593735,-0.025991661,-0.860899389,0.508110940,957,28357,-1,-1
0.900957882,0.268010467,0.501060367,-0.859183431,0.250706196,0.446038425,958,26185,-1,-1
0.908769250,0.182746038,0.576409340,-0.007244891,0.991655529,0.128712848,960,27652,-1,-1
0.948147655,0.214815810,0.513116837,-0.998077989,0.061485779,0.007737072,965,28684,-1,-1
0.079780191,0.523572505,0.127379715,0.048580129,0.985537589,-0.162344158,967,27654,-1,-1
0.335914969,0.139282376,0.217982605,0.006908215,0.597886086,-0.801551282,971,28359,-1,-1
0.916629255,0.160665020,0.104834706,-0.785630822,-0.088153675,-0.612383187,972,26190,-1,-1
0.789927483,0.515500605,0.153181419,0.820692718,-0.370220810,0.435201108,976,28360,-1,-1
0.776348233,0.521077335,0.038787086,-0.481156886,0.870692313,0.101897165,978,28685,-1,-1
0.021891683,0.169362336,0.065658718,0.869639993,0.011699160,-0.493547827,979,28362,-1,-1
0.403139710,0.546743870,0.178714052,-0.445422530,0.038838539,-0.894477725,983,27660,-1,-1
0.033195689,0.527870119,0.122714981,-0.589575827,0.807600319,-0.013498113,1006,28365,-1,-1
0.889442921,0.267045379,0.537511468,-0.857493699,0.007369329,0.514441788,1008,26202,-1,-1
0.859913647,0.217693970,0.690618575,-0.999368489,0.025281975,-0.024971532,1029,28687,-1,-1
0.608589888,0.151527524,0.140399694,0.914548635,0.404474676,-0.001072721,1037,27666,-1,-1
0.500685811,0.282766491,0.386577070,0.316172659,-0.378501475,0.869926155,1041,28688,-1,-1
0.596843481,0.510639250,0.144810557,-0.037032809,0.999308467,-0.003342543,1042,28955,-1,-1
0.951968908,0.275837064,0.608027220,0.822639704,0.006836263,-0.568521976,1047,27670,-1,-1
0.021195391,0.149224997,0.129560843,-0.989973783,-0.141250610,0.000528842,1084,28854,-1,-1
0.856873393,0.236580536,0.534806967,-0.005311285,0.921498060,0.388346612,1095,28373,-1,-1
0.094387047,0.139184088,0.224452868,0.011079456,0.673993349,-0.738654435,1097,28956,-1,-1
0.845514417,0.207523286,0.451276898,0.242850929,0.227922782,0.942907572,1103,28375,-1,-1
0.578860760,0.149927497,0.140709698,-0.946692944,0.322127163,0.002577611,1111,28379,-1,-1
0.636957765,0.524126172,0.027594415,0.938482761,0.325977564,0.113968164,1122,27685,-1,-1
0.848573744,0.207005784,0.386580855,-0.506663978,0.029119637,0.861651719,1134,28695,-1,-1
0.891491890,0.175602004,0.347198665,-0.938224792,-0.345656514,-0.015999036,1135,1135,-1,-1
0.478340447,0.247961894,0.338369906,0.129347965,-0.991595745,0.002670188,1147,28383,-1,-1
0.883536696,0.210343987,0.555502117,-0.108691581,0.030275362,0.993614376,1155,28384,-1,-1
0.510302007,0.325541735,0.394282103,-0.495902538,0.076304823,-0.865019202,1170,28386,-1,-1
0.529159546,0.367671043,0.374337643,-0.056485578,-0.004110278,0.998394966,1172,28387,-1,-1
0.908655167,0.267885864,0.509178281,-0.039078172,-0.962019026,-0.270171046,1175,28857,-1,-1
0.396224231,0.099959940,0.049988061,0.926520169,-0.012955065,-0.376022011,1177,28698,-1,-1
0.859148204,0.220700547,0.515262902,-0.943809211,0.057320904,-0.325482190,1183,27702,-1,-1
0.564590096,0.024767958,0.029459056,0.100386947,0.870453954,0.481905013,1197,27705,-1,-1
0.954190969,0.215310454,0.546584129,0.077971488,-0.187384561,0.979187250,1202,27707,-1,-1
0.894462585,0.510264397,0.148239076,-0.125006631,-0.992080331,0.012247153,1209,27709,-1,-1
0.918807089,0.272130191,0.454662919,-0.259223640,0.072011381,-0.963129044,1210,27710,-1,-1
0.137299880,0.449200779,0.212526545,-0.397360861,-0.917660952,-0.001641329,1224,27712,-1,-1
0.937965930,0.224664479,0.682648838,-0.099657193,-0.970682383,-0.218733147,1225,28393,-1,-1
0.865655363,0.214449748,0.494452387,-0.421350479,0.219018266,-0.880053878,1230,27715,-1,-1
0.455438644,0.383528233,0.342934579,-0.329009086,0.152088687,0.931998968,1237,27716,-1,-1
0.877676666,0.144931823,0.037987106,-0.998667240,-0.013966739,0.049687155,1240,26263,-1,-1
0.846333921,0.531761289,0.012157258,0.055441022,0.992081285,0.112698480,1257,27717,-1,-1
0.003620785,0.203451902,0.093329169,-0.996156812,-0.087100886,-0.009219601,1264,28702,-1,-1
0.462658614,0.412684232,0.336341262,0.001872824,0.404933244,-0.914344311,1272,27721,-1,-1
0.904752970,0.215124488,0.541238129,-0.018743329,-0.012418694,-0.999747217,1288,26275,-1,-1
0.357960820,0.518772423,0.141484186,0.934135318,-0.356877267,0.005468743,1302,28398,-1,-1
0.929461479,0.510236681,0.005144409,0.005885961,0.047768008,0.998841107,1310,26280,-1,-1
0.442657948,0.412930965,0.324041516,0.386147320,-0.922150850,0.022981340,1312,27725,-1,-1
0.553784788,0.591436625,0.077559233,0.883516908,0.468390346,0.002893626,1325,28957,-1,-1
0.905689538,0.172447696,0.548672199,0.120752700,-0.112986781,0.986231685,1352,28704,-1,-1
0.836261570,0.235745594,0.277915269,-0.174600199,-0.468850881,0.865848541,1358,29020,-1,-1
0.953930378,0.357702583,0.130752832,-0.582710087,0.812660992,-0.005582236,1394,27736,-1,-1
0.976414204,0.289264411,0.069528565,-0.025814397,0.999663293,0.002627119,1409,27739,-1,-1
0.482840240,0.252524793,0.316141039,-0.799935937,-0.600077569,-0.003070770,1410,27740,-1,-1
0.185153812,0.142816141,0.124555781,0.970779300,-0.239950940,0.003336061,1413,27741,-1,-1
0.421367347,0.597809196,0.049445622,-0.311352074,-0.942523062,-0.121285796,1430,28863,-1,-1
0.597203970,0.517928064,0.167287350,-0.000351517,-0.365239263,0.930913627,1432,27744,-1,-1
0.948977947,0.161184341,0.607161283,-0.831028044,-0.060183086,0.552965224,1434,28406,-1,-1
0.526978314,0.169676751,0.237752318,0.639163792,-0.765063286,-0.078408450,1443,23356,-1,-1
0.955934882,0.221275657,0.499860525,0.869346738,0.345939755,0.352933258,1444,27747,-1,-1
0.599650621,0.523022532,0.048578817,-0.020345684,0.814848244,0.579317331,1445,23358,-1,-1
0.539725363,0.309296697,0.341002107,-0.970937669,0.236169651,0.038781445,1474,26311,-1,-1
0.215994224,0.518958032,0.119053453,0.942593634,-0.333924919,-0.003374182,1480,26313,-1,-1
0.899839342,0.157064274,0.342920035,-0.995410025,0.056757182,0.077055797,1488,26314,-1,-1
0.907719910,0.201362565,0.713262439,-0.158322453,0.924203396,-0.347537369,1501,23375,-1,-1
0.960821033,0.202928379,0.452218413,-0.037619449,-0.543050230,0.838857055,1505,27752,-1,-1
0.690074801,0.526953101,0.011887161,0.008134308,0.174546599,0.984615386,1526,28865,-1,-1
0.938926041,0.221853822,0.496527046,-0.797054470,0.344538450,0.495981187,1536,26325,-1,-1
0.706952572,0.151432753,0.148165017,0.919042826,-0.343251646,-0.193749130,1547,26327,-1,-1
0.885068834,0.160974249,0.452644706,-0.695080400,-0.015031444,0.718774915,1550,27759,-1,-1
0.963790059,0.215282425,0.423095316,0.249181539,0.968240023,0.020492487,1563,28415,-1,-1
0.965230703,0.266354561,0.610233366,-0.061722506,0.821178794,-0.567323208,1566,28713,-1,-1
0.778661788,0.154618740,0.150691241,0.785756528,0.539609730,0.302337766,1584,27763,-1,-1
0.516773522,0.356765389,0.312701583,-0.777677417,-0.428370118,-0.460127026,1597,23413,-1,-1
0.850954115,0.232534632,0.483275503,0.252897322,0.612132192,-0.749224424,1605,27766,-1,-1
0.131140366,0.202553675,0.207781121,0.832580328,0.527159929,-0.170036539,1607,26340,-1,-1
0.938538134,0.496670425,0.168586254,-0.463060737,-0.380066782,0.800702214,1627,26343,-1,-1
0.873221934,0.200728208,0.527589440,0.999911487,0.010538398,-0.008119225,1628,26344,-1,-1
0.148644209,0.158852667,0.211704910,-0.400576353,-0.916255951,0.003707669,1630,1630,-1,-1
0.910067856,0.174391478,0.689639330,-0.211102024,-0.967943430,-0.136093944,1634,26345,-1,-1
0.748211622,0.516370833,0.172525361,-0.189601988,-0.615093887,0.765317380,1640,27769,-1,-1
0.343589336,0.146331400,0.142930970,-0.833153367,-0.552987456,0.007772876,1643,27771,-1,-1
0.919039905,0.161107630,0.454358816,0.369337589,-0.061332636,0.927269101,1645,27772,-1,-1
0.952091098,0.349080801,0.121389940,-0.476564258,-0.042132020,-0.878129542,1649,26353,-1,-1
0.911405444,0.255535603,0.682811499,-0.991618156,-0.017091645,-0.128067315,1650,27773,-1,-1
0.470834881,0.280758083,0.393238306,-0.087777421,0.456654906,-0.885302961,1667,28867,-1,-1
0.465292931,0.411955297,0.307974011,-0.064424850,0.400496811,-0.914030492,1669,27776,-1,-1
0.550982594,0.524130881,0.209134027,-0.406739414,0.133815914,-0.903690457,1673,26360,-1,-1
0.548946977,0.547101736,0.180481464,-0.462480962,-0.007003372,0.886601567,1678,28422,-1,-1
0.900303662,0.171355769,0.515450478,-0.025980789,0.996333480,0.081515037,1686,28961,-1,-1
0.418535471,0.269378096,0.367452353,0.744324446,0.617276847,0.254853964,1690,27780,-1,-1
0.541518629,0.105806231,0.163511962,-0.594275117,-0.804159999,-0.012803383,1712,26369,-1,-1
0.971967816,0.239148691,0.056756634,0.876377761,-0.014179580,0.481415689,1713,28424,-1,-1
0.344974428,0.518298268,0.116613016,0.007194185,0.598023117,0.801446557,1746,27786,-1,-1
0.554374397,0.560031950,0.209059462,0.080274120,-0.044002052,-0.995801151,1787,26378,-1,-1
0.396159381,0.576624215,0.078405067,-0.442121595,0.325924575,0.835644543,1791,27788,-1,-1
0.268406004,0.529292107,0.029354291,0.037625842,0.707177460,0.706034243,1793,28427,-1,-1
0.565973699,0.524240434,0.037088003,-0.262204617,0.725911260,0.635847151,1806,27791,-1,-1
0.891760468,0.271166801,0.453825712,-0.408488274,-0.073461927,0.909802496,1810,28429,-1,-1
0.887177885,0.252872944,0.533716857,-0.029369684,-0.999449134,-0.015456803,1822,26387,-1,-1
0.890985966,0.175794691,0.488289893,-0.944412291,0.162767768,0.285643280,1832,28432,-1,-1
0.589386761,0.530516863,0.016733773,0.475686044,0.051659081,0.878096879,1834,28433,-1,-1
0.953303039,0.227322906,0.544690192,-0.072037980,-0.386989564,-0.919265807,1839,27799,-1,-1
0.773553967,0.152897343,0.162570238,0.691458046,0.408473283,0.595848560,1843,26394,-1,-1
0.479952037,0.285323977,0.342888743,-0.186701059,0.120683759,-0.974976003,1855,1855,-1,-1
0.557403326,0.564911723,0.023239726,-0.849415302,-0.485158682,-0.207640871,1860,28436,-1,-1
0.458225220,0.257483035,0.321340293,-0.996089876,-0.087931581,-0.008541674,1897,28438,-1,-1
0.130746111,0.473454714,0.200926214,-0.729818583,0.031481244,0.682915688,1898,28874,-1,-1
0.909634233,0.156247601,0.058464509,0.083867751,-0.192909658,0.977625787,1900,26405,-1,-1
0.759268224,0.152519241,0.173665255,0.283247977,0.603922963,0.745015323,1901,26406,-1,-1
0.742410600,0.512534261,0.153964266,-0.521926999,0.852649093,0.024121897,1908,27808,-1,-1
0.899761200,0.268125534,0.545321167,-0.333146989,0.011179259,0.942808688,1919,26413,-1,-1
0.134456336,0.321528375,0.218814924,-0.988312542,-0.118617639,-0.095750853,1921,28441,-1,-1
0.749455810,0.131749421,0.036288198,0.794337630,-0.062777922,-0.604224026,1927,26415,-1,-1
0.565374970,0.528223813,0.026876958,0.091865867,-0.988972604,-0.116163313,1931,26418,-1,-1
0.898341954,0.283022046,0.584006250,0.021582689,0.828507006,0.559562743,1932,27812,-1,-1
0.026531452,0.515038908,0.049008947,0.035440143,-0.909657359,0.413844883,1936,23528,-1,-1
0.465531141,0.413534343,0.293756992,0.033408660,-0.610993266,-0.790930569,1976,27816,-1,-1
0.465924382,0.339127243,0.419588566,0.288303405,-0.747673988,-0.598218024,1999,28445,-1,-1
0.866106629,0.262891144,0.618067622,-0.906299114,0.417624533,0.064898074,2010,26436,-1,-1
0.028687045,0.531945169,0.050232254,-0.624032915,0.630825162,-0.461131781,2052,26440,-1,-1
0.436154932,0.253306568,0.368410558,-0.447526574,-0.852357388,-0.270567805,2072,26442,-1,-1
0.898836553,0.260237902,0.698349953,0.443082035,-0.150097221,-0.883826375,2077,26443,-1,-1
0.859745026,0.173560396,0.616904974,-0.559258044,-0.828395247,-0.031493068,2088,28446,-1,-1
0.573569417,0.524616659,0.034645032,-0.723031819,-0.676360488,-0.140575886,2100,27825,-1,-1
0.031830542,0.333307803,0.118256554,-0.999656498,0.020816633,-0.015924048,2130,27828,-1,-1
0.855062544,0.179878920,0.630035877,0.585870624,0.666324615,-0.461266994,2133,26454,-1,-1
0.520901978,0.523726285,0.174919322,-0.011095284,-0.999910355,0.007496678,2136,2136,-1,-1
0.049080100,0.141894311,0.125332832,-0.790799618,-0.100449078,0.603776455,2145,26459,-1,-1
0.470326781,0.250797510,0.337025285,-0.036447454,0.486754626,0.872778118,2149,28450,-1,-1
0.885237575,0.171139523,0.421920329,-0.214994952,0.976602256,0.005029984,2154,27834,-1,-1
0.020128431,0.367869049,0.099855624,0.064893179,-0.994902194,-0.077191576,2159,28732,-1,-1
0.407125503,0.387398452,0.372903287,-0.054421652,0.027782947,-0.998131514,2160,26465,-1,-1
0.852548122,0.215459272,0.500848234,-0.776412189,-0.548536181,0.310309887,2163,27837,-1,-1
0.714585304,0.151637599,0.163281932,0.734025300,-0.417019099,-0.536005676,2173,26469,-1,-1
0.901089072,0.160308644,0.107864127,0.519927800,-0.049123015,-0.852796614,2178,27838,-1,-1
0.096351430,0.524467289,0.109006971,-0.714104950,0.700028718,0.003743296,2185,27839,-1,-1
0.917671025,0.514578819,0.177685320,0.293972552,-0.360703796,0.885140061,2230,27844,-1,-1
0.532855511,0.376044065,0.371428728,0.702789485,0.423940212,-0.571280718,2248,27846,-1,-1
0.401494950,0.117136300,0.180113807,-0.392653227,-0.043384116,-0.918662786,2255,27847,-1,-1
0.134765416,0.326292157,0.241752684,0.211396083,0.018719042,-0.977221191,2256,26487,-1,-1
0.260302126,0.515084863,0.217288747,0.063775070,-0.738548636,-0.671177089,2291,28969,-1,-1
0.540856898,0.597906351,0.033312369,-0.021791056,-0.997183800,-0.071761526,2296,28970,-1,-1
0.213353217,0.523188949,0.118091956,-0.258899540,0.964659154,0.049028415,2297,28460,-1,-1
0.027777379,0.323024511,0.120041788,0.144020811,-0.989468634,-0.014482827,2309,27854,-1,-1
0.133288845,0.261105746,0.247458309,-0.787855208,0.040571466,0.614522755,2328,27855,-1,-1
0.535697103,0.062688343,0.038632665,-0.903830588,-0.410369277,-0.121191390,2338,26503,-1,-1
0.902009070,0.278596133,0.429115444,-0.996176541,0.079396695,-0.036449526,2350,28739,-1,-1
0.504398704,0.386168838,0.386000365,0.243813291,0.417086989,0.875553370,2354,26508,-1,-1
0.136707261,0.262824327,0.259728014,0.999756217,-0.017381385,0.013616694,2355,27859,-1,-1
0.444397300,0.345929205,0.342632562,-0.482483238,0.081107564,0.872141957,2356,2356,-1,-1
0.478623688,0.253192693,0.309875369,0.863200307,-0.503961384,0.030136833,2359,23697,-1,-1
0.012606748,0.212147027,0.149054810,-0.083580248,-0.992271364,0.091717005,2368,28464,-1,-1
0.642525017,0.517919421,0.206700206,0.498659819,0.548748672,0.670979440,2406,26518,-1,-1
0.830775619,0.522874653,0.002367159,-0.088801265,0.322629362,0.942350626,2421,26521,-1,-1
0.423031300,0.597544253,0.043891992,0.998232543,-0.016785588,-0.057009816,2442,27864,-1,-1
0.133529574,0.323833346,0.253382146,-0.591478705,-0.008405990,-0.806276858,2450,27865,-1,-1
0.909490108,0.272778958,0.546148241,-0.120097533,-0.019717537,-0.992566347,2470,26528,-1,-1
0.724434078,0.516459405,0.152464524,0.839219749,0.384573877,-0.384464830,2477,28467,-1,-1
0.523350775,0.271283060,0.366950989,-0.727266312,0.630834222,0.270429313,2480,23734,-1,-1
0.853065193,0.237273932,0.495656431,-0.388675153,0.909005702,0.150466979,2484,27868,-1,-1
0.903054893,0.252093732,0.688625574,0.783188224,0.008201137,-0.621730685,2512,27871,-1,-1
0.540252447,0.118126541,0.147825077,-0.296892852,0.030432589,-0.954425752,2514,26535,-1,-1
0.541001678,0.127977565,0.164047956,-0.457956165,0.888618946,0.025151720,2532,27875,-1,-1
0.567203999,0.038561288,0.036510792,-0.011055559,0.994783938,-0.101403669,2536,26539,-1,-1
0.892392874,0.158262089,0.587403238,0.027490348,-0.751329660,0.659354329,2572,28471,-1,-1
0.313424170,0.143291146,0.222899750,-0.101104647,0.196620166,0.975252986,2606,28472,-1,-1
0.850386977,0.440421164,0.224166125,-0.975033045,0.050007038,-0.216355860,2619,27882,-1,-1
0.858533621,0.220085770,0.492316455,0.909724712,-0.405355394,-0.089933276,2625,23775,-1,-1
0.541534245,0.116659835,0.180027291,-0.447977334,-0.011573729,0.893970072,2627,28473,-1,-1
0.961534798,0.121211760,0.023770979,-0.081313737,0.048754826,-0.995495379,2633,2633,-1,-1
0.751071393,0.094825707,0.029566254,-0.701896787,0.648324072,0.294986099,2643,26554,-1,-1
0.742166579,0.107014000,0.037259683,0.692436099,-0.581224144,-0.427446902,2645,27885,-1,-1
0.910995722,0.166371018,0.497014761,-0.756627858,0.613365769,-0.226488143,2646,27886,-1,-1
0.176426694,0.481601685,0.213993207,-0.255701959,-0.587026894,-0.768124998,2688,2688,-1,-1
0.946895540,0.233451411,0.520331323,-0.102149971,-0.994042575,0.038011093,2698,28884,-1,-1
0.848143578,0.213649079,0.476144642,-0.220212817,0.018965214,0.975267529,2714,27893,-1,-1
0.918488503,0.156885639,0.073557340,0.999915242,0.012119312,0.004758738,2725,28744,-1,-1
0.028740503,0.209231660,0.147738308,-0.092432700,-0.465809911,-0.880043983,2729,26571,-1,-1
0.842598677,0.222876042,0.397519231,0.858556867,-0.511793256,-0.030786226,2741,28745,-1,-1
0.134115443,0.323472381,0.226219758,-0.184816658,-0.977670193,-0.100019373,2750,23821,-1,-1
0.907334268,0.159281418,0.418172598,0.999949574,0.009914435,-0.001638547,2771,27897,-1,-1
0.874430060,0.215457663,0.481925398,-0.652260125,0.041097555,0.756880283,2791,2791,-1,-1
0.039290484,0.536225855,0.084210157,-0.015264981,-0.130602330,-0.991317332,2796,28480,-1,-1
0.741029918,0.508575380,0.157801703,-0.012039941,0.997431815,0.070602998,2819,27902,-1,-1
0.471476823,0.158611432,0.266707778,0.067690872,-0.069843464,-0.995258689,2824,28482,-1,-1
0.147689447,0.137200713,0.112763621,0.013633301,-0.573955059,0.818773389,2842,26592,-1,-1
0.923021734,0.269694507,0.510788977,-0.073553808,0.622009873,-0.779547095,2861,28484,-1,-1
0.403650433,0.546949744,0.141743362,-0.472911090,0.010404798,0.881048799,2873,27908,-1,-1
0.349352807,0.526799917,0.017176542,0.042872559,-0.241253570,-0.969514728,2882,27910,-1,-1
0.920644999,0.263371378,0.501661420,-0.720366240,-0.693593740,-0.000537515,2913,27913,-1,-1
0.605825841,0.155477971,0.147670254,0.896014810,-0.443989247,0.005568406,2921,27914,-1,-1
0.556139886,0.587647378,0.022006640,0.294451654,0.716885507,0.631959975,2924,28748,-1,-1
0.493868262,0.059911329,0.031715143,-0.985299051,-0.039739344,0.166152224,2936,27917,-1,-1
0.024341024,0.476059973,0.138705984,0.430890650,0.010358190,-0.902344763,2942,28489,-1,-1
0.973301470,0.221123919,0.021911761,0.095211238,0.031855710,0.994947314,2970,23897,-1,-1
0.661606848,0.149573803,0.224890530,0.034866750,0.443846226,0.895424426,2982,28492,-1,-1
0.914082050,0.264397353,0.493560880,-0.020043233,-0.999615669,-0.019157335,2986,27922,-1,-1
0.857507348,0.233502090,0.512357652,0.014540555,-0.999541283,-0.026566695,2994,27923,-1,-1
0.544394970,0.102911942,0.224271551,-0.149128869,0.042391699,0.987908661,2995,28493,-1,-1
0.856923819,0.236281961,0.506586909,-0.655055225,-0.303739011,-0.691842020,3002,27925,-1,-1
0.862910569,0.204056427,0.516033411,-0.064727850,-0.997642457,0.022802141,3005,29028,-1,-1
0.028807350,0.343266338,0.112404570,-0.189448103,-0.981518745,0.027025603,3033,27930,-1,-1
0.915520966,0.190591574,0.570360899,0.228160962,-0.793803871,0.563753545,3037,27931,-1,-1
0.282411784,0.523937166,0.207207426,0.565742612,-0.815744340,-0.120401606,3044,27933,-1,-1
0.949643493,0.236418888,0.508835435,0.344502687,-0.774947941,-0.529880762,3051,26640,-1,-1
0.902908683,0.179013982,0.690710843,0.705775559,-0.012092118,-0.708332300,3087,26645,-1,-1
0.599615574,0.149733990,0.114283465,0.010265695,0.406767070,-0.913474262,3098,27937,-1,-1
0.463643402,0.061975930,0.032784570,-0.969446599,-0.241045937,-0.045499124,3130,26651,-1,-1
0.194985494,0.524250567,0.210444212,-0.084863201,0.753573775,0.651862562,3162,28497,-1,-1
0.853856325,0.232441321,0.489508748,-0.780221403,-0.603545845,0.164276853,3183,26665,-1,-1
0.329595447,0.527802765,0.024816586,0.011213364,-0.997722685,0.066510908,3199,27945,-1,-1
0.148281440,0.439639151,0.212245658,-0.096489683,0.995224178,0.014784327,3215,23975,-1,-1
0.866441131,0.272154927,0.615361869,-0.646298707,-0.741897404,-0.178567395,3227,27948,-1,-1
0.536969960,0.132679537,0.227675065,-0.729879856,0.330431312,-0.598406672,3231,26674,-1,-1
0.452763528,0.599830627,0.063736826,-0.953551352,0.064512953,0.294241309,3246,23983,-1,-1
0.152775973,0.528177321,0.208089501,0.035951041,0.365396649,0.930157423,3293,28502,-1,-1
0.897291243,0.513943374,0.137410343,0.037365034,0.517039835,0.855145335,3311,27954,-1,-1
0.900628865,0.163765356,0.500020802,0.230360612,0.909938991,-0.344884127,3334,28503,-1,-1
0.401803046,0.126322404,0.161901847,-0.468839943,-0.883098364,0.018068716,3421,27964,-1,-1
0.419831395,0.399379641,0.367356598,0.670143902,-0.691341221,0.270100892,3446,26707,-1,-1
0.011207899,0.204274282,0.156759381,-0.012870499,0.054893643,0.998409331,3470,27967,-1,-1
0.857619166,0.264305502,0.620569050,0.020378940,-0.914680004,0.403664649,3475,27968,-1,-1
0.545562506,0.144834548,0.133435383,0.961749971,0.273876309,0.005360896,3504,28753,-1,-1
0.119613595,0.436029524,0.342353612,-0.068575189,0.406706512,0.910981536,3531,28508,-1,-1
0.771866918,0.515945613,0.170759067,0.373853564,-0.452226967,0.809768081,3540,27972,-1,-1
0.922019064,0.167963326,0.497054756,-0.643407345,0.233299986,-0.729107738,3573,27974,-1,-1
0.854323685,0.515095711,0.017148495,-0.197332546,0.053198453,0.978892088,3576,26721,-1,-1
0.859438360,0.261768878,0.618060350,-0.990390539,0.018470423,-0.137060300,3598,27975,-1,-1
0.968690515,0.239946589,0.507605255,0.921882689,-0.387424409,-0.005894901,3607,28509,-1,-1
0.396172315,0.592977047,0.015588021,-0.905429363,0.350536406,0.239420146,3608,26727,-1,-1
0.125013232,0.423251152,0.333540529,0.033206962,-0.080231749,0.996222973,3611,27978,-1,-1
0.892681003,0.190865085,0.552404165,0.092328832,0.407186717,-0.908666193,3614,27979,-1,-1
0.442919165,0.525206804,0.149028078,0.036662154,-0.994700313,0.096059032,3617,3617,-1,-1
0.859383047,0.267415524,0.621990740,0.202502176,0.251773834,-0.946362972,3635,27980,-1,-1
0.938596964,0.221841067,0.551095545,-0.999197364,0.022315888,-0.033266343,3653,26735,-1,-1
0.026552910,0.483260721,0.047270495,0.588500977,-0.785449266,0.191666737,3661,27982,-1,-1
0.157464504,0.527585745,0.039492812,0.060967810,-0.882033706,-0.467225373,3673,26738,-1,-1
0.854465842,0.224521890,0.501878262,-0.643187702,0.712431550,0.280625820,3717,28510,-1,-1
0.599114656,0.149542272,0.166957676,-0.007688229,-0.241765067,-0.970304370,3723,27986,-1,-1
0.087865919,0.129743829,0.074970528,0.001825139,0.999870420,-0.015997807,3727,27987,-1,-1
0.449157655,0.060851917,0.036211703,-0.990696490,-0.136060953,0.002806409,3751,27990,-1,-1
0.955409646,0.237183601,0.502245724,0.906978488,-0.396467507,0.142139420,3763,26757,-1,-1
0.535796523,0.044222608,0.038814005,-0.899453402,0.435240656,0.039360192,3789,24151,-1,-1
0.394962221,0.572788000,0.200817823,-0.464489043,0.006650346,-0.885553896,3806,27992,-1,-1
0.102526188,0.146223933,0.227255523,0.368949622,-0.187954083,0.910246968,3829,24161,-1,-1
0.536186159,0.035717409,0.030705636,0.519811451,0.681073904,-0.515688360,3854,28514,-1,-1
0.397396445,0.561105907,0.062843323,0.246875927,-0.962113440,0.115715168,3857,26770,-1,-1
0.896168113,0.280697256,0.454345495,0.299891800,-0.065529138,0.951719940,3888,27996,-1,-1
0.496492535,0.366568923,0.397245675,0.301401347,0.386508822,0.871646821,3897,27997,-1,-1
0.192654759,0.143769100,0.099939466,0.055682473,-0.770655632,0.634814501,3911,28516,-1,-1
0.867679119,0.217810586,0.690855503,-0.007013441,-0.235229284,0.971914589,3969,28002,-1,-1
0.908999860,0.281088144,0.410064846,0.812814295,0.582354665,0.013995764,3993,28003,-1,-1
0.765820265,0.509736717,0.148833871,-0.148873791,0.775708497,0.613280416,4017,28006,-1,-1
0.045201954,0.150089338,0.227943823,-0.589779198,-0.152348727,0.793063939,4059,26802,-1,-1
0.023956655,0.486130059,0.138386339,0.894600809,-0.147435993,0.421843737,4070,28518,-1,-1
0.404237002,0.363430172,0.301742584,0.539540708,-0.584197223,-0.606308162,4071,26808,-1,-1
0.544164896,0.120194882,0.148888901,-0.971289217,-0.050664041,-0.232444525,4096,26813,-1,-1
0.024075538,0.445689380,0.061354194,-0.981819987,-0.021754097,-0.188563734,4109,28519,-1,-1
0.903432131,0.156954572,0.421561629,0.845357120,-0.532581806,0.041570581,4112,28013,-1,-1
0.026014062,0.325117081,0.120525241,0.918074071,-0.394011974,0.043527666,4118,26817,-1,-1
0.475548536,0.412352324,0.332701981,0.751447320,-0.659541726,0.018214855,4171,28015,-1,-1
0.905389726,0.194375932,0.574043214,-0.339109480,-0.355768770,0.870880783,4183,26822,-1,-1
0.879136145,0.236358017,0.544166744,0.508056879,-0.860700488,-0.032755796,4187,26823,-1,-1
0.555544853,0.593543887,0.007141054,0.239782065,0.322351456,0.915747821,4200,28520,-1,-1
0.876871943,0.527021468,0.005270283,0.333097368,-0.017287521,-0.942733943,4212,28521,-1,-1
0.484765977,0.416046381,0.368288577,-0.273857147,-0.897426903,0.345871806,4222,26830,-1,-1
0.948655784,0.422660351,0.171638176,-0.348486871,0.740019023,-0.575264096,4250,24280,-1,-1
0.330831826,0.143405497,0.168786213,-0.006218784,0.279235870,0.960202396,4288,28022,-1,-1
0.433301717,0.342515409,0.334952116,0.706928492,-0.147686660,-0.691694140,4303,4303,-1,-1
0.806294560,0.151264086,0.227431744,-0.021017877,0.452271163,0.891632855,4327,28891,-1,-1
0.476651669,0.325897843,0.417111874,0.806278467,-0.453767210,0.379486978,4328,28025,-1,-1
0.911481977,0.186063007,0.570098639,-0.307602584,-0.102044679,-0.946027279,4338,26845,-1,-1
0.399460942,0.311394125,0.374588579,-0.334142625,-0.007718047,0.942490995,4367,28758,-1,-1
0.133012921,0.270962209,0.257567197,-0.559894800,-0.828531504,-0.007305159,4376,28027,-1,-1
0.157379925,0.528467894,0.055808999,0.029819915,-0.341045022,0.939573944,4382,24314,-1,-1
0.903198540,0.512765825,0.149014205,-0.894859433,0.441744328,-0.063943021,4399,28030,-1,-1
0.903547645,0.171698853,0.059925381,-0.086591817,0.086688861,-0.992465079,4404,24325,-1,-1
0.923879445,0.158721685,0.451469421,0.794430912,0.074555166,0.602761209,4412,26861,-1,-1
0.906749249,0.138353020,0.027989637,-0.032863684,-0.134090960,0.990423977,4451,28033,-1,-1
0.922917128,0.281422675,0.386811167,0.118825153,-0.405986279,-0.906121314,4454,26867,-1,-1
0.555646241,0.567681551,0.029593872,0.280074000,-0.742785513,-0.608135164,4458,26868,-1,-1
0.921211541,0.170502394,0.506225884,0.743074179,0.666557550,0.059513815,4475,26869,-1,-1
0.462595046,0.325131267,0.420241952,0.345314890,0.652559221,-0.674480677,4540,28760,-1,-1
0.040456057,0.529254198,0.125335515,-0.997007191,-0.056078754,0.053215332,4572,26879,-1,-1
0.463503063,0.248225152,0.289869070,0.179069102,0.876010120,-0.447817564,4580,28529,-1,-1
0.926081359,0.221335322,0.694851041,-0.985875547,0.100697756,-0.133825868,4600,26882,-1,-1
0.910727620,0.180308148,0.682274759,-0.976560473,0.128916979,-0.172366232,4651,28041,-1,-1
0.556643009,0.561565340,0.046843868,0.815392435,-0.025078751,0.578365207,4678,28761,-1,-1
0.235605225,0.523090065,0.211012974,-0.262357205,-0.723114610,-0.638963223,4710,28532,-1,-1
0.932137132,0.222867727,0.555802286,-0.537140429,0.016968042,-0.843322217,4756,26898,-1,-1
0.134660572,0.323715925,0.236667603,-0.348832786,0.000300852,-0.937184930,4805,26908,-1,-1
0.937659204,0.150682718,0.039567314,0.977971137,0.024274729,0.207324177,4806,24429,-1,-1
0.869753122,0.199951634,0.485312313,-0.523696840,0.821470678,-0.225671232,4807,26909,-1,-1
0.974361062,0.286218226,0.124205969,-0.963831663,0.266457886,0.005364649,4811,28534,-1,-1
0.901285768,0.156265199,0.230160818,0.078860402,0.399462789,0.913351238,4822,28054,-1,-1
0.763292849,0.121386029,0.030351602,0.945944965,-0.146917745,-0.289142638,4834,28536,-1,-1
0.973691702,0.147855580,0.468715847,-0.762634695,0.610578954,-0.213498905,4866,24452,-1,-1
0.920804203,0.259824544,0.437702119,0.182832569,0.192340270,-0.964146018,4903,26926,-1,-1
0.892002642,0.170662165,0.490548491,-0.648518622,-0.145320579,0.747198522,4916,28059,-1,-1
0.914965689,0.175907955,0.492099941,0.898127258,0.294434637,0.326612413,4942,26931,-1,-1
0.889039338,0.261731982,0.503526926,0.029458309,0.864842117,-0.501178980,4953,26934,-1,-1
0.541726470,0.544763684,0.164913550,0.661984682,-0.483570576,-0.572656810,4982,26938,-1,-1
0.206940979,0.528492510,0.030054117,-0.937361658,-0.226076052,-0.265033573,5036,28062,-1,-1
0.901785612,0.185282543,0.492509902,-0.046695080,0.840444326,0.539882421,5175,26956,-1,-1
0.855203867,0.200957835,0.510094941,0.486415237,-0.629613459,0.605794668,5228,28069,-1,-1
0.886542618,0.140772209,0.044082668,0.999798656,0.018950479,-0.006602136,5237,26960,-1,-1
0.378116518,0.524496973,0.206148013,0.003438819,0.554951549,-0.831875622,5380,28072,-1,-1
0.911999047,0.160510644,0.475493044,0.096282184,-0.806906462,-0.582779408,5405,5405,-1,-1
0.897092462,0.231797665,0.557482302,-0.011276067,-0.033274416,-0.999382675,5421,28539,-1,-1
0.921713531,0.161574736,0.505792558,0.918088078,-0.394123346,0.042202946,5604,28078,-1,-1
0.018900057,0.354791403,0.114702739,-0.477893293,0.538277745,0.694172263,5608,26988,-1,-1
0.949367344,0.212592393,0.506056428,0.342942268,-0.904999673,0.251726717,5610,28541,-1,-1
0.845301986,0.230309308,0.451900244,0.064835466,-0.350729972,0.934229612,5651,28081,-1,-1
0.891197860,0.236642554,0.553263664,0.652105629,0.751241744,0.101952083,5713,24647,-1,-1
0.965652823,0.208379030,0.452468663,0.230669886,0.239741132,0.943035305,5736,27001,-1,-1
0.913545728,0.262356490,0.689340889,0.040656224,0.865093768,0.499959856,5747,27002,-1,-1
0.476093292,0.412846625,0.298953831,0.814747691,-0.578557670,-0.038175229,5755,28082,-1,-1
0.430643439,0.313650668,0.343398184,0.067693293,0.363208055,-0.929245710,5780,27007,-1,-1
0.360617757,0.528588414,0.026358927,0.056583840,-0.871720195,-0.486726135,5795,28084,-1,-1
0.022281015,0.359942526,0.116083831,-0.762268186,-0.580144227,-0.287019044,5813,24672,-1,-1
0.980625153,0.148368150,0.488368273,0.856061101,-0.516261995,0.025161348,5839,28088,-1,-1
0.157487184,0.526926637,0.039202169,0.142303362,-0.781558931,0.607384026,5867,27018,-1,-1
0.024175882,0.447289109,0.139419392,0.756532431,-0.050935145,-0.651969492,5903,28091,-1,-1
0.470667064,0.249860510,0.316389710,-0.990697265,-0.135576129,0.011754630,5915,27023,-1,-1
0.952605844,0.236106753,0.517069280,-0.333547175,-0.075292602,-0.939721942,6052,27035,-1,-1
0.132894635,0.253111660,0.257784367,0.654824197,-0.755734861,0.008373824,6065,28095,-1,-1
0.657383800,0.515415490,0.208346292,-0.450923264,-0.252462626,-0.856113851,6077,27039,-1,-1
0.498907477,0.063175425,0.037933070,-0.962909222,-0.109681308,-0.246527538,6081,28096,-1,-1
0.475908458,0.337332457,0.420130342,-0.781960249,-0.568065107,-0.256593525,6091,27041,-1,-1
0.848620892,0.198796555,0.448354393,-0.048818253,0.754449844,-0.654539764,6095,28097,-1,-1
0.847379148,0.184362948,0.589284241,-0.767570436,-0.247532055,0.591238916,6100,28547,-1,-1
0.018187780,0.171018466,0.133359283,-0.696080446,0.012745094,-0.717850626,6152,28101,-1,-1
0.470231056,0.250303835,0.322843552,-0.010533858,0.027778400,0.999558687,6190,28102,-1,-1
0.237897635,0.530688047,0.027278107,0.114818543,-0.919165790,-0.376763850,6211,24770,-1,-1
0.902310550,0.260471970,0.501423895,-0.609521449,-0.599795878,0.518390357,6213,27054,-1,-1
0.921131968,0.280326635,0.481305808,-0.105893210,0.223457426,0.968944550,6265,27057,-1,-1
0.939511955,0.487252921,0.172757447,0.598570108,0.205812946,0.774180114,6347,28550,-1,-1
0.896163523,0.190559924,0.576881111,-0.167399213,0.883997738,-0.436492443,6354,6354,-1,-1
0.016237678,0.149265975,0.204221830,0.056859452,-0.248305932,-0.967011452,6412,27072,-1,-1
0.913596332,0.267564923,0.500860155,-0.339081019,-0.940724969,0.007791628,6449,27076,-1,-1
0.024798809,0.372452408,0.093017600,0.028196642,0.600915849,0.798814833,6526,24845,-1,-1
0.552712977,0.145589545,0.222263351,-0.219284743,0.921358883,0.320954740,6528,28109,-1,-1
0.885050893,0.223291248,0.706782818,-0.974809229,-0.049087621,0.217571735,6530,24848,-1,-1
0.547638178,0.047582548,0.036375899,0.556623757,0.688875198,0.464350134,6587,27085,-1,-1
0.864925742,0.203162923,0.482351154,-0.769100964,0.044937637,0.637545526,6610,27086,-1,-1
0.797409177,0.522441804,0.007828702,0.534436107,0.646728933,0.544168890,6611,27087,-1,-1
0.156232297,0.527769387,0.062786616,0.573975325,-0.480330110,-0.663200796,6730,27098,-1,-1
0.911526978,0.157263935,0.452924758,0.423198730,0.140077442,-0.895143092,6736,27099,-1,-1
0.865049541,0.222153887,0.688967764,0.073988244,0.790241480,0.608312607,6810,27103,-1,-1
0.356128663,0.523994982,0.207177550,-0.642510235,0.521542847,0.561403334,6914,27110,-1,-1
0.899738431,0.132397667,0.050690006,0.049920976,-0.065165982,-0.996625006,6922,24931,-1,-1
0.622018695,0.147783279,0.224300891,0.002047462,0.315481037,0.948929727,6934,27111,-1,-1
0.018795798,0.360421419,0.086335965,0.281351358,0.949244440,0.140628919,6965,6965,-1,-1
0.061243277,0.143310055,0.134655938,-0.383225530,0.228312865,0.894992411,7013,28116,-1,-1
0.468439519,0.411622763,0.297793061,0.157834709,0.483762652,-0.860849559,7036,27121,-1,-1
0.094462648,0.527238190,0.043544780,0.018762236,-0.056996610,-0.998198152,7117,28121,-1,-1
0.897516012,0.178933397,0.701181412,0.364779919,0.343667060,-0.865348816,7166,24986,-1,-1
0.885101616,0.253658414,0.505259454,-0.964879572,-0.073650926,0.252156675,7203,24990,-1,-1
0.196658507,0.141626000,0.149025157,0.031997833,-0.402144402,-0.915017009,7272,27139,-1,-1
0.924363315,0.258012176,0.433707088,0.283581942,-0.956216574,0.072326437,7276,27140,-1,-1
0.950835168,0.442844212,0.167751342,-0.562289655,-0.087713055,0.822275400,7434,27152,-1,-1
0.028756207,0.523372829,0.053265978,0.209651425,0.039542042,-0.976976335,7470,25043,-1,-1
0.944478989,0.426812083,0.055402786,-0.065005146,0.997834384,0.010044299,7534,28129,-1,-1
0.092993349,0.153575778,0.230122939,-0.079779439,-0.174238905,0.981466293,7579,25068,-1,-1
0.556873560,0.571117640,0.020109324,0.590548158,-0.751013219,0.295350671,7580,25069,-1,-1
0.887321770,0.514619589,0.150671691,0.895863652,0.435185432,-0.089677110,7709,25094,-1,-1
0.969535708,0.159750208,0.037473109,0.106192522,0.066285074,-0.992133856,7774,7774,-1,-1
0.854531467,0.210978135,0.494895130,0.343229473,0.838485837,-0.423243374,7784,27170,-1,-1
0.552022517,0.027016211,0.030760467,0.386067212,0.866878569,0.315394580,7975,28135,-1,-1
0.841669977,0.239172250,0.448940545,0.334735036,0.799164355,0.499288321,8027,27189,-1,-1
0.914275765,0.281305283,0.453890443,0.340437770,0.200999573,-0.918532193,8078,28136,-1,-1
0.938121438,0.240377992,0.529136777,-0.994780719,0.094620451,0.038187921,8143,27195,-1,-1
0.974011123,0.283462584,0.157321364,-0.763481379,-0.645392120,-0.023772506,8264,28142,-1,-1
0.923124731,0.253440142,0.532595336,-0.593998969,0.800191998,-0.082813367,8270,27206,-1,-1
0.133682624,0.322837174,0.245325372,0.146103978,-0.936487019,-0.318819433,8381,8381,-1,-1
0.955862522,0.350161910,0.141579792,-0.524691582,-0.055461928,0.849483907,8409,28144,-1,-1
0.920285225,0.265451908,0.509062648,-0.983252048,0.162327811,-0.082856275,8514,27221,-1,-1
0.891365647,0.272531122,0.507620573,-0.960026383,0.088457152,-0.265564799,8522,27222,-1,-1
0.402525038,0.117172018,0.146613702,0.259973258,0.093818851,-0.961047351,8682,27237,-1,-1
0.431725085,0.486354440,0.222954214,-0.443509340,0.049294181,0.894913197,8742,8742,-1,-1
0.955325961,0.374625385,0.173088014,0.726482570,-0.505259216,0.465764105,8774,25278,-1,-1
0.773709834,0.510300219,0.157372162,0.327427030,0.898835301,-0.291353315,8897,28149,-1,-1
0.766346872,0.511666358,0.204740256,-0.437784016,-0.792615592,-0.424388707,9049,27259,-1,-1
0.898911178,0.136510730,0.051140968,0.823584616,-0.262725919,0.502676427,9050,25318,-1,-1
0.544539392,0.121373355,0.221767709,0.424659669,-0.075295992,0.902216554,9119,27261,-1,-1
0.986149609,0.143584937,0.484275669,-0.930841327,0.018223451,-0.364969045,9149,28150,-1,-1
0.902482748,0.145889983,0.302025437,-0.744588196,-0.568412364,0.349994004,9166,25332,-1,-1
0.564039111,0.041700255,0.035609193,0.196982101,0.914519727,0.353343844,9184,27266,-1,-1
0.943652987,0.235032514,0.513535321,-0.580850244,-0.024314720,0.813647270,9204,28151,-1,-1
0.971901476,0.196883082,0.586909235,0.315591037,0.948096693,0.038924426,9212,25342,-1,-1
0.397462308,0.563635170,0.072561570,-0.975233376,-0.084706195,0.204315394,9339,28153,-1,-1
0.906212687,0.173024967,0.517268479,0.188257024,0.449168146,-0.873388469,9387,27274,-1,-1
0.706198931,0.153041974,0.228585422,-0.558045089,0.615635931,-0.556397438,9453,25379,-1,-1
0.078535676,0.529854000,0.043351851,-0.162462533,-0.147354901,0.975649774,9463,9463,-1,-1
0.736213326,0.513527274,0.164672121,-0.435881644,-0.638637781,0.634152234,9633,27286,-1,-1
0.546036482,0.118240081,0.223667428,-0.684000373,0.166449755,-0.710238039,9720,27288,-1,-1
0.968714893,0.319000632,0.168267012,0.867953479,0.176884323,0.464078367,9757,27290,-1,-1
0.467119575,0.465564847,0.252426624,0.832121968,-0.027228998,0.553923905,9775,25423,-1,-1
0.956442177,0.242128298,0.519866943,0.052414972,0.396529198,0.916524589,9877,25433,-1,-1
0.341814071,0.523037434,0.208523437,-0.133023813,0.623956323,0.770053983,9895,28157,-1,-1
0.922756493,0.269979924,0.488546312,-0.700883746,-0.703527927,0.117517531,9900,27295,-1,-1
0.695965767,0.152860045,0.224417388,0.062956087,-0.358583003,0.931372583,10256,25483,-1,-1
0.910423338,0.269053131,0.499756336,0.881597817,0.471864760,0.011358214,10316,27310,-1,-1
0.928929329,0.175385565,0.516129196,-0.760339141,-0.030772543,-0.648796856,10349,25497,-1,-1
0.947623074,0.213102087,0.519506097,-0.573576987,-0.441596627,-0.689928889,10388,27314,-1,-1
0.785307109,0.509533763,0.157268047,0.213829830,-0.973992407,0.074937411,10399,28160,-1,-1
0.964917362,0.228772283,0.451527476,-0.007915934,0.306088358,-0.951970220,10641,27327,-1,-1
0.964626968,0.333879262,0.170979530,0.557103992,-0.014643046,-0.830313623,10879,25554,-1,-1
0.870348454,0.210314721,0.228512198,-0.976780236,-0.213664800,0.015738267,10885,10885,-1,-1
0.858172715,0.259341955,0.612827599,-0.219585970,0.798543096,0.560456097,10921,27336,-1,-1
0.073797889,0.148851722,0.228930593,0.034980267,-0.217170998,0.975506604,10992,25569,-1,-1
0.944874048,0.235016599,0.511277139,0.572967410,-0.818033874,-0.050287981,11115,25581,-1,-1
0.969934821,0.188835919,0.039651223,-0.132830963,0.046352491,-0.990054250,11563,11563,-1,-1
0.962678909,0.282406360,0.580688894,-0.099777862,0.160330430,0.982007444,11611,28165,-1,-1
0.218267798,0.162807956,0.212963566,-0.346780390,0.937146842,-0.038721010,11692,11692,-1,-1
0.969597757,0.194652319,0.588359237,-0.568005979,-0.575444043,-0.588416040,11955,27357,-1,-1
0.120713465,0.421241939,0.344147563,0.006001079,-0.440759331,0.897605300,12012,12012,-1,-1
0.892207503,0.271383554,0.524201155,-0.987625360,-0.147995874,-0.051897462,12207,25669,-1,-1
0.231148347,0.497111976,0.203881294,-0.431247711,-0.189564258,-0.882094562,12224,25671,-1,-1
0.587021053,0.534276962,0.012612763,-0.049451601,-0.448504239,-0.892411590,12365,12365,-1,-1
0.903829038,0.256497473,0.496750414,-0.019627322,-0.598833501,0.800633073,13135,27371,-1,-1
0.312521160,0.531320691,0.020719022,-0.141164660,0.815553308,-0.561200023,13136,13136,-1,-1
0.465471476,0.410845935,0.329309195,0.347563624,0.932783782,-0.095467016,13179,27372,-1,-1
0.468198866,0.252522618,0.325991333,-0.412372649,-0.468527347,0.781300843,13275,13275,-1,-1
0.439020723,0.526072562,0.162304848,-0.100234076,0.994262457,0.037355401,13349,25749,-1,-1
0.972215831,0.296227634,0.168408707,-0.383229196,-0.886357188,0.259819746,14024,14024,-1,-1
0.962539315,0.214360848,0.449652046,0.732612610,0.648036897,-0.208151370,14032,27376,-1,-1
0.036833152,0.152262703,0.226719812,-0.025796458,-0.150390476,0.988290071,14271,14271,-1,-1
0.973918855,0.191545919,0.022743627,0.040735479,-0.023224320,0.998900056,14580,25800,-1,-1
0.160930976,0.529721916,0.035940330,0.480910897,-0.294506490,0.825827241,14701,27380,-1,-1
0.737598479,0.084206998,0.026397007,-0.091551870,0.171557963,-0.980910897,14722,25804,-1,-1
0.975741744,0.126980349,0.023526564,-0.065834992,0.036698636,-0.997155428,15720,15720,-1,-1
0.183613047,0.152638748,0.124768205,-0.021267677,0.999773681,0.000492092,17407,17407,-1,-1
0.390350372,0.584900022,0.067233987,-0.328307301,-0.829070210,0.452611357,18440,18440,-1,-1
0.961973548,0.224178717,0.439304143,0.010633495,0.601427138,-0.798856974,18876,18876,-1,-1
