0.160394892,0.997360528,0.000000000,-0.136574805,0.990629792,0.000000000,0,19,1,1.5708
0.160394892,0.997360528,0.000000000,-0.007869178,0.999969065,0.000000000,0,120,-1,1.5708
0.160394892,0.997360528,0.000000000,-0.005517905,0.999984801,0.000000000,0,852,-1,1.5708
0.160394892,0.997360528,0.000000000,0.002666661,0.999996483,-0.000000000,0,518,-1,1.5708
0.160394892,0.997360528,0.000000000,-0.000788756,0.999999702,0.000000000,0,627,-1,1.5708
0.160394892,0.997360528,0.000000000,-0.010584637,0.999943972,0.000000000,0,1812,-1,1.5708
0.114057511,0.976792395,0.000000000,-0.522948444,0.852364361,0.000000000,2,2193,1,1.5708
0.542853713,0.994523287,0.000000000,-0.007869178,0.999969065,0.000000000,4,120,1,1.5708
0.542853713,0.994523287,0.000000000,-0.136574805,0.990629792,0.000000000,4,19,-1,1.5708
0.542853713,0.994523287,0.000000000,-0.005517905,0.999984801,0.000000000,4,852,-1,1.5708
0.542853713,0.994523287,0.000000000,0.002666661,0.999996483,-0.000000000,4,518,-1,1.5708
0.542853713,0.994523287,0.000000000,-0.000788756,0.999999702,0.000000000,4,627,-1,1.5708
0.542853713,0.994523287,0.000000000,-0.010584637,0.999943972,0.000000000,4,1812,-1,1.5708
0.172754169,0.978715658,0.000000000,0.852364361,0.522948384,-0.000000000,13,2193,1,1.5708
0.619375587,0.903952301,0.000000000,0.989846110,-0.142143384,0.000000000,16,18,1,1.5708
0.619375587,0.903952301,0.000000000,0.999984801,0.005517861,-0.000000000,16,852,-1,1.5708
0.619375587,0.903952301,0.000000000,0.999996483,-0.002666705,0.000000000,16,518,-1,1.5708
0.619375587,0.903952301,0.000000000,0.999999702,0.000788712,-0.000000000,16,627,-1,1.5708
0.619375587,0.903952301,0.000000000,0.969647169,-0.244508430,0.000000000,16,1863,-1,1.5708
0.464850396,0.905149996,0.000000000,0.990629792,0.136574760,-0.000000000,17,19,1,1.5708
0.464850396,0.905149996,0.000000000,0.999969065,0.007869135,-0.000000000,17,120,-1,1.5708
0.464850396,0.905149996,0.000000000,0.999984801,0.005517861,-0.000000000,17,852,-1,1.5708
0.464850396,0.905149996,0.000000000,0.999996483,-0.002666705,0.000000000,17,518,-1,1.5708
0.464850396,0.905149996,0.000000000,0.999999702,0.000788712,-0.000000000,17,627,-1,1.5708
0.464850396,0.905149996,0.000000000,0.999943972,0.010584768,-0.000000000,17,1812,-1,1.5708
0.154157728,0.986748695,0.000000000,0.852364361,0.522948384,-0.000000000,23,2193,1,1.5708
0.154157728,0.986748695,0.000000000,0.692724645,0.721202254,-0.000000000,23,1910,1,1.5708
0.071817912,0.924619675,0.000000000,0.721202195,-0.692724705,0.000000000,29,1910,1,1.5708
0.145780757,0.981335044,0.000000000,0.721202195,-0.692724705,0.000000000,33,1910,1,1.5708
0.134381205,0.979185581,0.000000000,0.692724645,0.721202254,-0.000000000,34,1910,1,1.5708
0.151096627,0.967533588,0.000000000,0.721202195,-0.692724705,0.000000000,42,1910,1,1.5708
0.161512777,0.959275961,0.000000000,0.721202195,-0.692724705,0.000000000,59,1910,1,1.5708
0.090926297,0.956396699,0.000000000,0.692724645,0.721202254,-0.000000000,61,1910,1,1.5708
0.153562695,0.960972667,0.000000000,0.692724645,0.721202254,-0.000000000,64,1910,1,1.5708
0.197313249,0.961706817,0.000000000,-0.005517905,0.999984801,0.000000000,66,852,1,1.5708
0.197313249,0.961706817,0.000000000,-0.136574805,0.990629792,0.000000000,66,19,-1,1.5708
0.197313249,0.961706817,0.000000000,-0.007869178,0.999969065,0.000000000,66,120,-1,1.5708
0.197313249,0.961706817,0.000000000,0.142143339,0.989846110,-0.000000000,66,18,-1,1.5708
0.197313249,0.961706817,0.000000000,0.002666661,0.999996483,-0.000000000,66,518,-1,1.5708
0.197313249,0.961706817,0.000000000,-0.000788756,0.999999702,0.000000000,66,627,-1,1.5708
0.197313249,0.961706817,0.000000000,-0.010584637,0.999943972,0.000000000,66,1812,-1,1.5708
0.130435109,0.961035490,0.000000000,0.692724645,0.721202254,-0.000000000,70,1910,1,1.5708
0.174826995,0.953619659,0.000000000,0.872721136,-0.488219082,0.000000000,82,2086,1,1.5708
0.111801662,0.955882251,0.000000000,0.692724645,0.721202254,-0.000000000,86,1910,1,1.5708
0.214779302,0.954977393,0.000000000,0.999984801,0.005517861,-0.000000000,90,852,1,1.5708
0.214779302,0.954977393,0.000000000,0.990629792,0.136574760,-0.000000000,90,19,-1,1.5708
0.214779302,0.954977393,0.000000000,0.999969065,0.007869135,-0.000000000,90,120,-1,1.5708
0.214779302,0.954977393,0.000000000,0.989846110,-0.142143384,0.000000000,90,18,-1,1.5708
0.214779302,0.954977393,0.000000000,0.999996483,-0.002666705,0.000000000,90,518,-1,1.5708
0.214779302,0.954977393,0.000000000,0.999999702,0.000788712,-0.000000000,90,627,-1,1.5708
0.214779302,0.954977393,0.000000000,0.999943972,0.010584593,-0.000000000,90,1812,-1,1.5708
0.074731342,0.948486149,0.000000000,0.990629792,0.136574760,-0.000000000,94,19,1,1.5708
0.074731342,0.948486149,0.000000000,0.999969065,0.007869135,-0.000000000,94,120,-1,1.5708
0.074731342,0.948486149,0.000000000,0.999984801,0.005517861,-0.000000000,94,852,-1,1.5708
0.074731342,0.948486149,0.000000000,0.999996483,-0.002666705,0.000000000,94,518,-1,1.5708
0.074731342,0.948486149,0.000000000,0.999999702,0.000788712,-0.000000000,94,627,-1,1.5708
0.074731342,0.948486149,0.000000000,0.999943972,0.010584768,-0.000000000,94,1812,-1,1.5708
0.194556400,0.954751015,0.000000000,0.872721136,-0.488219082,0.000000000,98,2086,1,1.5708
0.065416090,0.898650706,0.000000000,0.721202195,-0.692724705,0.000000000,114,1910,1,1.5708
0.247084916,0.945134878,0.000000000,-0.005517905,0.999984801,0.000000000,120,852,1,1.5708
0.247084916,0.945134878,0.000000000,-0.136574805,0.990629792,0.000000000,120,19,-1,1.5708
0.247084916,0.945134878,0.000000000,-0.007869178,0.999969065,0.000000000,120,120,-1,1.5708
0.247084916,0.945134878,0.000000000,0.142143339,0.989846110,-0.000000000,120,18,-1,1.5708
0.247084916,0.945134878,0.000000000,0.002666661,0.999996483,-0.000000000,120,518,-1,1.5708
0.247084916,0.945134878,0.000000000,-0.000788756,0.999999702,0.000000000,120,627,-1,1.5708
0.247084916,0.945134878,0.000000000,-0.010584637,0.999943972,0.000000000,120,1812,-1,1.5708
0.049272485,0.939003706,0.000000000,0.692724645,0.721202254,-0.000000000,133,1910,1,1.5708
0.367785752,0.881246984,0.000000000,0.999984801,0.005517861,-0.000000000,144,852,1,1.5708
0.367785752,0.881246984,0.000000000,0.990629792,0.136574760,-0.000000000,144,19,-1,1.5708
0.367785752,0.881246984,0.000000000,0.999969065,0.007869135,-0.000000000,144,120,-1,1.5708
0.367785752,0.881246984,0.000000000,0.989846110,-0.142143384,0.000000000,144,18,-1,1.5708
0.367785752,0.881246984,0.000000000,0.999996483,-0.002666705,0.000000000,144,518,-1,1.5708
0.367785752,0.881246984,0.000000000,0.999999702,0.000788712,-0.000000000,144,627,-1,1.5708
0.367785752,0.881246984,0.000000000,0.999943972,0.010584593,-0.000000000,144,1812,-1,1.5708
0.027232751,0.923505664,0.000000000,-0.721202135,0.692724764,0.000000000,145,1910,1,1.5708
0.129674733,0.791497886,0.000000000,-0.999984801,-0.005517948,0.000000000,146,852,1,1.5708
0.129674733,0.791497886,0.000000000,-0.990629792,-0.136574849,0.000000000,146,19,-1,1.5708
0.129674733,0.791497886,0.000000000,-0.999969065,-0.007869222,0.000000000,146,120,-1,1.5708
0.129674733,0.791497886,0.000000000,-0.989846110,0.142143294,0.000000000,146,18,-1,1.5708
0.129674733,0.791497886,0.000000000,-0.999996483,0.002666618,0.000000000,146,518,-1,1.5708
0.129674733,0.791497886,0.000000000,-0.999999702,-0.000788800,0.000000000,146,627,-1,1.5708
0.129674733,0.791497886,0.000000000,-0.999943972,-0.010584680,0.000000000,146,1812,-1,1.5708
0.111004546,0.935828924,0.000000000,0.692724645,0.721202254,-0.000000000,158,1910,1,1.5708
0.057728130,0.930241644,0.000000000,-0.136574805,0.990629792,0.000000000,181,19,1,1.5708
0.057728130,0.930241644,0.000000000,-0.007869178,0.999969065,0.000000000,181,120,-1,1.5708
0.057728130,0.930241644,0.000000000,-0.005517905,0.999984801,0.000000000,181,852,-1,1.5708
0.057728130,0.930241644,0.000000000,0.002666661,0.999996483,-0.000000000,181,518,-1,1.5708
0.057728130,0.930241644,0.000000000,-0.000788756,0.999999702,0.000000000,181,627,-1,1.5708
0.057728130,0.930241644,0.000000000,-0.010584637,0.999943972,0.000000000,181,1812,-1,1.5708
0.064998329,0.878873706,0.000000000,0.721202195,-0.692724705,0.000000000,184,1910,1,1.5708
0.053222030,0.924836278,0.000000000,-0.522948444,0.852364361,0.000000000,188,2193,1,1.5708
0.069667101,0.864734411,0.000000000,-0.721202135,0.692724764,0.000000000,202,1910,1,1.5708
0.107212059,0.913037419,0.000000000,0.692724645,0.721202254,-0.000000000,210,1910,1,1.5708
0.087797388,0.912330329,0.000000000,0.692724645,0.721202254,-0.000000000,214,1910,1,1.5708
0.045644917,0.907481968,0.000000000,0.692724645,0.721202254,-0.000000000,222,1910,1,1.5708
0.065354861,0.908370733,0.000000000,0.692724645,0.721202254,-0.000000000,224,1910,1,1.5708
0.023566419,0.904034436,0.000000000,0.692724645,0.721202254,-0.000000000,229,1910,1,1.5708
0.022272136,0.892245054,0.000000000,0.721202195,-0.692724705,0.000000000,233,1910,1,1.5708
0.004533877,0.864159107,0.000000000,0.999996483,-0.002666705,0.000000000,244,518,1,1.5708
0.004533877,0.864159107,0.000000000,0.990629792,0.136574760,-0.000000000,244,19,-1,1.5708
0.004533877,0.864159107,0.000000000,0.999969065,0.007869135,-0.000000000,244,120,-1,1.5708
0.004533877,0.864159107,0.000000000,0.989846110,-0.142143384,0.000000000,244,18,-1,1.5708
0.004533877,0.864159107,0.000000000,0.999984801,0.005517861,-0.000000000,244,852,-1,1.5708
0.004533877,0.864159107,0.000000000,0.999999702,0.000788712,-0.000000000,244,627,-1,1.5708
0.004533877,0.864159107,0.000000000,0.999943972,0.010584593,-0.000000000,244,1812,-1,1.5708
0.073028862,0.849085987,0.000000000,0.721202195,-0.692724705,0.000000000,249,1910,1,1.5708
0.084062248,0.889575243,0.000000000,0.692724645,0.721202254,-0.000000000,264,1910,1,1.5708
0.064513244,0.888251245,0.000000000,0.692724645,0.721202254,-0.000000000,267,1910,1,1.5708
0.042449214,0.884306729,0.000000000,0.692724645,0.721202254,-0.000000000,281,1910,1,1.5708
0.022719463,0.883175611,0.000000000,0.692724645,0.721202254,-0.000000000,285,1910,1,1.5708
0.073379159,0.830277443,0.000000000,0.721202195,-0.692724705,0.000000000,309,1910,1,1.5708
0.102250144,0.871363819,0.000000000,0.692724645,0.721202254,-0.000000000,314,1910,1,1.5708
0.082544520,0.868343353,0.000000000,0.692724645,0.721202254,-0.000000000,320,1910,1,1.5708
0.042991661,0.865636051,0.000000000,0.692724645,0.721202254,-0.000000000,325,1910,1,1.5708
0.019730121,0.860293865,0.000000000,0.692724645,0.721202254,-0.000000000,336,1910,1,1.5708
0.078485742,0.816544712,0.000000000,0.721202195,-0.692724705,0.000000000,338,1910,1,1.5708
0.121367544,0.851912498,0.000000000,0.488219053,0.872721136,-0.000000000,355,2086,1,1.5708
0.101388901,0.849547327,0.000000000,0.692724645,0.721202254,-0.000000000,361,1910,1,1.5708
0.059980962,0.845839500,0.000000000,0.692724645,0.721202254,-0.000000000,366,1910,1,1.5708
0.038706306,0.842335761,0.000000000,0.692724645,0.721202254,-0.000000000,374,1910,1,1.5708
0.018634018,0.840836883,0.000000000,0.692724645,0.721202254,-0.000000000,379,1910,1,1.5708
0.086076416,0.805110514,0.000000000,-0.721202135,0.692724764,0.000000000,400,1910,1,1.5708
0.121040285,0.831286311,0.000000000,0.692724645,0.721202254,-0.000000000,402,1910,1,1.5708
0.013159274,0.797262371,0.000000000,0.949638307,0.313348144,-0.000000000,407,1524,1,1.5708
0.098892190,0.827425241,0.000000000,0.692724645,0.721202254,-0.000000000,412,1910,1,1.5708
0.077623621,0.825380385,0.000000000,0.692724645,0.721202254,-0.000000000,415,1910,1,1.5708
0.058093440,0.824094951,0.000000000,0.692724645,0.721202254,-0.000000000,418,1910,1,1.5708
0.037815683,0.822285056,0.000000000,0.692724645,0.721202254,-0.000000000,424,1910,1,1.5708
0.664929569,0.814359009,0.000000000,-0.005517905,0.999984801,0.000000000,451,852,1,1.5708
0.664929569,0.814359009,0.000000000,-0.136574805,0.990629792,0.000000000,451,19,-1,1.5708
0.664929569,0.814359009,0.000000000,-0.007869178,0.999969065,0.000000000,451,120,-1,1.5708
0.664929569,0.814359009,0.000000000,0.142143339,0.989846110,-0.000000000,451,18,-1,1.5708
0.664929569,0.814359009,0.000000000,0.002666661,0.999996483,-0.000000000,451,518,-1,1.5708
0.664929569,0.814359009,0.000000000,-0.000788756,0.999999702,0.000000000,451,627,-1,1.5708
0.664929569,0.814359009,0.000000000,-0.010584637,0.999943972,0.000000000,451,1812,-1,1.5708
0.967551708,0.640072942,0.000000000,-0.999984801,-0.005517948,0.000000000,453,852,1,1.5708
0.967551708,0.640072942,0.000000000,-0.990629792,-0.136574849,0.000000000,453,19,-1,1.5708
0.967551708,0.640072942,0.000000000,-0.999969065,-0.007869222,0.000000000,453,120,-1,1.5708
0.967551708,0.640072942,0.000000000,-0.989846110,0.142143294,0.000000000,453,18,-1,1.5708
0.967551708,0.640072942,0.000000000,-0.999996483,0.002666618,0.000000000,453,518,-1,1.5708
0.967551708,0.640072942,0.000000000,-0.999999702,-0.000788800,0.000000000,453,627,-1,1.5708
0.967551708,0.640072942,0.000000000,-0.999943972,-0.010584680,0.000000000,453,1812,-1,1.5708
0.239819467,0.812167585,0.000000000,-0.000788756,0.999999702,0.000000000,492,627,1,1.5708
0.239819467,0.812167585,0.000000000,-0.136574805,0.990629792,0.000000000,492,19,-1,1.5708
0.239819467,0.812167585,0.000000000,-0.007869178,0.999969065,0.000000000,492,120,-1,1.5708
0.239819467,0.812167585,0.000000000,0.142143339,0.989846110,-0.000000000,492,18,-1,1.5708
0.239819467,0.812167585,0.000000000,-0.005517905,0.999984801,0.000000000,492,852,-1,1.5708
0.239819467,0.812167585,0.000000000,0.002666661,0.999996483,-0.000000000,492,518,-1,1.5708
0.239819467,0.812167585,0.000000000,-0.010584637,0.999943972,0.000000000,492,1812,-1,1.5708
0.090096615,0.790303051,0.000000000,-0.721202135,0.692724764,0.000000000,504,1910,1,1.5708
0.097787574,0.807772934,0.000000000,0.692724645,0.721202254,-0.000000000,520,1910,1,1.5708
0.075387210,0.804047108,0.000000000,0.692724645,0.721202254,-0.000000000,538,1910,1,1.5708
0.055602312,0.802858770,0.000000000,0.692724645,0.721202254,-0.000000000,542,1910,1,1.5708
0.105463572,0.786995709,0.000000000,0.721202195,-0.692724705,0.000000000,544,1910,1,1.5708
0.033979360,0.799208045,0.000000000,0.692724645,0.721202254,-0.000000000,551,1910,1,1.5708
0.094447039,0.785162032,0.000000000,0.692724645,0.721202254,-0.000000000,579,1910,1,1.5708
0.074833542,0.784245074,0.000000000,0.692724645,0.721202254,-0.000000000,581,1910,1,1.5708
0.115621552,0.778194785,0.000000000,0.721202195,-0.692724705,0.000000000,585,1910,1,1.5708
0.052202012,0.780542970,0.000000000,0.692724645,0.721202254,-0.000000000,594,1910,1,1.5708
0.033294339,0.779128790,0.000000000,0.692724645,0.721202254,-0.000000000,601,1910,1,1.5708
0.607381999,0.716644943,0.000000000,0.999996483,-0.002666705,0.000000000,620,518,1,1.5708
0.607381999,0.716644943,0.000000000,0.990629792,0.136574760,-0.000000000,620,19,-1,1.5708
0.607381999,0.716644943,0.000000000,0.999969065,0.007869135,-0.000000000,620,120,-1,1.5708
0.607381999,0.716644943,0.000000000,0.989846110,-0.142143384,0.000000000,620,18,-1,1.5708
0.607381999,0.716644943,0.000000000,0.999984801,0.005517861,-0.000000000,620,852,-1,1.5708
0.607381999,0.716644943,0.000000000,0.999999702,0.000788712,-0.000000000,620,627,-1,1.5708
0.607381999,0.716644943,0.000000000,0.999943972,0.010584593,-0.000000000,620,1812,-1,1.5708
0.608879328,0.772830188,0.000000000,0.002666661,0.999996483,-0.000000000,622,518,1,1.5708
0.608879328,0.772830188,0.000000000,-0.136574805,0.990629792,0.000000000,622,19,-1,1.5708
0.608879328,0.772830188,0.000000000,-0.007869178,0.999969065,0.000000000,622,120,-1,1.5708
0.608879328,0.772830188,0.000000000,0.142143339,0.989846110,-0.000000000,622,18,-1,1.5708
0.608879328,0.772830188,0.000000000,-0.005517905,0.999984801,0.000000000,622,852,-1,1.5708
0.608879328,0.772830188,0.000000000,-0.000788756,0.999999702,0.000000000,622,627,-1,1.5708
0.608879328,0.772830188,0.000000000,-0.010584637,0.999943972,0.000000000,622,1812,-1,1.5708
0.694964051,0.770837665,0.000000000,-0.005517905,0.999984801,0.000000000,627,852,1,1.5708
0.694964051,0.770837665,0.000000000,-0.136574805,0.990629792,0.000000000,627,19,-1,1.5708
0.694964051,0.770837665,0.000000000,-0.007869178,0.999969065,0.000000000,627,120,-1,1.5708
0.694964051,0.770837665,0.000000000,0.142143339,0.989846110,-0.000000000,627,18,-1,1.5708
0.694964051,0.770837665,0.000000000,0.002666661,0.999996483,-0.000000000,627,518,-1,1.5708
0.694964051,0.770837665,0.000000000,-0.000788756,0.999999702,0.000000000,627,627,-1,1.5708
0.694964051,0.770837665,0.000000000,-0.010584637,0.999943972,0.000000000,627,1812,-1,1.5708
0.745185137,0.734635830,0.000000000,-0.999984801,-0.005517949,0.000000000,643,852,1,1.5708
0.745185137,0.734635830,0.000000000,-0.990629792,-0.136574849,0.000000000,643,19,-1,1.5708
0.745185137,0.734635830,0.000000000,-0.999969065,-0.007869222,0.000000000,643,120,-1,1.5708
0.745185137,0.734635830,0.000000000,-0.989846110,0.142143294,0.000000000,643,18,-1,1.5708
0.745185137,0.734635830,0.000000000,-0.999996483,0.002666618,0.000000000,643,518,-1,1.5708
0.745185137,0.734635830,0.000000000,-0.999999702,-0.000788800,0.000000000,643,627,-1,1.5708
0.745185137,0.734635830,0.000000000,-0.999943972,-0.010584680,0.000000000,643,1812,-1,1.5708
0.478811026,0.649333298,0.000000000,-0.999984801,-0.005517948,0.000000000,657,852,1,1.5708
0.478811026,0.649333298,0.000000000,-0.990629792,-0.136574849,0.000000000,657,19,-1,1.5708
0.478811026,0.649333298,0.000000000,-0.999969065,-0.007869222,0.000000000,657,120,-1,1.5708
0.478811026,0.649333298,0.000000000,-0.989846110,0.142143294,0.000000000,657,18,-1,1.5708
0.478811026,0.649333298,0.000000000,-0.999996483,0.002666618,0.000000000,657,518,-1,1.5708
0.478811026,0.649333298,0.000000000,-0.999999702,-0.000788800,0.000000000,657,627,-1,1.5708
0.478811026,0.649333298,0.000000000,-0.999943972,-0.010584680,0.000000000,657,1812,-1,1.5708
0.077668533,0.760098100,0.000000000,-0.005517905,0.999984801,0.000000000,706,852,1,1.5708
0.077668533,0.760098100,0.000000000,-0.136574805,0.990629792,0.000000000,706,19,-1,1.5708
0.077668533,0.760098100,0.000000000,-0.007869178,0.999969065,0.000000000,706,120,-1,1.5708
0.077668533,0.760098100,0.000000000,0.142143339,0.989846110,-0.000000000,706,18,-1,1.5708
0.077668533,0.760098100,0.000000000,0.002666661,0.999996483,-0.000000000,706,518,-1,1.5708
0.077668533,0.760098100,0.000000000,-0.000788756,0.999999702,0.000000000,706,627,-1,1.5708
0.077668533,0.760098100,0.000000000,-0.010584637,0.999943972,0.000000000,706,1812,-1,1.5708
0.681163132,0.716285884,0.000000000,0.721202195,-0.692724705,0.000000000,718,1910,1,1.5708
0.632016122,0.759885788,0.000000000,0.721202195,-0.692724705,0.000000000,728,1910,1,1.5708
0.650892675,0.723550200,0.000000000,-0.721202135,0.692724764,0.000000000,731,1910,1,1.5708
0.698680580,0.761150420,0.000000000,0.692724645,0.721202254,-0.000000000,732,1910,1,1.5708
0.660909235,0.714953959,0.000000000,0.721202195,-0.692724705,0.000000000,735,1910,1,1.5708
0.035915557,0.672840476,0.000000000,0.999984801,0.005518036,-0.000000000,737,852,1,1.5708
0.035915557,0.672840476,0.000000000,0.990629792,0.136574760,-0.000000000,737,19,-1,1.5708
0.035915557,0.672840476,0.000000000,0.999969065,0.007869135,-0.000000000,737,120,-1,1.5708
0.035915557,0.672840476,0.000000000,0.989846110,-0.142143384,0.000000000,737,18,-1,1.5708
0.035915557,0.672840476,0.000000000,0.999996483,-0.002666705,0.000000000,737,518,-1,1.5708
0.035915557,0.672840476,0.000000000,0.999999702,0.000788712,-0.000000000,737,627,-1,1.5708
0.035915557,0.672840476,0.000000000,0.999943972,0.010584593,-0.000000000,737,1812,-1,1.5708
0.212628752,0.729469419,0.000000000,-0.999999702,-0.000788800,0.000000000,739,627,1,1.5708
0.212628752,0.729469419,0.000000000,-0.990629792,-0.136574849,0.000000000,739,19,-1,1.5708
0.212628752,0.729469419,0.000000000,-0.999969065,-0.007869222,0.000000000,739,120,-1,1.5708
0.212628752,0.729469419,0.000000000,-0.989846110,0.142143294,0.000000000,739,18,-1,1.5708
0.212628752,0.729469419,0.000000000,-0.999984801,-0.005517949,0.000000000,739,852,-1,1.5708
0.212628752,0.729469419,0.000000000,-0.999996483,0.002666618,0.000000000,739,518,-1,1.5708
0.212628752,0.729469419,0.000000000,-0.999943972,-0.010584680,0.000000000,739,1812,-1,1.5708
0.652365923,0.744634092,0.000000000,-0.522948444,0.852364361,0.000000000,743,2193,1,1.5708
0.639816344,0.750508964,0.000000000,-0.522948444,0.852364361,0.000000000,745,2193,1,1.5708
0.078587681,0.694957495,0.000000000,-0.999984801,-0.005517948,0.000000000,776,852,1,1.5708
0.078587681,0.694957495,0.000000000,-0.990629792,-0.136574849,0.000000000,776,19,-1,1.5708
0.078587681,0.694957495,0.000000000,-0.999969065,-0.007869222,0.000000000,776,120,-1,1.5708
0.078587681,0.694957495,0.000000000,-0.989846110,0.142143294,0.000000000,776,18,-1,1.5708
0.078587681,0.694957495,0.000000000,-0.999996483,0.002666618,0.000000000,776,518,-1,1.5708
0.078587681,0.694957495,0.000000000,-0.999999702,-0.000788800,0.000000000,776,627,-1,1.5708
0.078587681,0.694957495,0.000000000,-0.999943972,-0.010584680,0.000000000,776,1812,-1,1.5708
0.614751279,0.751939416,0.000000000,0.488219053,0.872721136,-0.000000000,785,2086,1,1.5708
0.734490752,0.747511089,0.000000000,0.692724645,0.721202254,-0.000000000,787,1910,1,1.5708
0.617319226,0.746379852,0.000000000,0.721202195,-0.692724705,0.000000000,795,1910,1,1.5708
0.716046989,0.743418276,0.000000000,0.692724645,0.721202254,-0.000000000,800,1910,1,1.5708
0.674433708,0.738252640,0.000000000,0.692724645,0.721202254,-0.000000000,814,1910,1,1.5708
0.683690488,0.700410247,0.000000000,-0.721202135,0.692724764,0.000000000,822,1910,1,1.5708
0.703310072,0.700867057,0.000000000,-0.721202135,0.692724764,0.000000000,832,1910,1,1.5708
0.619511247,0.727601588,0.000000000,0.721202195,-0.692724705,0.000000000,847,1910,1,1.5708
0.915935874,0.725497544,0.000000000,-0.005517905,0.999984801,0.000000000,852,852,1,1.5708
0.915935874,0.725497544,0.000000000,-0.136574805,0.990629792,0.000000000,852,19,-1,1.5708
0.915935874,0.725497544,0.000000000,-0.007869178,0.999969065,0.000000000,852,120,-1,1.5708
0.915935874,0.725497544,0.000000000,0.142143339,0.989846110,-0.000000000,852,18,-1,1.5708
0.915935874,0.725497544,0.000000000,0.002666661,0.999996483,-0.000000000,852,518,-1,1.5708
0.915935874,0.725497544,0.000000000,-0.000788756,0.999999702,0.000000000,852,627,-1,1.5708
0.915935874,0.725497544,0.000000000,-0.010584637,0.999943972,0.000000000,852,1812,-1,1.5708
0.789864779,0.724941194,0.000000000,-0.005517905,0.999984801,0.000000000,860,852,1,1.5708
0.789864779,0.724941194,0.000000000,-0.136574805,0.990629792,0.000000000,860,19,-1,1.5708
0.789864779,0.724941194,0.000000000,-0.007869178,0.999969065,0.000000000,860,120,-1,1.5708
0.789864779,0.724941194,0.000000000,0.142143339,0.989846110,-0.000000000,860,18,-1,1.5708
0.789864779,0.724941194,0.000000000,0.002666661,0.999996483,-0.000000000,860,518,-1,1.5708
0.789864779,0.724941194,0.000000000,-0.000788756,0.999999702,0.000000000,860,627,-1,1.5708
0.789864779,0.724941194,0.000000000,-0.010584637,0.999943972,0.000000000,860,1812,-1,1.5708
0.720276356,0.699040115,0.000000000,-0.721202135,0.692724764,0.000000000,878,1910,1,1.5708
0.714352906,0.721102297,0.000000000,0.692724645,0.721202254,-0.000000000,890,1910,1,1.5708
0.630115747,0.720870912,0.000000000,0.721202195,-0.692724705,0.000000000,902,1910,1,1.5708
0.692973793,0.718576968,0.000000000,0.692724645,0.721202254,-0.000000000,914,1910,1,1.5708
0.741897643,0.716117203,0.000000000,0.949638307,0.313348144,-0.000000000,916,1524,1,1.5708
0.616277993,0.706165254,0.000000000,-0.522948444,0.852364361,0.000000000,942,2193,1,1.5708
0.694776237,0.698265135,0.000000000,0.692724645,0.721202254,-0.000000000,956,1910,1,1.5708
0.730216622,0.700678587,0.000000000,0.692724645,0.721202254,-0.000000000,957,1910,1,1.5708
0.742967308,0.697774827,0.000000000,-0.005517905,0.999984801,0.000000000,959,852,1,1.5708
0.742967308,0.697774827,0.000000000,-0.136574805,0.990629792,0.000000000,959,19,-1,1.5708
0.742967308,0.697774827,0.000000000,-0.007869178,0.999969065,0.000000000,959,120,-1,1.5708
0.742967308,0.697774827,0.000000000,0.142143339,0.989846110,-0.000000000,959,18,-1,1.5708
0.742967308,0.697774827,0.000000000,0.002666661,0.999996483,-0.000000000,959,518,-1,1.5708
0.742967308,0.697774827,0.000000000,-0.000788756,0.999999702,0.000000000,959,627,-1,1.5708
0.742967308,0.697774827,0.000000000,-0.010584637,0.999943972,0.000000000,959,1812,-1,1.5708
0.104788050,0.696354508,0.000000000,-0.005517905,0.999984801,0.000000000,965,852,1,1.5708
0.104788050,0.696354508,0.000000000,-0.136574805,0.990629792,0.000000000,965,19,-1,1.5708
0.104788050,0.696354508,0.000000000,-0.007869178,0.999969065,0.000000000,965,120,-1,1.5708
0.104788050,0.696354508,0.000000000,0.142143339,0.989846110,-0.000000000,965,18,-1,1.5708
0.104788050,0.696354508,0.000000000,0.002666661,0.999996483,-0.000000000,965,518,-1,1.5708
0.104788050,0.696354508,0.000000000,-0.000788756,0.999999702,0.000000000,965,627,-1,1.5708
0.104788050,0.696354508,0.000000000,-0.010584637,0.999943972,0.000000000,965,1812,-1,1.5708
0.850344121,0.695662856,0.000000000,0.002666662,0.999996483,-0.000000000,981,518,1,1.5708
0.850344121,0.695662856,0.000000000,-0.136574805,0.990629792,0.000000000,981,19,-1,1.5708
0.850344121,0.695662856,0.000000000,-0.007869178,0.999969065,0.000000000,981,120,-1,1.5708
0.850344121,0.695662856,0.000000000,0.142143339,0.989846110,-0.000000000,981,18,-1,1.5708
0.850344121,0.695662856,0.000000000,-0.005517905,0.999984801,0.000000000,981,852,-1,1.5708
0.850344121,0.695662856,0.000000000,-0.000788756,0.999999702,0.000000000,981,627,-1,1.5708
0.850344121,0.695662856,0.000000000,-0.010584637,0.999943972,0.000000000,981,1812,-1,1.5708
0.650987387,0.695323944,0.000000000,0.692724645,0.721202254,-0.000000000,985,1910,1,1.5708
0.718266487,0.678788960,0.000000000,0.721202195,-0.692724705,0.000000000,1003,1910,1,1.5708
0.627330124,0.691741884,0.000000000,0.692724645,0.721202254,-0.000000000,1013,1910,1,1.5708
0.730794489,0.681818068,0.000000000,0.692724645,0.721202254,-0.000000000,1055,1910,1,1.5708
0.729997158,0.671514690,0.000000000,0.721202195,-0.692724705,0.000000000,1064,1910,1,1.5708
0.646804094,0.672511160,0.000000000,0.692724645,0.721202254,-0.000000000,1069,1910,1,1.5708
0.666667521,0.673328102,0.000000000,0.692724645,0.721202254,-0.000000000,1070,1910,1,1.5708
0.686153650,0.673642159,0.000000000,0.692724645,0.721202254,-0.000000000,1071,1910,1,1.5708
0.624772608,0.668140352,0.000000000,0.692724645,0.721202254,-0.000000000,1075,1910,1,1.5708
0.746499121,0.641248643,0.000000000,0.999996483,-0.002666705,0.000000000,1091,518,1,1.5708
0.746499121,0.641248643,0.000000000,0.990629792,0.136574760,-0.000000000,1091,19,-1,1.5708
0.746499121,0.641248643,0.000000000,0.999969065,0.007869135,-0.000000000,1091,120,-1,1.5708
0.746499121,0.641248643,0.000000000,0.989846110,-0.142143384,0.000000000,1091,18,-1,1.5708
0.746499121,0.641248643,0.000000000,0.999984801,0.005517861,-0.000000000,1091,852,-1,1.5708
0.746499121,0.641248643,0.000000000,0.999999702,0.000788712,-0.000000000,1091,627,-1,1.5708
0.746499121,0.641248643,0.000000000,0.999943972,0.010584593,-0.000000000,1091,1812,-1,1.5708
0.582321227,0.654493749,0.000000000,0.002666662,0.999996483,-0.000000000,1116,518,1,1.5708
0.582321227,0.654493749,0.000000000,-0.136574805,0.990629792,0.000000000,1116,19,-1,1.5708
0.582321227,0.654493749,0.000000000,-0.007869178,0.999969065,0.000000000,1116,120,-1,1.5708
0.582321227,0.654493749,0.000000000,0.142143339,0.989846110,-0.000000000,1116,18,-1,1.5708
0.582321227,0.654493749,0.000000000,-0.005517905,0.999984801,0.000000000,1116,852,-1,1.5708
0.582321227,0.654493749,0.000000000,-0.000788756,0.999999702,0.000000000,1116,627,-1,1.5708
0.582321227,0.654493749,0.000000000,-0.010584637,0.999943972,0.000000000,1116,1812,-1,1.5708
0.689750791,0.655061007,0.000000000,0.002666661,0.999996483,-0.000000000,1123,518,1,1.5708
0.689750791,0.655061007,0.000000000,-0.136574805,0.990629792,0.000000000,1123,19,-1,1.5708
0.689750791,0.655061007,0.000000000,-0.007869178,0.999969065,0.000000000,1123,120,-1,1.5708
0.689750791,0.655061007,0.000000000,0.142143339,0.989846110,-0.000000000,1123,18,-1,1.5708
0.689750791,0.655061007,0.000000000,-0.005517905,0.999984801,0.000000000,1123,852,-1,1.5708
0.689750791,0.655061007,0.000000000,-0.000788756,0.999999702,0.000000000,1123,627,-1,1.5708
0.689750791,0.655061007,0.000000000,-0.010584637,0.999943972,0.000000000,1123,1812,-1,1.5708
0.336410046,0.653549552,0.000000000,-0.005517905,0.999984801,0.000000000,1142,852,1,1.5708
0.336410046,0.653549552,0.000000000,-0.136574805,0.990629792,0.000000000,1142,19,-1,1.5708
0.336410046,0.653549552,0.000000000,-0.007869178,0.999969065,0.000000000,1142,120,-1,1.5708
0.336410046,0.653549552,0.000000000,0.142143339,0.989846110,-0.000000000,1142,18,-1,1.5708
0.336410046,0.653549552,0.000000000,0.002666661,0.999996483,-0.000000000,1142,518,-1,1.5708
0.336410046,0.653549552,0.000000000,-0.000788756,0.999999702,0.000000000,1142,627,-1,1.5708
0.336410046,0.653549552,0.000000000,-0.010584637,0.999943972,0.000000000,1142,1812,-1,1.5708
0.179259047,0.574355900,0.000000000,-0.999984801,-0.005517948,0.000000000,1193,852,1,1.5708
0.179259047,0.574355900,0.000000000,-0.990629792,-0.136574849,0.000000000,1193,19,-1,1.5708
0.179259047,0.574355900,0.000000000,-0.999969065,-0.007869222,0.000000000,1193,120,-1,1.5708
0.179259047,0.574355900,0.000000000,-0.989846110,0.142143294,0.000000000,1193,18,-1,1.5708
0.179259047,0.574355900,0.000000000,-0.999996483,0.002666618,0.000000000,1193,518,-1,1.5708
0.179259047,0.574355900,0.000000000,-0.999999702,-0.000788800,0.000000000,1193,627,-1,1.5708
0.179259047,0.574355900,0.000000000,-0.999943972,-0.010584680,0.000000000,1193,1812,-1,1.5708
0.104941733,0.635418355,0.000000000,-0.005517905,0.999984801,0.000000000,1215,852,1,1.5708
0.104941733,0.635418355,0.000000000,-0.136574805,0.990629792,0.000000000,1215,19,-1,1.5708
0.104941733,0.635418355,0.000000000,-0.007869178,0.999969065,0.000000000,1215,120,-1,1.5708
0.104941733,0.635418355,0.000000000,0.142143339,0.989846110,-0.000000000,1215,18,-1,1.5708
0.104941733,0.635418355,0.000000000,0.002666661,0.999996483,-0.000000000,1215,518,-1,1.5708
0.104941733,0.635418355,0.000000000,-0.000788756,0.999999702,0.000000000,1215,627,-1,1.5708
0.104941733,0.635418355,0.000000000,-0.010584637,0.999943972,0.000000000,1215,1812,-1,1.5708
0.851189971,0.622229278,0.000000000,-0.005517905,0.999984801,0.000000000,1231,852,1,1.5708
0.851189971,0.622229278,0.000000000,-0.136574805,0.990629792,0.000000000,1231,19,-1,1.5708
0.851189971,0.622229278,0.000000000,-0.007869178,0.999969065,0.000000000,1231,120,-1,1.5708
0.851189971,0.622229278,0.000000000,0.142143339,0.989846110,-0.000000000,1231,18,-1,1.5708
0.851189971,0.622229278,0.000000000,0.002666661,0.999996483,-0.000000000,1231,518,-1,1.5708
0.851189971,0.622229278,0.000000000,-0.000788756,0.999999702,0.000000000,1231,627,-1,1.5708
0.851189971,0.622229278,0.000000000,-0.010584637,0.999943972,0.000000000,1231,1812,-1,1.5708
0.948465705,0.622471154,0.000000000,-0.005517905,0.999984801,0.000000000,1238,852,1,1.5708
0.948465705,0.622471154,0.000000000,-0.136574805,0.990629792,0.000000000,1238,19,-1,1.5708
0.948465705,0.622471154,0.000000000,-0.007869178,0.999969065,0.000000000,1238,120,-1,1.5708
0.948465705,0.622471154,0.000000000,0.142143339,0.989846110,-0.000000000,1238,18,-1,1.5708
0.948465705,0.622471154,0.000000000,0.002666661,0.999996483,-0.000000000,1238,518,-1,1.5708
0.948465705,0.622471154,0.000000000,-0.000788756,0.999999702,0.000000000,1238,627,-1,1.5708
0.948465705,0.622471154,0.000000000,-0.010584637,0.999943972,0.000000000,1238,1812,-1,1.5708
0.758427143,0.620787561,0.000000000,0.002666661,0.999996483,-0.000000000,1243,518,1,1.5708
0.758427143,0.620787561,0.000000000,-0.136574805,0.990629792,0.000000000,1243,19,-1,1.5708
0.758427143,0.620787561,0.000000000,-0.007869178,0.999969065,0.000000000,1243,120,-1,1.5708
0.758427143,0.620787561,0.000000000,0.142143339,0.989846110,-0.000000000,1243,18,-1,1.5708
0.758427143,0.620787561,0.000000000,-0.005517905,0.999984801,0.000000000,1243,852,-1,1.5708
0.758427143,0.620787561,0.000000000,-0.000788756,0.999999702,0.000000000,1243,627,-1,1.5708
0.758427143,0.620787561,0.000000000,-0.010584637,0.999943972,0.000000000,1243,1812,-1,1.5708
0.606813192,0.567822039,0.000000000,-0.999984801,-0.005517948,0.000000000,1290,852,1,1.5708
0.606813192,0.567822039,0.000000000,-0.990629792,-0.136574849,0.000000000,1290,19,-1,1.5708
0.606813192,0.567822039,0.000000000,-0.999969065,-0.007869222,0.000000000,1290,120,-1,1.5708
0.606813192,0.567822039,0.000000000,-0.989846110,0.142143294,0.000000000,1290,18,-1,1.5708
0.606813192,0.567822039,0.000000000,-0.999996483,0.002666618,0.000000000,1290,518,-1,1.5708
0.606813192,0.567822039,0.000000000,-0.999999702,-0.000788800,0.000000000,1290,627,-1,1.5708
0.606813192,0.567822039,0.000000000,-0.999943972,-0.010584680,0.000000000,1290,1812,-1,1.5708
0.088535920,0.584545553,0.000000000,-0.005517905,0.999984801,0.000000000,1294,852,1,1.5708
0.088535920,0.584545553,0.000000000,-0.136574805,0.990629792,0.000000000,1294,19,-1,1.5708
0.088535920,0.584545553,0.000000000,-0.007869178,0.999969065,0.000000000,1294,120,-1,1.5708
0.088535920,0.584545553,0.000000000,0.142143339,0.989846110,-0.000000000,1294,18,-1,1.5708
0.088535920,0.584545553,0.000000000,0.002666661,0.999996483,-0.000000000,1294,518,-1,1.5708
0.088535920,0.584545553,0.000000000,-0.000788756,0.999999702,0.000000000,1294,627,-1,1.5708
0.088535920,0.584545553,0.000000000,-0.010584637,0.999943972,0.000000000,1294,1812,-1,1.5708
0.718713164,0.581618845,0.000000000,0.002666662,0.999996483,-0.000000000,1302,518,1,1.5708
0.718713164,0.581618845,0.000000000,-0.136574805,0.990629792,0.000000000,1302,19,-1,1.5708
0.718713164,0.581618845,0.000000000,-0.007869178,0.999969065,0.000000000,1302,120,-1,1.5708
0.718713164,0.581618845,0.000000000,0.142143339,0.989846110,-0.000000000,1302,18,-1,1.5708
0.718713164,0.581618845,0.000000000,-0.005517905,0.999984801,0.000000000,1302,852,-1,1.5708
0.718713164,0.581618845,0.000000000,-0.000788756,0.999999702,0.000000000,1302,627,-1,1.5708
0.718713164,0.581618845,0.000000000,-0.010584637,0.999943972,0.000000000,1302,1812,-1,1.5708
0.131354049,0.549573183,0.000000000,-0.999984801,-0.005517949,0.000000000,1308,852,1,1.5708
0.131354049,0.549573183,0.000000000,-0.990629792,-0.136574849,0.000000000,1308,19,-1,1.5708
0.131354049,0.549573183,0.000000000,-0.999969065,-0.007869222,0.000000000,1308,120,-1,1.5708
0.131354049,0.549573183,0.000000000,-0.989846110,0.142143294,0.000000000,1308,18,-1,1.5708
0.131354049,0.549573183,0.000000000,-0.999996483,0.002666618,0.000000000,1308,518,-1,1.5708
0.131354049,0.549573183,0.000000000,-0.999999702,-0.000788800,0.000000000,1308,627,-1,1.5708
0.131354049,0.549573183,0.000000000,-0.999943972,-0.010584680,0.000000000,1308,1812,-1,1.5708
0.049707506,0.521346211,0.000000000,-0.999984801,-0.005517949,0.000000000,1314,852,1,1.5708
0.049707506,0.521346211,0.000000000,-0.990629792,-0.136574849,0.000000000,1314,19,-1,1.5708
0.049707506,0.521346211,0.000000000,-0.999969065,-0.007869222,0.000000000,1314,120,-1,1.5708
0.049707506,0.521346211,0.000000000,-0.989846110,0.142143294,0.000000000,1314,18,-1,1.5708
0.049707506,0.521346211,0.000000000,-0.999996483,0.002666618,0.000000000,1314,518,-1,1.5708
0.049707506,0.521346211,0.000000000,-0.999999702,-0.000788800,0.000000000,1314,627,-1,1.5708
0.049707506,0.521346211,0.000000000,-0.999943972,-0.010584680,0.000000000,1314,1812,-1,1.5708
0.687853575,0.571103334,0.000000000,0.999996483,-0.002666706,0.000000000,1322,518,1,1.5708
0.687853575,0.571103334,0.000000000,0.990629792,0.136574760,-0.000000000,1322,19,-1,1.5708
0.687853575,0.571103334,0.000000000,0.999969065,0.007869135,-0.000000000,1322,120,-1,1.5708
0.687853575,0.571103334,0.000000000,0.989846110,-0.142143384,0.000000000,1322,18,-1,1.5708
0.687853575,0.571103334,0.000000000,0.999984801,0.005517861,-0.000000000,1322,852,-1,1.5708
0.687853575,0.571103334,0.000000000,0.999999702,0.000788712,-0.000000000,1322,627,-1,1.5708
0.687853575,0.571103334,0.000000000,0.999943972,0.010584593,-0.000000000,1322,1812,-1,1.5708
0.747650921,0.525626183,0.000000000,-0.999996483,0.002666618,0.000000000,1323,518,1,1.5708
0.747650921,0.525626183,0.000000000,-0.990629792,-0.136574849,0.000000000,1323,19,-1,1.5708
0.747650921,0.525626183,0.000000000,-0.999969065,-0.007869222,0.000000000,1323,120,-1,1.5708
0.747650921,0.525626183,0.000000000,-0.989846110,0.142143294,0.000000000,1323,18,-1,1.5708
0.747650921,0.525626183,0.000000000,-0.999984801,-0.005517949,0.000000000,1323,852,-1,1.5708
0.747650921,0.525626183,0.000000000,-0.999999702,-0.000788800,0.000000000,1323,627,-1,1.5708
0.747650921,0.525626183,0.000000000,-0.999943972,-0.010584680,0.000000000,1323,1812,-1,1.5708
0.543814898,0.524512649,0.000000000,-0.005517905,0.999984801,0.000000000,1369,852,1,1.5708
0.543814898,0.524512649,0.000000000,-0.136574805,0.990629792,0.000000000,1369,19,-1,1.5708
0.543814898,0.524512649,0.000000000,-0.007869178,0.999969065,0.000000000,1369,120,-1,1.5708
0.543814898,0.524512649,0.000000000,0.142143339,0.989846110,-0.000000000,1369,18,-1,1.5708
0.543814898,0.524512649,0.000000000,0.002666661,0.999996483,-0.000000000,1369,518,-1,1.5708
0.543814898,0.524512649,0.000000000,-0.000788756,0.999999702,0.000000000,1369,627,-1,1.5708
0.543814898,0.524512649,0.000000000,-0.010584637,0.999943972,0.000000000,1369,1812,-1,1.5708
0.717065692,0.524455011,0.000000000,0.002666662,0.999996483,-0.000000000,1374,518,1,1.5708
0.717065692,0.524455011,0.000000000,-0.136574805,0.990629792,0.000000000,1374,19,-1,1.5708
0.717065692,0.524455011,0.000000000,-0.007869178,0.999969065,0.000000000,1374,120,-1,1.5708
0.717065692,0.524455011,0.000000000,0.142143339,0.989846110,-0.000000000,1374,18,-1,1.5708
0.717065692,0.524455011,0.000000000,-0.005517905,0.999984801,0.000000000,1374,852,-1,1.5708
0.717065692,0.524455011,0.000000000,-0.000788756,0.999999702,0.000000000,1374,627,-1,1.5708
0.717065692,0.524455011,0.000000000,-0.010584637,0.999943972,0.000000000,1374,1812,-1,1.5708
0.519624174,0.493224591,0.000000000,-0.999984801,-0.005517949,0.000000000,1399,852,1,1.5708
0.519624174,0.493224591,0.000000000,-0.990629792,-0.136574849,0.000000000,1399,19,-1,1.5708
0.519624174,0.493224591,0.000000000,-0.999969065,-0.007869222,0.000000000,1399,120,-1,1.5708
0.519624174,0.493224591,0.000000000,-0.989846110,0.142143294,0.000000000,1399,18,-1,1.5708
0.519624174,0.493224591,0.000000000,-0.999996483,0.002666618,0.000000000,1399,518,-1,1.5708
0.519624174,0.493224591,0.000000000,-0.999999702,-0.000788800,0.000000000,1399,627,-1,1.5708
0.519624174,0.493224591,0.000000000,-0.999943972,-0.010584680,0.000000000,1399,1812,-1,1.5708
0.029606177,0.510376871,0.000000000,-0.005517905,0.999984801,0.000000000,1420,852,1,1.5708
0.029606177,0.510376871,0.000000000,-0.136574805,0.990629792,0.000000000,1420,19,-1,1.5708
0.029606177,0.510376871,0.000000000,-0.007869178,0.999969065,0.000000000,1420,120,-1,1.5708
0.029606177,0.510376871,0.000000000,0.142143339,0.989846110,-0.000000000,1420,18,-1,1.5708
0.029606177,0.510376871,0.000000000,0.002666661,0.999996483,-0.000000000,1420,518,-1,1.5708
0.029606177,0.510376871,0.000000000,-0.000788756,0.999999702,0.000000000,1420,627,-1,1.5708
0.029606177,0.510376871,0.000000000,-0.010584637,0.999943972,0.000000000,1420,1812,-1,1.5708
0.029157011,0.440451950,0.000000000,0.949638307,0.313348144,-0.000000000,1432,1524,1,1.5708
0.566732824,0.501987278,0.000000000,-0.005517992,0.999984801,0.000000000,1442,852,1,1.5708
0.566732824,0.501987278,0.000000000,-0.136574805,0.990629792,0.000000000,1442,19,-1,1.5708
0.566732824,0.501987278,0.000000000,-0.007869178,0.999969065,0.000000000,1442,120,-1,1.5708
0.566732824,0.501987278,0.000000000,0.142143339,0.989846110,-0.000000000,1442,18,-1,1.5708
0.566732824,0.501987278,0.000000000,0.002666661,0.999996483,-0.000000000,1442,518,-1,1.5708
0.566732824,0.501987278,0.000000000,-0.000788756,0.999999702,0.000000000,1442,627,-1,1.5708
0.566732824,0.501987278,0.000000000,-0.010584637,0.999943972,0.000000000,1442,1812,-1,1.5708
0.310884207,0.500005543,0.000000000,-0.005517905,0.999984801,0.000000000,1446,852,1,1.5708
0.310884207,0.500005543,0.000000000,-0.136574805,0.990629792,0.000000000,1446,19,-1,1.5708
0.310884207,0.500005543,0.000000000,-0.007869178,0.999969065,0.000000000,1446,120,-1,1.5708
0.310884207,0.500005543,0.000000000,0.142143339,0.989846110,-0.000000000,1446,18,-1,1.5708
0.310884207,0.500005543,0.000000000,0.002666661,0.999996483,-0.000000000,1446,518,-1,1.5708
0.310884207,0.500005543,0.000000000,-0.000788756,0.999999702,0.000000000,1446,627,-1,1.5708
0.310884207,0.500005543,0.000000000,-0.010584637,0.999943972,0.000000000,1446,1812,-1,1.5708
0.607882917,0.486373544,0.000000000,0.999984801,0.005517861,-0.000000000,1450,852,1,1.5708
0.607882917,0.486373544,0.000000000,0.990629792,0.136574760,-0.000000000,1450,19,-1,1.5708
0.607882917,0.486373544,0.000000000,0.999969065,0.007869135,-0.000000000,1450,120,-1,1.5708
0.607882917,0.486373544,0.000000000,0.989846110,-0.142143384,0.000000000,1450,18,-1,1.5708
0.607882917,0.486373544,0.000000000,0.999996483,-0.002666705,0.000000000,1450,518,-1,1.5708
0.607882917,0.486373544,0.000000000,0.999999702,0.000788712,-0.000000000,1450,627,-1,1.5708
0.607882917,0.486373544,0.000000000,0.999943972,0.010584593,-0.000000000,1450,1812,-1,1.5708
0.435273677,0.481554151,0.000000000,0.999984801,0.005517861,-0.000000000,1453,852,1,1.5708
0.435273677,0.481554151,0.000000000,0.990629792,0.136574760,-0.000000000,1453,19,-1,1.5708
0.435273677,0.481554151,0.000000000,0.999969065,0.007869135,-0.000000000,1453,120,-1,1.5708
0.435273677,0.481554151,0.000000000,0.989846110,-0.142143384,0.000000000,1453,18,-1,1.5708
0.435273677,0.481554151,0.000000000,0.999996483,-0.002666705,0.000000000,1453,518,-1,1.5708
0.435273677,0.481554151,0.000000000,0.999999702,0.000788712,-0.000000000,1453,627,-1,1.5708
0.435273677,0.481554151,0.000000000,0.999943972,0.010584593,-0.000000000,1453,1812,-1,1.5708
0.025101010,0.493551821,0.000000000,-0.721202135,0.692724764,0.000000000,1463,1910,1,1.5708
0.561764419,0.482920766,0.000000000,-0.999984801,-0.005517949,0.000000000,1478,852,1,1.5708
0.561764419,0.482920766,0.000000000,-0.990629792,-0.136574849,0.000000000,1478,19,-1,1.5708
0.561764419,0.482920766,0.000000000,-0.999969065,-0.007869222,0.000000000,1478,120,-1,1.5708
0.561764419,0.482920766,0.000000000,-0.989846110,0.142143294,0.000000000,1478,18,-1,1.5708
0.561764419,0.482920766,0.000000000,-0.999996483,0.002666618,0.000000000,1478,518,-1,1.5708
0.561764419,0.482920766,0.000000000,-0.999999702,-0.000788800,0.000000000,1478,627,-1,1.5708
0.561764419,0.482920766,0.000000000,-0.999943972,-0.010584680,0.000000000,1478,1812,-1,1.5708
0.034831889,0.494092196,0.000000000,0.692724645,0.721202254,-0.000000000,1480,1910,1,1.5708
0.098559044,0.478379041,0.000000000,-0.313348174,0.949638307,0.000000000,1481,1524,1,1.5708
0.216239184,0.480498254,0.000000000,0.999984801,0.005517861,-0.000000000,1500,852,1,1.5708
0.216239184,0.480498254,0.000000000,0.990629792,0.136574760,-0.000000000,1500,19,-1,1.5708
0.216239184,0.480498254,0.000000000,0.999969065,0.007869135,-0.000000000,1500,120,-1,1.5708
0.216239184,0.480498254,0.000000000,0.989846110,-0.142143384,0.000000000,1500,18,-1,1.5708
0.216239184,0.480498254,0.000000000,0.999996483,-0.002666705,0.000000000,1500,518,-1,1.5708
0.216239184,0.480498254,0.000000000,0.999999702,0.000788712,-0.000000000,1500,627,-1,1.5708
0.216239184,0.480498254,0.000000000,0.999943972,0.010584593,-0.000000000,1500,1812,-1,1.5708
0.185743645,0.482328415,0.000000000,0.852364361,0.522948384,-0.000000000,1516,2193,1,1.5708
0.034135934,0.483839452,0.000000000,0.721202195,-0.692724705,0.000000000,1529,1910,1,1.5708
0.689600587,0.474949837,0.000000000,-0.999996483,0.002666618,0.000000000,1549,518,1,1.5708
0.689600587,0.474949837,0.000000000,-0.990629792,-0.136574849,0.000000000,1549,19,-1,1.5708
0.689600587,0.474949837,0.000000000,-0.999969065,-0.007869222,0.000000000,1549,120,-1,1.5708
0.689600587,0.474949837,0.000000000,-0.989846110,0.142143294,0.000000000,1549,18,-1,1.5708
0.689600587,0.474949837,0.000000000,-0.999984801,-0.005517949,0.000000000,1549,852,-1,1.5708
0.689600587,0.474949837,0.000000000,-0.999999702,-0.000788800,0.000000000,1549,627,-1,1.5708
0.689600587,0.474949837,0.000000000,-0.999943972,-0.010584680,0.000000000,1549,1812,-1,1.5708
0.037949048,0.468539476,0.000000000,0.721202195,-0.692724705,0.000000000,1552,1910,1,1.5708
0.033979360,0.474547207,0.000000000,0.692724645,0.721202254,-0.000000000,1555,1910,1,1.5708
0.203140184,0.468295872,0.000000000,-0.005517905,0.999984801,0.000000000,1557,852,1,1.5708
0.203140184,0.468295872,0.000000000,-0.136574805,0.990629792,0.000000000,1557,19,-1,1.5708
0.203140184,0.468295872,0.000000000,-0.007869178,0.999969065,0.000000000,1557,120,-1,1.5708
0.203140184,0.468295872,0.000000000,0.142143339,0.989846110,-0.000000000,1557,18,-1,1.5708
0.203140184,0.468295872,0.000000000,0.002666661,0.999996483,-0.000000000,1557,518,-1,1.5708
0.203140184,0.468295872,0.000000000,-0.000788756,0.999999702,0.000000000,1557,627,-1,1.5708
0.203140184,0.468295872,0.000000000,-0.010584637,0.999943972,0.000000000,1557,1812,-1,1.5708
0.105262548,0.422046721,0.000000000,0.692724645,0.721202254,-0.000000000,1583,1910,1,1.5708
0.743196547,0.465727508,0.000000000,0.002666662,0.999996483,-0.000000000,1603,518,1,1.5708
0.743196547,0.465727508,0.000000000,-0.136574805,0.990629792,0.000000000,1603,19,-1,1.5708
0.743196547,0.465727508,0.000000000,-0.007869178,0.999969065,0.000000000,1603,120,-1,1.5708
0.743196547,0.465727508,0.000000000,0.142143339,0.989846110,-0.000000000,1603,18,-1,1.5708
0.743196547,0.465727508,0.000000000,-0.005517905,0.999984801,0.000000000,1603,852,-1,1.5708
0.743196547,0.465727508,0.000000000,-0.000788756,0.999999702,0.000000000,1603,627,-1,1.5708
0.743196547,0.465727508,0.000000000,-0.010584637,0.999943972,0.000000000,1603,1812,-1,1.5708
0.527597249,0.464507401,0.000000000,-0.005517905,0.999984801,0.000000000,1612,852,1,1.5708
0.527597249,0.464507401,0.000000000,-0.136574805,0.990629792,0.000000000,1612,19,-1,1.5708
0.527597249,0.464507401,0.000000000,-0.007869178,0.999969065,0.000000000,1612,120,-1,1.5708
0.527597249,0.464507401,0.000000000,0.142143339,0.989846110,-0.000000000,1612,18,-1,1.5708
0.527597249,0.464507401,0.000000000,0.002666661,0.999996483,-0.000000000,1612,518,-1,1.5708
0.527597249,0.464507401,0.000000000,-0.000788756,0.999999702,0.000000000,1612,627,-1,1.5708
0.527597249,0.464507401,0.000000000,-0.010584637,0.999943972,0.000000000,1612,1812,-1,1.5708
0.929545522,0.463667661,0.000000000,-0.005517905,0.999984801,0.000000000,1645,852,1,1.5708
0.929545522,0.463667661,0.000000000,-0.136574805,0.990629792,0.000000000,1645,19,-1,1.5708
0.929545522,0.463667661,0.000000000,-0.007869178,0.999969065,0.000000000,1645,120,-1,1.5708
0.929545522,0.463667661,0.000000000,0.142143339,0.989846110,-0.000000000,1645,18,-1,1.5708
0.929545522,0.463667661,0.000000000,0.002666661,0.999996483,-0.000000000,1645,518,-1,1.5708
0.929545522,0.463667661,0.000000000,-0.000788756,0.999999702,0.000000000,1645,627,-1,1.5708
0.929545522,0.463667661,0.000000000,-0.010584637,0.999943972,0.000000000,1645,1812,-1,1.5708
0.041499831,0.453556895,0.000000000,-0.522948444,0.852364361,0.000000000,1666,2193,1,1.5708
0.917158604,0.437814981,0.000000000,0.999984801,0.005517861,-0.000000000,1684,852,1,1.5708
0.917158604,0.437814981,0.000000000,0.990629792,0.136574760,-0.000000000,1684,19,-1,1.5708
0.917158604,0.437814981,0.000000000,0.999969065,0.007869135,-0.000000000,1684,120,-1,1.5708
0.917158604,0.437814981,0.000000000,0.989846110,-0.142143384,0.000000000,1684,18,-1,1.5708
0.917158604,0.437814981,0.000000000,0.999996483,-0.002666705,0.000000000,1684,518,-1,1.5708
0.917158604,0.437814981,0.000000000,0.999999702,0.000788712,-0.000000000,1684,627,-1,1.5708
0.917158604,0.437814981,0.000000000,0.999943972,0.010584593,-0.000000000,1684,1812,-1,1.5708
0.047566358,0.440634280,0.000000000,0.721202195,-0.692724705,0.000000000,1701,1910,1,1.5708
0.054464098,0.428883672,0.000000000,0.721202195,-0.692724705,0.000000000,1717,1910,1,1.5708
0.071246363,0.437216759,0.000000000,0.692724645,0.721202254,-0.000000000,1720,1910,1,1.5708
0.122031666,0.435520321,0.000000000,0.244508386,0.969647169,-0.000000000,1726,1863,1,1.5708
0.122031666,0.435520321,0.000000000,0.142143339,0.989846110,-0.000000000,1726,18,-1,1.5708
0.049324699,0.432691991,0.000000000,0.692724645,0.721202254,-0.000000000,1727,1910,1,1.5708
0.069273442,0.425067633,0.000000000,0.721202195,-0.692724705,0.000000000,1738,1910,1,1.5708
0.073117778,0.408839822,0.000000000,0.721202195,-0.692724705,0.000000000,1748,1910,1,1.5708
0.090428099,0.417986006,0.000000000,0.692724645,0.721202254,-0.000000000,1760,1910,1,1.5708
0.892863393,0.405727059,0.000000000,-0.313348174,0.949638307,0.000000000,1773,1524,1,1.5708
0.052003972,0.406925201,0.000000000,0.692724645,0.721202254,-0.000000000,1774,1910,1,1.5708
0.314024687,0.378910542,0.000000000,0.244508386,0.969647169,-0.000000000,1778,1863,1,1.5708
0.314024687,0.378910542,0.000000000,0.142143339,0.989846110,-0.000000000,1778,18,-1,1.5708
0.093371153,0.405773163,0.000000000,0.999969065,0.007869135,-0.000000000,1786,120,1,1.5708
0.093371153,0.405773163,0.000000000,0.990629792,0.136574760,-0.000000000,1786,19,-1,1.5708
0.093371153,0.405773163,0.000000000,0.999984801,0.005517861,-0.000000000,1786,852,-1,1.5708
0.093371153,0.405773163,0.000000000,0.999996483,-0.002666705,0.000000000,1786,518,-1,1.5708
0.093371153,0.405773163,0.000000000,0.999999702,0.000788712,-0.000000000,1786,627,-1,1.5708
0.093371153,0.405773163,0.000000000,0.999943972,0.010584593,-0.000000000,1786,1812,-1,1.5708
0.217189699,0.351923376,0.000000000,-0.999943972,-0.010584680,0.000000000,1788,1812,1,1.5708
0.217189699,0.351923376,0.000000000,-0.990629792,-0.136574849,0.000000000,1788,19,-1,1.5708
0.217189699,0.351923376,0.000000000,-0.999969065,-0.007869222,0.000000000,1788,120,-1,1.5708
0.217189699,0.351923376,0.000000000,-0.999984801,-0.005517949,0.000000000,1788,852,-1,1.5708
0.217189699,0.351923376,0.000000000,-0.999996483,0.002666618,0.000000000,1788,518,-1,1.5708
0.217189699,0.351923376,0.000000000,-0.999999702,-0.000788800,0.000000000,1788,627,-1,1.5708
0.531302333,0.371520162,0.000000000,0.244508311,0.969647229,-0.000000000,1795,1863,1,1.5708
0.531302333,0.371520162,0.000000000,0.142143339,0.989846110,-0.000000000,1795,18,-1,1.5708
0.092620149,0.402148485,0.000000000,-0.007869178,0.999969065,0.000000000,1798,120,1,1.5708
0.092620149,0.402148485,0.000000000,-0.136574805,0.990629792,0.000000000,1798,19,-1,1.5708
0.092620149,0.402148485,0.000000000,-0.005517905,0.999984801,0.000000000,1798,852,-1,1.5708
0.092620149,0.402148485,0.000000000,0.002666661,0.999996483,-0.000000000,1798,518,-1,1.5708
0.092620149,0.402148485,0.000000000,-0.000788756,0.999999702,0.000000000,1798,627,-1,1.5708
0.092620149,0.402148485,0.000000000,-0.010584637,0.999943972,0.000000000,1798,1812,-1,1.5708
0.701070905,0.384527653,0.000000000,0.244508386,0.969647169,-0.000000000,1803,1863,1,1.5708
0.701070905,0.384527653,0.000000000,0.142143339,0.989846110,-0.000000000,1803,18,-1,1.5708
0.049113911,0.395405143,0.000000000,0.692724645,0.721202254,-0.000000000,1804,1910,1,1.5708
0.821347296,0.397354305,0.000000000,-0.007869178,0.999969065,0.000000000,1812,120,1,1.5708
0.821347296,0.397354305,0.000000000,-0.136574805,0.990629792,0.000000000,1812,19,-1,1.5708
0.821347296,0.397354305,0.000000000,-0.005517905,0.999984801,0.000000000,1812,852,-1,1.5708
0.821347296,0.397354305,0.000000000,0.002666661,0.999996483,-0.000000000,1812,518,-1,1.5708
0.821347296,0.397354305,0.000000000,-0.000788756,0.999999702,0.000000000,1812,627,-1,1.5708
0.821347296,0.397354305,0.000000000,-0.010584637,0.999943972,0.000000000,1812,1812,-1,1.5708
0.648667037,0.370013684,0.000000000,0.969647169,-0.244508430,0.000000000,1833,1863,1,1.5708
0.648667037,0.370013684,0.000000000,0.989846110,-0.142143384,0.000000000,1833,18,-1,1.5708
0.070515551,0.391213804,0.000000000,0.692724645,0.721202254,-0.000000000,1838,1910,1,1.5708
0.756694555,0.381302267,0.000000000,0.872721136,-0.488219082,0.000000000,1839,2086,1,1.5708
0.116342850,0.392210424,0.000000000,0.692724645,0.721202254,-0.000000000,1842,1910,1,1.5708
0.091536276,0.371568203,0.000000000,0.721202195,-0.692724705,0.000000000,1851,1910,1,1.5708
0.089097045,0.387685597,0.000000000,0.721202195,-0.692724705,0.000000000,1853,1910,1,1.5708
0.453067243,0.327112764,0.000000000,0.969647169,-0.244508341,0.000000000,1863,1863,1,1.5708
0.453067243,0.327112764,0.000000000,0.989846110,-0.142143384,0.000000000,1863,18,-1,1.5708
0.058093324,0.380809903,0.000000000,-0.522948444,0.852364361,0.000000000,1872,2193,1,1.5708
0.127346367,0.380912781,0.000000000,0.692724645,0.721202254,-0.000000000,1874,1910,1,1.5708
0.055353202,0.379806757,0.000000000,-0.522948444,0.852364361,0.000000000,1879,2193,1,1.5708
0.105526730,0.365582138,0.000000000,-0.721202135,0.692724764,0.000000000,1880,1910,1,1.5708
0.085331172,0.376866102,0.000000000,0.692724645,0.721202254,-0.000000000,1884,1910,1,1.5708
0.142636016,0.369309396,0.000000000,0.969647169,-0.244508430,0.000000000,1885,1863,1,1.5708
0.142636016,0.369309396,0.000000000,0.989846110,-0.142143384,0.000000000,1885,18,-1,1.5708
0.068749636,0.369972020,0.000000000,0.721202195,-0.692724705,0.000000000,1901,1910,1,1.5708
0.124461569,0.366515487,0.000000000,0.721202195,-0.692724705,0.000000000,1902,1910,1,1.5708
0.080797188,0.345156819,0.000000000,0.692724645,0.721202254,-0.000000000,1910,1910,1,1.5708
0.105381854,0.358273566,0.000000000,0.692724645,0.721202254,-0.000000000,1926,1910,1,1.5708
0.124102443,0.357717127,0.000000000,0.692724645,0.721202254,-0.000000000,1929,1910,1,1.5708
0.153620213,0.341227502,0.000000000,0.692724645,0.721202254,-0.000000000,1930,1910,1,1.5708
0.271739155,0.338037252,0.000000000,-0.522948444,0.852364361,0.000000000,1932,2193,1,1.5708
0.312056571,0.338858098,0.000000000,0.852364361,0.522948384,-0.000000000,1942,2193,1,1.5708
0.117801517,0.340616494,0.000000000,0.721202195,-0.692724705,0.000000000,1960,1910,1,1.5708
0.408141673,0.324870229,0.000000000,0.969647169,-0.244508430,0.000000000,1962,1863,1,1.5708
0.408141673,0.324870229,0.000000000,0.989846110,-0.142143384,0.000000000,1962,18,-1,1.5708
0.102517307,0.343824506,0.000000000,0.721202195,-0.692724705,0.000000000,1975,1910,1,1.5708
0.129273877,0.334267229,0.000000000,0.721202195,-0.692724705,0.000000000,1988,1910,1,1.5708
0.293378443,0.301559001,0.000000000,-0.522948444,0.852364361,0.000000000,1990,2193,1,1.5708
0.370607674,0.313382715,0.000000000,0.852364361,0.522948384,-0.000000000,2003,2193,1,1.5708
0.142289340,0.328179628,0.000000000,0.721202195,-0.692724705,0.000000000,2013,1910,1,1.5708
0.193130285,0.327139825,0.000000000,-0.010584637,0.999943972,0.000000000,2031,1812,1,1.5708
0.193130285,0.327139825,0.000000000,-0.136574805,0.990629792,0.000000000,2031,19,-1,1.5708
0.193130285,0.327139825,0.000000000,-0.007869178,0.999969065,0.000000000,2031,120,-1,1.5708
0.193130285,0.327139825,0.000000000,-0.005517905,0.999984801,0.000000000,2031,852,-1,1.5708
0.193130285,0.327139825,0.000000000,0.002666661,0.999996483,-0.000000000,2031,518,-1,1.5708
0.193130285,0.327139825,0.000000000,-0.000788756,0.999999702,0.000000000,2031,627,-1,1.5708
0.281592995,0.318346798,0.000000000,0.852364361,0.522948384,-0.000000000,2038,2193,1,1.5708
0.151360735,0.318181455,0.000000000,-0.522948444,0.852364361,0.000000000,2072,2193,1,1.5708
0.130773112,0.306181282,0.000000000,0.488219053,0.872721136,-0.000000000,2086,2086,1,1.5708
0.178631127,0.307558894,0.000000000,0.721202195,-0.692724705,0.000000000,2094,1910,1,1.5708
0.250508517,0.300453037,0.000000000,0.852364361,0.522948384,-0.000000000,2101,2193,1,1.5708
0.160029724,0.307974875,0.000000000,0.721202195,-0.692724705,0.000000000,2104,1910,1,1.5708
0.194773346,0.304771900,0.000000000,-0.721202135,0.692724764,0.000000000,2105,1910,1,1.5708
0.207435623,0.301894635,0.000000000,0.692724645,0.721202254,-0.000000000,2112,1910,1,1.5708
0.180855602,0.300338984,0.000000000,0.692724645,0.721202254,-0.000000000,2128,1910,1,1.5708
0.160882235,0.299522042,0.000000000,0.692724645,0.721202254,-0.000000000,2131,1910,1,1.5708
0.202827200,0.293911636,0.000000000,0.721202195,-0.692724705,0.000000000,2143,1910,1,1.5708
0.393811941,0.292649180,0.000000000,-0.522948444,0.852364361,0.000000000,2144,2193,1,1.5708
0.187917203,0.284807950,0.000000000,0.244508386,0.969647169,-0.000000000,2154,1863,1,1.5708
0.187917203,0.284807950,0.000000000,0.142143339,0.989846110,-0.000000000,2154,18,-1,1.5708
0.423390031,0.259617835,0.000000000,-0.522948444,0.852364361,0.000000000,2185,2193,1,1.5708
0.308271408,0.131839916,0.000000000,0.852364361,0.522948384,-0.000000000,2191,2193,1,1.5708
0.458129406,0.167379275,0.000000000,0.852364361,0.522948384,-0.000000000,2198,2193,1,1.5708
0.448975921,0.044281926,0.000000000,-0.522948444,0.852364361,0.000000000,2202,2193,1,1.5708
