0.435836166,0.149701014,0.354418576,0.006616569,-0.999976575,-0.001773940,8,145034,1,-1
0.435831845,0.149390161,0.355779380,0.006616569,-0.999976575,-0.001773940,8,145034,1,-1
0.435658187,0.149948210,0.377686352,0.999959469,0.008980345,0.000663301,8,145150,1,-1
0.435658187,0.149948210,0.377686352,0.999959469,0.008980345,0.000663301,8,145150,1,-1
0.435637742,0.149852768,0.378528476,0.999959469,0.008980345,0.000663301,8,145150,1,-1
0.435637742,0.149852768,0.378528476,0.999959469,0.008980345,0.000663301,8,145150,1,-1
0.435606211,0.149723798,0.378253579,0.999959469,0.008980345,0.000663301,8,145150,1,-1
0.435606211,0.149723798,0.378253579,0.999959469,0.008980345,0.000663301,8,145150,1,-1
0.437632859,0.073447533,0.458548665,0.007661393,-0.001703539,0.999969184,37,145150,1,-1
0.440745354,0.087243631,0.491367579,0.999959469,0.008980345,0.000663301,478,145150,1,-1
0.435840786,0.090112872,0.477551430,0.006616569,-0.999976575,-0.001773940,512,145034,1,-1
0.431594402,0.099750668,0.461046904,0.999959469,0.008980345,0.000663301,689,145150,1,-1
0.440858603,0.132895663,0.452848017,0.007661393,-0.001703539,0.999969184,738,145150,1,-1
0.447582155,0.182089671,0.456961960,0.007661393,-0.001703539,0.999969184,812,145150,1,-1
0.456388265,0.156680882,0.461246222,0.999959469,0.008980345,0.000663301,843,145150,1,-1
0.448228657,0.177870810,0.491933912,0.241461575,-0.970239162,0.018228790,956,956,2,-1
0.456305593,0.187866226,0.463110000,0.007661393,-0.001703539,0.999969184,969,145150,1,-1
0.454324245,0.198556244,0.478734881,0.999959469,0.008980345,0.000663301,1034,145150,1,-1
0.452737689,0.199539736,0.459211498,0.006616569,-0.999976575,-0.001773940,1058,145034,1,-1
0.454935998,0.207417399,0.488628507,0.006616569,-0.999976575,-0.001773940,1102,145034,1,-1
0.456123114,0.224829465,0.461331725,0.999959469,0.008980345,0.000663301,1115,145150,1,-1
0.445409715,0.246985272,0.460883915,0.006616569,-0.999976575,-0.001773940,1264,145034,1,-1
0.439317286,0.070108458,0.585497916,0.007661393,-0.001703539,0.999969184,1328,145150,1,-1
0.436316252,0.054705270,0.572395742,0.006616569,-0.999976575,-0.001773940,1345,145034,1,-1
0.437935382,0.080799006,0.550205112,0.007661393,-0.001703539,0.999969184,1450,145150,1,-1
0.435895979,0.089940876,0.569483042,0.006616569,-0.999976575,-0.001773940,1572,145034,1,-1
0.446950942,0.183555886,0.548473179,0.007661393,-0.001703539,0.999969184,1800,145150,1,-1
0.456705868,0.183723465,0.552239478,0.999959469,0.008980345,0.000663301,1823,145150,1,-1
0.447313726,0.199566677,0.551208496,0.006616569,-0.999976575,-0.001773940,2047,145034,1,-1
0.452063203,0.207354948,0.582962096,0.006616569,-0.999976575,-0.001773940,2094,145034,1,-1
0.445762426,0.246685639,0.552719951,0.006616569,-0.999976575,-0.001773940,2173,145034,1,-1
0.437453032,0.067479156,0.677550673,0.007661393,-0.001703539,0.999969184,2215,145150,1,-1
0.433938265,0.063999027,0.668150961,0.006616569,-0.999976575,-0.001773940,2259,145034,1,-1
0.434783757,0.084601954,0.641983271,0.007661393,-0.001703539,0.999969184,2370,145150,1,-1
0.435628116,0.089993462,0.655089617,0.006616569,-0.999976575,-0.001773940,2394,145034,1,-1
0.431709647,0.096901067,0.653057218,0.999959469,0.008980345,0.000663301,2455,145150,1,-1
0.445830494,0.169759721,0.640322030,0.007661393,-0.001703539,0.999969184,2565,145150,1,-1
0.456467897,0.179871336,0.641441703,0.999959469,0.008980345,0.000663301,2610,145150,1,-1
0.446009815,0.199236572,0.643012404,0.006616569,-0.999976575,-0.001773940,2639,145034,1,-1
0.444290847,0.224065050,0.640076995,0.007661393,-0.001703539,0.999969184,2660,145150,1,-1
0.452637225,0.207349077,0.674170613,0.006616569,-0.999976575,-0.001773940,2667,145034,1,-1
0.456358135,0.220105782,0.645571232,0.999959469,0.008980345,0.000663301,2674,145150,1,-1
0.428328663,0.240318611,0.676188171,0.007661393,-0.001703539,0.999969184,2727,145150,1,-1
0.449145257,0.068674237,0.364447981,0.006616569,-0.999976575,-0.001773940,2875,145034,1,-1
0.437258214,0.089699537,0.390448272,0.006616569,-0.999976575,-0.001773940,2981,145034,1,-1
0.440123558,0.080772460,0.356782734,0.007661393,-0.001703539,0.999969184,3033,145150,1,-1
0.430816889,0.099657662,0.386570871,0.999959469,0.008980345,0.000663301,3084,145150,1,-1
0.454488993,0.102843791,0.364106089,0.007661393,-0.001703539,0.999969184,3108,145150,1,-1
0.454488993,0.102843791,0.364106089,0.007661393,-0.001703539,0.999969184,3108,145150,1,-1
0.448930025,0.184228852,0.366036892,0.007661393,-0.001703539,0.999969184,3314,145150,1,-1
0.456218839,0.148371860,0.380164593,0.006616569,-0.999976575,-0.001773940,3347,145034,1,-1
0.453326881,0.207523182,0.398098797,0.006616569,-0.999976575,-0.001773940,3600,145034,1,-1
0.439738899,0.246609658,0.368534237,0.006616569,-0.999976575,-0.001773940,3929,145034,1,-1
0.436698943,0.089845777,0.302195936,0.006616569,-0.999976575,-0.001773940,4135,145034,1,-1
0.447083265,0.110792696,0.322814792,0.006616569,-0.999976575,-0.001773940,4271,145034,1,-1
0.442292690,0.131263688,0.270676702,0.999959469,0.008980345,0.000663301,4294,145150,1,-1
0.441118717,0.133290246,0.315824330,0.999959469,0.008980345,0.000663301,4304,145150,1,-1
0.460387737,0.169962183,0.276414126,0.999959469,0.008980345,0.000663301,4408,145150,1,-1
0.446632624,0.200245097,0.273624271,0.007661393,-0.001703539,0.999969184,4418,145150,1,-1
0.457013190,0.199366704,0.279788285,0.006616569,-0.999976575,-0.001773940,4747,145034,1,-1
0.450878888,0.207884416,0.308079004,0.006616569,-0.999976575,-0.001773940,4817,145034,1,-1
0.457355917,0.228676289,0.277933180,0.007661393,-0.001703539,0.999969184,4837,145150,1,-1
0.429549515,0.235295519,0.305608302,0.999959469,0.008980345,0.000663301,5024,145150,1,-1
0.456427693,0.244054914,0.276870996,0.999959469,0.008980345,0.000663301,5096,145150,1,-1
0.450832665,0.247250751,0.277366340,0.006616569,-0.999976575,-0.001773940,5178,145034,1,-1
0.436811060,0.067180261,0.769179642,0.007661393,-0.001703539,0.999969184,5239,145150,1,-1
0.445278794,0.171741635,0.731690526,0.007661393,-0.001703539,0.999969184,5422,145150,1,-1
0.448849231,0.198868588,0.736696362,0.006616569,-0.999976575,-0.001773940,5504,145034,1,-1
0.456240743,0.224959537,0.736565530,0.999959469,0.008980345,0.000663301,5528,145150,1,-1
0.446622223,0.223963633,0.731756628,0.007661393,-0.001703539,0.999969184,5530,145150,1,-1
0.452420950,0.206863120,0.767613292,0.006616569,-0.999976575,-0.001773940,5536,145034,1,-1
0.435074031,0.054111283,0.212992400,0.006616569,-0.999976575,-0.001773940,5634,145034,1,-1
0.434176773,0.089884482,0.205377460,0.006616569,-0.999976575,-0.001773940,5764,145034,1,-1
0.432072192,0.096781537,0.200179130,0.006616569,-0.999976575,-0.001773940,5779,145034,1,-1
0.444484830,0.208219722,0.181620866,0.007661393,-0.001703539,0.999969184,5890,145150,1,-1
0.459359795,0.211846590,0.190636873,0.999959469,0.008980345,0.000663301,5931,145150,1,-1
0.450698733,0.207074165,0.214367718,0.006616569,-0.999976575,-0.001773940,6212,145034,1,-1
0.445238739,0.224553749,0.213909119,0.999959469,0.008980345,0.000663301,6350,145150,1,-1
0.428739280,0.227590904,0.213189781,0.999959469,0.008980345,0.000663301,6426,145150,1,-1
0.442351729,0.237480551,0.210378081,0.007661393,-0.001703539,0.999969184,6517,145150,1,-1
0.446476310,0.241492093,0.206736624,0.006616569,-0.999976575,-0.001773940,6611,145034,1,-1
0.449014217,0.247149810,0.185326979,0.006616569,-0.999976575,-0.001773940,6717,145034,1,-1
0.439806163,0.257447332,0.208161145,0.007661393,-0.001703539,0.999969184,6812,145150,1,-1
0.448319584,0.085418776,0.503771663,0.007661393,-0.001703539,0.999969184,6835,145150,1,-1
0.456345886,0.084753476,0.506305456,0.999959469,0.008980345,0.000663301,6857,145150,1,-1
0.451118976,0.110960931,0.506313562,0.006616569,-0.999976575,-0.001773940,7075,145034,1,-1
0.434545487,0.130156755,0.534390450,0.006616569,-0.999976575,-0.001773940,7158,145034,1,-1
0.450042278,0.274963528,0.502105713,0.007661393,-0.001703539,0.999969184,7476,145150,1,-1
0.456140250,0.286521375,0.506505907,0.007661393,-0.001703539,0.999969184,7486,145150,1,-1
0.448700368,0.086528860,0.686175287,0.007661393,-0.001703539,0.999969184,7505,145150,1,-1
0.457064390,0.102648847,0.691629171,0.007661393,-0.001703539,0.999969184,7635,145150,1,-1
0.452811360,0.111141764,0.689642012,0.006616569,-0.999976575,-0.001773940,7681,145034,1,-1
0.446712136,0.274356902,0.685493350,0.007661393,-0.001703539,0.999969184,7851,145150,1,-1
0.448632568,0.087006554,0.594985187,0.007661393,-0.001703539,0.999969184,7874,145150,1,-1
0.437049270,0.089367993,0.632805705,0.006616569,-0.999976575,-0.001773940,7952,145034,1,-1
0.450946987,0.111128852,0.598692119,0.006616569,-0.999976575,-0.001773940,8043,145034,1,-1
0.433446765,0.164119035,0.631252766,0.007661393,-0.001703539,0.999969184,8176,145150,1,-1
0.453171879,0.278077960,0.595138669,0.007661393,-0.001703539,0.999969184,8319,145150,1,-1
0.453171879,0.278077960,0.595138669,0.007661393,-0.001703539,0.999969184,8319,145150,1,-1
0.447268486,0.090270504,0.411212683,0.007661393,-0.001703539,0.999969184,8339,145150,1,-1
0.435670793,0.085672379,0.448709726,0.007661393,-0.001703539,0.999969184,8411,145150,1,-1
0.446783870,0.111236751,0.414589375,0.006616569,-0.999976575,-0.001773940,8596,145034,1,-1
0.456110746,0.110251911,0.432270676,0.006616569,-0.999976575,-0.001773940,8618,145034,1,-1
0.433461994,0.135121793,0.421225458,0.006616569,-0.999976575,-0.001773940,8766,145034,1,-1
0.451572865,0.275709361,0.410873502,0.007661393,-0.001703539,0.999969184,9464,145150,1,-1
0.456236362,0.280008227,0.415257424,0.999959469,0.008980345,0.000663301,9474,145150,1,-1
0.444837987,0.093639806,0.319987059,0.007661393,-0.001703539,0.999969184,9501,145150,1,-1
0.460868120,0.104605876,0.322265953,0.999959469,0.008980345,0.000663301,9678,145150,1,-1
0.446281821,0.102735370,0.344841629,0.006616569,-0.999976575,-0.001773940,9696,145034,1,-1
0.434203237,0.123861514,0.344339818,0.006616569,-0.999976575,-0.001773940,9839,145034,1,-1
0.434032410,0.130484834,0.346858114,0.006616569,-0.999976575,-0.001773940,9877,145034,1,-1
0.438864201,0.157308817,0.348132163,0.006616569,-0.999976575,-0.001773940,10251,145034,1,-1
0.437286973,0.179144159,0.347915769,0.006616569,-0.999976575,-0.001773940,10573,145034,1,-1
0.456506044,0.274203867,0.324357152,0.007661393,-0.001703539,0.999969184,11151,145150,1,-1
0.452286750,0.278662354,0.319354653,0.999959469,0.008980345,0.000663301,11155,145150,1,-1
0.449997187,0.083814651,0.778083563,0.007661393,-0.001703539,0.999969184,11169,145150,1,-1
0.447854429,0.110900931,0.780615389,0.006616569,-0.999976575,-0.001773940,11276,145034,1,-1
0.447638303,0.276187301,0.776760042,0.007661393,-0.001703539,0.999969184,11383,145150,1,-1
0.441097260,0.086182892,0.228207245,0.007661393,-0.001703539,0.999969184,11388,145150,1,-1
0.458132267,0.086225204,0.232324541,0.999959469,0.008980345,0.000663301,11404,145150,1,-1
0.446228176,0.111094058,0.232278377,0.007661393,-0.001703539,0.999969184,11539,145150,1,-1
0.434728414,0.123886369,0.250789016,0.006616569,-0.999976575,-0.001773940,11566,145034,1,-1
0.434678137,0.188597947,0.245672211,0.006616569,-0.999976575,-0.001773940,12279,145034,1,-1
0.434953213,0.213316008,0.255299538,0.006616569,-0.999976575,-0.001773940,12475,145034,1,-1
0.436118662,0.220897362,0.252993912,0.006616569,-0.999976575,-0.001773940,12599,145034,1,-1
0.457094163,0.282479703,0.232450619,0.999959469,0.008980345,0.000663301,12906,145150,1,-1
0.450470805,0.282707274,0.228129148,0.007661393,-0.001703539,0.999969184,12914,145150,1,-1
0.441619515,0.202758938,0.161245182,0.006616569,-0.999976575,-0.001773940,13259,145034,1,-1
0.436352611,0.210657462,0.154760644,0.006616569,-0.999976575,-0.001773940,13304,145034,1,-1
0.459694862,0.274558991,0.139786854,0.999959469,0.008980345,0.000663301,13459,145150,1,-1
0.498272687,0.372764081,0.356093198,0.007661393,-0.001703539,0.999969184,13482,145150,1,-1
0.496949643,0.367206633,0.320421845,0.007661393,-0.001703539,0.999969184,13507,145150,1,-1
0.501224041,0.363967478,0.316836149,0.999959469,0.008980345,0.000663301,13543,145150,1,-1
0.494023621,0.379081696,0.256286204,0.006616569,-0.999976575,-0.001773940,13875,145034,1,-1
0.485565573,0.390132844,0.368397802,0.999959469,0.008980345,0.000663301,13900,145150,1,-1
0.500252664,0.427632421,0.288568079,0.006616569,-0.999976575,-0.001773940,14133,145034,1,-1
0.498953968,0.442100674,0.233919024,0.999959469,0.008980345,0.000663301,14206,145150,1,-1
0.492802083,0.454114944,0.355926007,0.007661393,-0.001703539,0.999969184,14311,145150,1,-1
0.402616680,0.459073186,0.396671176,0.006616569,-0.999976575,-0.001773940,14558,145034,1,-1
0.402600199,0.459074944,0.396798402,0.006616569,-0.999976575,-0.001773940,14558,145034,1,-1
0.402600199,0.459074944,0.396798402,0.006616569,-0.999976575,-0.001773940,14558,145034,1,-1
0.432993293,0.461411446,0.299748182,0.999959469,0.008980345,0.000663301,14703,145150,1,-1
0.466452509,0.471331209,0.318592668,0.007661393,-0.001703539,0.999969184,14811,145150,1,-1
0.396554083,0.462088376,0.355749816,0.007661393,-0.001703539,0.999969184,14894,145150,1,-1
0.484513193,0.472846776,0.321949214,0.999959469,0.008980345,0.000663301,14921,145150,1,-1
0.389556259,0.463898897,0.344317019,0.006616569,-0.999976575,-0.001773940,14948,145034,1,-1
0.437137455,0.473886520,0.320987523,0.999959469,0.008980345,0.000663301,15009,145150,1,-1
0.470495403,0.484802514,0.322036207,0.006616569,-0.999976575,-0.001773940,15152,145034,1,-1
0.499429166,0.364425510,0.264740735,0.007661393,-0.001703539,0.999969184,15294,145150,1,-1
0.498511404,0.364401340,0.229593754,0.007661393,-0.001703539,0.999969184,15318,145150,1,-1
0.483690143,0.351230800,0.258463383,0.006616569,-0.999976575,-0.001773940,15357,145034,1,-1
0.502021790,0.366323352,0.213210315,0.999959469,0.008980345,0.000663301,15486,145150,1,-1
0.458129883,0.396176666,0.224398732,0.006616569,-0.999976575,-0.001773940,16288,145034,1,-1
0.457723260,0.413617492,0.228619039,0.007661393,-0.001703539,0.999969184,16304,145150,1,-1
0.489155143,0.457741052,0.265085042,0.007661393,-0.001703539,0.999969184,16515,145150,1,-1
0.498504192,0.439572394,0.228833452,0.007661393,-0.001703539,0.999969184,16534,145150,1,-1
0.432924062,0.462441564,0.199668944,0.999959469,0.008980345,0.000663301,17207,145150,1,-1
0.482477069,0.460683078,0.274292827,0.007661393,-0.001703539,0.999969184,17240,145150,1,-1
0.464326471,0.471267134,0.227846980,0.007661393,-0.001703539,0.999969184,17397,145150,1,-1
0.484593093,0.472597510,0.231010258,0.999959469,0.008980345,0.000663301,17516,145150,1,-1
0.463438094,0.484761596,0.232221350,0.006616569,-0.999976575,-0.001773940,17779,145034,1,-1
0.502633631,0.360404164,0.447741508,0.007661393,-0.001703539,0.999969184,17929,145150,1,-1
0.499527365,0.366401315,0.412027031,0.007661393,-0.001703539,0.999969184,17940,145150,1,-1
0.500142813,0.364542335,0.402909786,0.999959469,0.008980345,0.000663301,17988,145150,1,-1
0.495598406,0.378524095,0.440313876,0.006616569,-0.999976575,-0.001773940,18168,145034,1,-1
0.490957797,0.454404533,0.401693493,0.007661393,-0.001703539,0.999969184,18532,145150,1,-1
0.495949864,0.447956592,0.446539968,0.007661393,-0.001703539,0.999969184,18537,145150,1,-1
0.499340653,0.455676347,0.413055837,0.007661393,-0.001703539,0.999969184,18696,145150,1,-1
0.490072399,0.455557406,0.431400150,0.006616569,-0.999976575,-0.001773940,18704,145034,1,-1
0.391397119,0.462675571,0.447217464,0.007661393,-0.001703539,0.999969184,18835,145150,1,-1
0.463206559,0.472683489,0.410491139,0.007661393,-0.001703539,0.999969184,18910,145150,1,-1
0.432735205,0.461551368,0.396864921,0.999959469,0.008980345,0.000663301,18983,145150,1,-1
0.483391315,0.481126726,0.412235677,0.999959469,0.008980345,0.000663301,19236,145150,1,-1
0.463258862,0.484605372,0.413844407,0.006616569,-0.999976575,-0.001773940,19312,145034,1,-1
0.502555847,0.361393541,0.539108098,0.007661393,-0.001703539,0.999969184,19487,145150,1,-1
0.499704361,0.369398624,0.503316343,0.007661393,-0.001703539,0.999969184,19494,145150,1,-1
0.499481142,0.364309639,0.496889025,0.999959469,0.008980345,0.000663301,19533,145150,1,-1
0.494455129,0.456619650,0.538982570,0.007661393,-0.001703539,0.999969184,20113,145150,1,-1
0.465268523,0.449627787,0.501910388,0.007661393,-0.001703539,0.999969184,20183,145150,1,-1
0.489862472,0.454851657,0.525485039,0.006616569,-0.999976575,-0.001773940,20192,145034,1,-1
0.485977620,0.460538298,0.503202379,0.999959469,0.008980345,0.000663301,20220,145150,1,-1
0.461881518,0.471704125,0.502104819,0.007661393,-0.001703539,0.999969184,20381,145150,1,-1
0.484329671,0.470942259,0.505169928,0.999959469,0.008980345,0.000663301,20439,145150,1,-1
0.387917727,0.460010260,0.538906753,0.007661393,-0.001703539,0.999969184,20483,145150,1,-1
0.462326378,0.484210759,0.504950106,0.006616569,-0.999976575,-0.001773940,20619,145034,1,-1
0.496747077,0.361622840,0.630791605,0.007661393,-0.001703539,0.999969184,20761,145150,1,-1
0.500890553,0.369809836,0.595139205,0.007661393,-0.001703539,0.999969184,20767,145150,1,-1
0.499273449,0.378358811,0.594809771,0.006616569,-0.999976575,-0.001773940,20881,145034,1,-1
0.493561387,0.457901001,0.630574107,0.007661393,-0.001703539,0.999969184,21040,145150,1,-1
0.498684287,0.436871350,0.589475870,0.999959469,0.008980345,0.000663301,21052,145150,1,-1
0.461999953,0.471652299,0.593629062,0.007661393,-0.001703539,0.999969184,21205,145150,1,-1
0.387861818,0.459158897,0.630780399,0.007661393,-0.001703539,0.999969184,21299,145150,1,-1
0.484263539,0.468903750,0.595973969,0.999959469,0.008980345,0.000663301,21304,145150,1,-1
0.462954193,0.483820468,0.596520066,0.006616569,-0.999976575,-0.001773940,21410,145034,1,-1
0.500839770,0.364891738,0.723315060,0.999959469,0.008980345,0.000663301,21656,145150,1,-1
0.493413568,0.377035141,0.712772727,0.999959469,0.008980345,0.000663301,21708,145150,1,-1
0.491158277,0.377471894,0.687673986,0.007661393,-0.001703539,0.999969184,21711,145150,1,-1
0.502139091,0.424466819,0.689583659,0.006616569,-0.999976575,-0.001773940,21833,145034,1,-1
0.493331403,0.457773000,0.722047091,0.007661393,-0.001703539,0.999969184,21869,145150,1,-1
0.499357671,0.445649922,0.687417865,0.999959469,0.008980345,0.000663301,21882,145150,1,-1
0.469036520,0.441034466,0.686818004,0.007661393,-0.001703539,0.999969184,21887,145150,1,-1
0.490887225,0.454762220,0.710505307,0.006616569,-0.999976575,-0.001773940,21925,145034,1,-1
0.461075425,0.472266376,0.685161591,0.007661393,-0.001703539,0.999969184,22073,145150,1,-1
0.484232217,0.470654041,0.690185726,0.999959469,0.008980345,0.000663301,22186,145150,1,-1
0.461525619,0.484082818,0.688243926,0.006616569,-0.999976575,-0.001773940,22311,145034,1,-1
0.509098470,0.427506775,0.137980819,0.007661393,-0.001703539,0.999969184,22493,145150,1,-1
0.490224242,0.351603836,0.187544316,0.006616569,-0.999976575,-0.001773940,22506,145034,1,-1
0.504438818,0.353131324,0.124560565,0.999959469,0.008980345,0.000663301,22518,145150,1,-1
0.491130799,0.365328699,0.173744470,0.007661393,-0.001703539,0.999969184,22570,145150,1,-1
0.502758026,0.360093325,0.163462684,0.006616569,-0.999976575,-0.001773940,22629,145034,1,-1
0.512706697,0.365013719,0.135957867,0.006616569,-0.999976575,-0.001773940,22717,145034,1,-1
0.503208935,0.369893759,0.165044546,0.999959469,0.008980345,0.000663301,22743,145150,1,-1
0.487297148,0.389030218,0.135437414,0.999959469,0.008980345,0.000663301,23071,145150,1,-1
0.451844454,0.396221519,0.174854487,0.006616569,-0.999976575,-0.001773940,23237,145034,1,-1
0.449354768,0.396114141,0.134896994,0.006616569,-0.999976575,-0.001773940,23243,145034,1,-1
0.433510214,0.398797870,0.177197099,0.999959469,0.008980345,0.000663301,23266,145150,1,-1
0.468121707,0.413759083,0.155455902,0.999959469,0.008980345,0.000663301,23390,145150,1,-1
0.466517210,0.418069750,0.161909282,0.006616569,-0.999976575,-0.001773940,23426,145034,1,-1
0.501547813,0.428380370,0.135205805,0.006616569,-0.999976575,-0.001773940,23496,145034,1,-1
0.490073532,0.453440577,0.173354223,0.007661393,-0.001703539,0.999969184,23697,145150,1,-1
0.484615922,0.472312659,0.143743023,0.999959469,0.008980345,0.000663301,24693,145150,1,-1
0.467525423,0.484636158,0.140965462,0.006616569,-0.999976575,-0.001773940,25239,145034,1,-1
0.500159860,0.433727235,0.762255669,0.999959469,0.008980345,0.000663301,25555,145150,1,-1
0.500159860,0.433727235,0.762255669,0.999959469,0.008980345,0.000663301,25555,145150,1,-1
0.493844032,0.457539946,0.814144850,0.007661393,-0.001703539,0.999969184,25609,145150,1,-1
0.460685015,0.472874045,0.776523948,0.007661393,-0.001703539,0.999969184,25684,145150,1,-1
0.477728456,0.463411987,0.768877447,0.006616569,-0.999976575,-0.001773940,25802,145034,1,-1
0.459932417,0.484170437,0.780369699,0.006616569,-0.999976575,-0.001773940,26017,145034,1,-1
0.502583623,0.360863656,0.493678182,0.007661393,-0.001703539,0.999969184,26196,145150,1,-1
0.499837637,0.366520911,0.457333982,0.007661393,-0.001703539,0.999969184,26202,145150,1,-1
0.488974482,0.456775665,0.493052930,0.007661393,-0.001703539,0.999969184,26797,145150,1,-1
0.491752565,0.461717129,0.457284212,0.007661393,-0.001703539,0.999969184,27025,145150,1,-1
0.464569777,0.463799983,0.487721086,0.999959469,0.008980345,0.000663301,27192,145150,1,-1
0.502864659,0.360705912,0.402137429,0.007661393,-0.001703539,0.999969184,27750,145150,1,-1
0.498273730,0.367006302,0.366211057,0.007661393,-0.001703539,0.999969184,27758,145150,1,-1
0.412281424,0.461815357,0.401585311,0.007661393,-0.001703539,0.999969184,29092,145150,1,-1
0.502273142,0.361302763,0.584881067,0.007661393,-0.001703539,0.999969184,29523,145150,1,-1
0.500905454,0.365182191,0.549023628,0.007661393,-0.001703539,0.999969184,29530,145150,1,-1
0.486778647,0.459730744,0.584896982,0.007661393,-0.001703539,0.999969184,29973,145150,1,-1
0.418097556,0.462248057,0.584168911,0.007661393,-0.001703539,0.999969184,30308,145150,1,-1
0.503654957,0.359712392,0.310689509,0.007661393,-0.001703539,0.999969184,30717,145150,1,-1
0.497381628,0.367814362,0.275007308,0.007661393,-0.001703539,0.999969184,30738,145150,1,-1
0.491691530,0.352278441,0.303243399,0.006616569,-0.999976575,-0.001773940,30805,145034,1,-1
0.493015319,0.452807605,0.310323983,0.007661393,-0.001703539,0.999969184,31764,145150,1,-1
0.484295189,0.461798340,0.280456752,0.007661393,-0.001703539,0.999969184,32279,145150,1,-1
0.496652246,0.361895531,0.676729262,0.007661393,-0.001703539,0.999969184,32812,145150,1,-1
0.499657422,0.368178159,0.640734613,0.007661393,-0.001703539,0.999969184,32813,145150,1,-1
0.498998076,0.358229876,0.656700909,0.007661393,-0.001703539,0.999969184,32841,145150,1,-1
0.469806999,0.359654248,0.640672505,-0.038727663,0.065444671,-0.997104406,32860,32860,2,-1
0.491954923,0.377206594,0.652601540,0.006616569,-0.999976575,-0.001773940,32925,145034,1,-1
0.500367105,0.426934600,0.649692357,0.006616569,-0.999976575,-0.001773940,33039,145034,1,-1
0.486470848,0.456050992,0.676524341,0.007661393,-0.001703539,0.999969184,33069,145150,1,-1
0.499446243,0.437624335,0.642010033,0.999959469,0.008980345,0.000663301,33106,145150,1,-1
0.422348768,0.463119209,0.676048815,0.007661393,-0.001703539,0.999969184,33475,145150,1,-1
0.419489443,0.464256972,0.681755781,0.006616569,-0.999976575,-0.001773940,33557,145034,1,-1
0.500356376,0.358911157,0.219855830,0.007661393,-0.001703539,0.999969184,33602,145150,1,-1
0.494662970,0.365992993,0.183797985,0.007661393,-0.001703539,0.999969184,33621,145150,1,-1
0.454079390,0.411720097,0.183234245,0.007661393,-0.001703539,0.999969184,34628,145150,1,-1
0.470103174,0.405547649,0.217011124,0.006616569,-0.999976575,-0.001773940,34714,145034,1,-1
0.490059078,0.455828190,0.218917400,0.007661393,-0.001703539,0.999969184,34928,145150,1,-1
0.497605532,0.438060135,0.183074415,0.007661393,-0.001703539,0.999969184,34941,145150,1,-1
0.498745978,0.356756836,0.768302381,0.007661393,-0.001703539,0.999969184,36198,145150,1,-1
0.490437746,0.452716231,0.768364012,0.007661393,-0.001703539,0.999969184,36359,145150,1,-1
0.492193937,0.350933999,0.124203295,0.006616569,-0.999976575,-0.001773940,36799,145034,1,-1
0.504116476,0.368061632,0.127578497,0.007661393,-0.001703539,0.999969184,36822,145150,1,-1
0.500835001,0.449140817,0.127993226,0.007661393,-0.001703539,0.999969184,36956,145150,1,-1
0.477163196,0.427853972,0.127737343,0.006616569,-0.999976575,-0.001773940,36989,145034,1,-1
0.489258438,0.460937053,0.106433526,0.006616569,-0.999976575,-0.001773940,37420,145034,1,-1
0.411748976,0.461575449,0.493183017,0.007661393,-0.001703539,0.999969184,37633,145150,1,-1
0.408694178,0.458876789,0.505982161,0.007661393,-0.001703539,0.999969184,37893,145150,1,-1
0.362367302,0.483678818,0.460492581,0.006616569,-0.999976575,-0.001773940,37981,145034,1,-1
0.361388177,0.471935958,0.456256837,0.007661393,-0.001703539,0.999969184,37988,145150,1,-1
0.356713712,0.468341559,0.547551036,0.007661393,-0.001703539,0.999969184,38490,145150,1,-1
0.347046107,0.476215929,0.479136527,0.999959469,0.008980345,0.000663301,39087,145150,1,-1
0.344367176,0.484152943,0.494342238,0.007661393,-0.001703539,0.999969184,39237,145150,1,-1
0.341294467,0.477469772,0.492516637,0.999959469,0.008980345,0.000663301,39384,145150,1,-1
0.300413609,0.461289078,0.538795292,0.007661393,-0.001703539,0.999969184,39707,145150,1,-1
0.299758255,0.460403860,0.492649734,0.007661393,-0.001703539,0.999969184,40037,145150,1,-1
0.299545050,0.451710969,0.480787009,0.006616569,-0.999976575,-0.001773940,40065,145034,1,-1
0.298328578,0.456316799,0.477681369,0.999959469,0.008980345,0.000663301,40142,145150,1,-1
0.345673680,0.459343255,0.364803195,0.007661393,-0.001703539,0.999969184,40713,145150,1,-1
0.408828169,0.447256237,0.450369179,-0.356961578,0.651097357,0.669813991,40778,40778,2,-1
0.350323677,0.483572721,0.371565461,0.006616569,-0.999976575,-0.001773940,40795,145034,1,-1
0.364761144,0.460740805,0.411101997,0.007661393,-0.001703539,0.999969184,41545,145150,1,-1
0.347749323,0.478037000,0.383989662,0.999959469,0.008980345,0.000663301,42000,145150,1,-1
0.341017395,0.475983411,0.400941849,0.999959469,0.008980345,0.000663301,42554,145150,1,-1
0.339390129,0.463375390,0.357213229,0.999959469,0.008980345,0.000663301,42559,145150,1,-1
0.340069264,0.460154235,0.400845855,0.007661393,-0.001703539,0.999969184,42598,145150,1,-1
0.296965778,0.460093230,0.369001061,0.999959469,0.008980345,0.000663301,43090,145150,1,-1
0.285012275,0.460353225,0.447172940,0.007661393,-0.001703539,0.999969184,43092,145150,1,-1
0.404333860,0.461175382,0.310004920,0.007661393,-0.001703539,0.999969184,43165,145150,1,-1
0.416548878,0.460516155,0.352747709,0.999959469,0.008980345,0.000663301,43275,145150,1,-1
0.360792786,0.471769363,0.273472071,0.007661393,-0.001703539,0.999969184,43496,145150,1,-1
0.388020694,0.460454851,0.320085764,0.007661393,-0.001703539,0.999969184,43572,145150,1,-1
0.358543783,0.483962178,0.278794438,0.006616569,-0.999976575,-0.001773940,43718,145034,1,-1
0.355493069,0.460149825,0.345237613,0.999959469,0.008980345,0.000663301,44493,145150,1,-1
0.347563654,0.477846920,0.298811913,0.999959469,0.008980345,0.000663301,44714,145150,1,-1
0.340859026,0.476365715,0.307281673,0.999959469,0.008980345,0.000663301,44873,145150,1,-1
0.315832019,0.460560948,0.319863647,0.007661393,-0.001703539,0.999969184,44971,145150,1,-1
0.318360925,0.460086912,0.355535269,0.007661393,-0.001703539,0.999969184,44973,145150,1,-1
0.297771484,0.455317080,0.278532267,0.999959469,0.008980345,0.000663301,45635,145150,1,-1
0.283148378,0.462117583,0.310513318,0.007661393,-0.001703539,0.999969184,45756,145150,1,-1
0.297417134,0.441373825,0.356870711,0.999959469,0.008980345,0.000663301,45781,145150,1,-1
0.403923869,0.463630080,0.722495794,0.007661393,-0.001703539,0.999969184,45952,145150,1,-1
0.359314144,0.472042590,0.639309525,0.007661393,-0.001703539,0.999969184,46290,145150,1,-1
0.381890625,0.444100231,0.640338361,0.007661393,-0.001703539,0.999969184,46470,145150,1,-1
0.359967202,0.482973695,0.649389446,0.006616569,-0.999976575,-0.001773940,46473,145034,1,-1
0.402363420,0.474575073,0.683164060,-0.698828995,0.038295101,0.714262962,46520,46520,2,-1
0.377767920,0.459052950,0.718338430,0.999959469,0.008980345,0.000663301,46896,145150,1,-1
0.347586572,0.472015321,0.643086553,0.999959469,0.008980345,0.000663301,47317,145150,1,-1
0.347089261,0.478017330,0.674894929,0.999959469,0.008980345,0.000663301,47421,145150,1,-1
0.320178032,0.444068521,0.640142560,0.007661393,-0.001703539,0.999969184,47582,145150,1,-1
0.314731419,0.461292416,0.721921861,0.007661393,-0.001703539,0.999969184,47647,145150,1,-1
0.286102891,0.459934264,0.676059067,0.007661393,-0.001703539,0.999969184,48105,145150,1,-1
0.300331324,0.450929344,0.666180611,0.006616569,-0.999976575,-0.001773940,48220,145034,1,-1
0.420611680,0.463922322,0.556451082,0.007661393,-0.001703539,0.999969184,48501,145150,1,-1
0.405535251,0.460796595,0.617462158,0.999959469,0.008980345,0.000663301,49010,145150,1,-1
0.351977915,0.483456850,0.553007722,0.006616569,-0.999976575,-0.001773940,49088,145034,1,-1
0.384812713,0.471546322,0.586170256,0.006616569,-0.999976575,-0.001773940,49429,145034,1,-1
0.362760544,0.470887393,0.587264955,0.006616569,-0.999976575,-0.001773940,49662,145034,1,-1
0.347120136,0.475108981,0.550839305,0.999959469,0.008980345,0.000663301,49956,145150,1,-1
0.322695047,0.457426459,0.630995810,0.007661393,-0.001703539,0.999969184,50274,145150,1,-1
0.418336749,0.464566678,0.775838137,0.006616569,-0.999976575,-0.001773940,51038,145034,1,-1
0.356365085,0.472085655,0.731219232,0.007661393,-0.001703539,0.999969184,51103,145150,1,-1
0.417538375,0.458865851,0.759554446,0.999959469,0.008980345,0.000663301,51111,145150,1,-1
0.401380628,0.462392002,0.806735992,0.006616569,-0.999976575,-0.001773940,51410,145034,1,-1
0.348747313,0.483162016,0.735079646,0.006616569,-0.999976575,-0.001773940,51438,145034,1,-1
0.353868157,0.461660743,0.780707479,0.421377957,-0.906686544,-0.018976707,51818,51818,2,-1
0.346774995,0.476154089,0.736399651,0.999959469,0.008980345,0.000663301,51917,145150,1,-1
0.404665053,0.461407006,0.218448058,0.007661393,-0.001703539,0.999969184,52703,145150,1,-1
0.373892426,0.462856889,0.264335603,0.007661393,-0.001703539,0.999969184,52862,145150,1,-1
0.362134367,0.469370455,0.181790322,0.007661393,-0.001703539,0.999969184,53152,145150,1,-1
0.358436167,0.483744651,0.194215342,0.006616569,-0.999976575,-0.001773940,53252,145034,1,-1
0.355954021,0.461903185,0.246983498,0.999959469,0.008980345,0.000663301,53946,145150,1,-1
0.356252819,0.478877723,0.209417924,0.007661393,-0.001703539,0.999969184,54110,145150,1,-1
0.354084820,0.447205067,0.243837222,0.007661393,-0.001703539,0.999969184,54361,145150,1,-1
0.351119071,0.438848853,0.264300704,0.999959469,0.008980345,0.000663301,54551,145150,1,-1
0.347490400,0.476256907,0.205646366,0.999959469,0.008980345,0.000663301,54571,145150,1,-1
0.331922084,0.457599998,0.219034627,0.007661393,-0.001703539,0.999969184,55017,145150,1,-1
0.318049371,0.483205318,0.183874816,0.006616569,-0.999976575,-0.001773940,55076,145034,1,-1
0.287959754,0.461392105,0.264672667,0.007661393,-0.001703539,0.999969184,55182,145150,1,-1
0.296931416,0.461651236,0.180539370,0.999959469,0.008980345,0.000663301,55384,145150,1,-1
0.266109675,0.436921328,0.501543045,-0.266241789,-0.012998469,-0.963818610,55450,55450,2,-1
0.216352269,0.441180468,0.540501237,0.006616569,-0.999976575,-0.001773940,55451,145034,1,-1
0.259157389,0.469643176,0.502398729,0.007661393,-0.001703539,0.999969184,55480,145150,1,-1
0.220487133,0.446913749,0.507462442,0.006616569,-0.999976575,-0.001773940,55486,145034,1,-1
0.214086965,0.446652949,0.547365487,0.007661393,-0.001703539,0.999969184,55534,145150,1,-1
0.206746683,0.478764415,0.455387950,0.999959469,0.008980345,0.000663301,55542,145150,1,-1
0.282680929,0.475276798,0.504929960,0.999959469,0.008980345,0.000663301,56013,145150,1,-1
0.259230584,0.482031614,0.505575299,0.006616569,-0.999976575,-0.001773940,56101,145034,1,-1
0.190244064,0.506899416,0.539674103,0.007661393,-0.001703539,0.999969184,56293,145150,1,-1
0.152579322,0.496640533,0.425593913,0.006616569,-0.999976575,-0.001773940,56295,145034,1,-1
0.172387585,0.501345098,0.514547169,0.006616569,-0.999976575,-0.001773940,56353,145034,1,-1
0.172496855,0.502412379,0.527939677,0.999959469,0.008980345,0.000663301,56428,145150,1,-1
0.187257379,0.512153029,0.560818374,0.006616569,-0.999976575,-0.001773940,56619,145034,1,-1
0.214865729,0.428201169,0.413036793,0.007661393,-0.001703539,0.999969184,57041,145150,1,-1
0.218207374,0.424857140,0.420930594,0.999959469,0.008980345,0.000663301,57044,145150,1,-1
0.260937661,0.470307618,0.410422236,0.007661393,-0.001703539,0.999969184,57222,145150,1,-1
0.281415164,0.459238529,0.446333259,0.999959469,0.008980345,0.000663301,57280,145150,1,-1
0.282698750,0.474376589,0.412930399,0.999959469,0.008980345,0.000663301,57705,145150,1,-1
0.259871066,0.470285982,0.449029207,0.007661393,-0.001703539,0.999969184,57745,145150,1,-1
0.178336069,0.499811798,0.410823524,0.007661393,-0.001703539,0.999969184,57776,145150,1,-1
0.264068276,0.483246356,0.413595945,0.006616569,-0.999976575,-0.001773940,57845,145034,1,-1
0.269678414,0.483476609,0.431650132,0.007661393,-0.001703539,0.999969184,57955,145150,1,-1
0.190087214,0.503427923,0.447185308,0.007661393,-0.001703539,0.999969184,58099,145150,1,-1
0.200551018,0.509514928,0.445349753,0.999959469,0.008980345,0.000663301,58253,145150,1,-1
0.174235567,0.500310779,0.444348395,0.999959469,0.008980345,0.000663301,58332,145150,1,-1
0.203006312,0.503960252,0.429725647,0.007661393,-0.001703539,0.999969184,58562,145150,1,-1
0.215093151,0.441957295,0.595410705,0.007661393,-0.001703539,0.999969184,59429,145150,1,-1
0.213229045,0.444891781,0.594948232,0.999959469,0.008980345,0.000663301,59512,145150,1,-1
0.239920005,0.448682934,0.587885976,0.006616569,-0.999976575,-0.001773940,59579,145034,1,-1
0.213533342,0.449636966,0.601016700,0.006616569,-0.999976575,-0.001773940,59591,145034,1,-1
0.252457678,0.470347434,0.593415618,0.007661393,-0.001703539,0.999969184,59703,145150,1,-1
0.284354806,0.458684117,0.632016182,0.999959469,0.008980345,0.000663301,59768,145150,1,-1
0.273754537,0.467301816,0.591821909,0.006616569,-0.999976575,-0.001773940,60031,145034,1,-1
0.254983753,0.482708514,0.601316154,0.006616569,-0.999976575,-0.001773940,60164,145034,1,-1
0.204010099,0.505088747,0.594761968,0.007661393,-0.001703539,0.999969184,60510,145150,1,-1
0.174281105,0.504246533,0.630340099,0.007661393,-0.001703539,0.999969184,60548,145150,1,-1
0.174572214,0.508901775,0.595279753,0.007661393,-0.001703539,0.999969184,60551,145150,1,-1
0.205218688,0.505558133,0.630346537,0.007661393,-0.001703539,0.999969184,60590,145150,1,-1
0.173679039,0.505706668,0.633497477,0.999959469,0.008980345,0.000663301,60623,145150,1,-1
0.169514239,0.505404294,0.586430609,0.007661393,-0.001703539,0.999969184,60731,145150,1,-1
0.204608649,0.505367756,0.584322751,0.007661393,-0.001703539,0.999969184,60734,145150,1,-1
0.238642633,0.439525813,0.728877306,0.091396764,0.085352801,-0.992149949,61262,61262,2,-1
0.216898084,0.449322432,0.672199845,0.999959469,0.008980345,0.000663301,61295,145150,1,-1
0.256580234,0.469924718,0.684887409,0.007661393,-0.001703539,0.999969184,61308,145150,1,-1
0.230682582,0.457489759,0.692623138,0.999959469,0.008980345,0.000663301,61334,145150,1,-1
0.282411814,0.475681663,0.689489722,0.999959469,0.008980345,0.000663301,61849,145150,1,-1
0.262728989,0.482194841,0.687671185,0.006616569,-0.999976575,-0.001773940,61926,145034,1,-1
0.186698422,0.505391538,0.721655488,0.007661393,-0.001703539,0.999969184,62196,145150,1,-1
0.171467349,0.504011512,0.685332954,0.007661393,-0.001703539,0.999969184,62269,145150,1,-1
0.173060730,0.504787683,0.729001105,0.006616569,-0.999976575,-0.001773940,62460,145034,1,-1
0.255521297,0.411597192,0.217667878,0.006616569,-0.999976575,-0.001773940,63083,145034,1,-1
0.261971027,0.464074433,0.227708325,0.007661393,-0.001703539,0.999969184,63094,145150,1,-1
0.275896519,0.431846917,0.227621406,0.999959469,0.008980345,0.000663301,63139,145150,1,-1
0.248926938,0.429244518,0.218820736,0.999959469,0.008980345,0.000663301,63152,145150,1,-1
0.220836639,0.440547198,0.235690743,0.999959469,0.008980345,0.000663301,63169,145150,1,-1
0.216067180,0.450295150,0.238408044,0.006616569,-0.999976575,-0.001773940,63241,145034,1,-1
0.278548449,0.460385621,0.274786770,0.007661393,-0.001703539,0.999969184,63686,145150,1,-1
0.283214033,0.469744444,0.231000215,0.999959469,0.008980345,0.000663301,63746,145150,1,-1
0.281991571,0.466183573,0.248573124,0.999959469,0.008980345,0.000663301,63852,145150,1,-1
0.276582658,0.471218437,0.260549247,0.006616569,-0.999976575,-0.001773940,64105,145034,1,-1
0.270459622,0.483198702,0.233985394,0.006616569,-0.999976575,-0.001773940,64258,145034,1,-1
0.170746565,0.504953980,0.237218618,0.999959469,0.008980345,0.000663301,64778,145150,1,-1
0.192570344,0.506981790,0.228625044,0.007661393,-0.001703539,0.999969184,64904,145150,1,-1
0.202886835,0.506121635,0.265276134,0.007661393,-0.001703539,0.999969184,64931,145150,1,-1
0.193154499,0.512719810,0.197271422,0.006616569,-0.999976575,-0.001773940,65144,145034,1,-1
0.216256291,0.415981174,0.319391608,0.007661393,-0.001703539,0.999969184,65604,145150,1,-1
0.263421237,0.424233019,0.320274472,0.007661393,-0.001703539,0.999969184,65605,145150,1,-1
0.262358457,0.414598256,0.313030392,0.007661393,-0.001703539,0.999969184,65619,145150,1,-1
0.214978352,0.439970642,0.364816725,0.007661393,-0.001703539,0.999969184,65627,145150,1,-1
0.207725018,0.439339548,0.356581390,0.006616569,-0.999976575,-0.001773940,65682,145034,1,-1
0.210923344,0.446315080,0.319067061,0.007661393,-0.001703539,0.999969184,65735,145150,1,-1
0.221949801,0.445156157,0.334381282,0.999959469,0.008980345,0.000663301,65744,145150,1,-1
0.213929966,0.451292485,0.338859200,0.006616569,-0.999976575,-0.001773940,65844,145034,1,-1
0.241878897,0.471109509,0.318924457,0.007661393,-0.001703539,0.999969184,66034,145150,1,-1
0.244071350,0.473944366,0.350854814,0.007661393,-0.001703539,0.999969184,66323,145150,1,-1
0.243999630,0.483346969,0.324729443,0.006616569,-0.999976575,-0.001773940,66416,145034,1,-1
0.186995283,0.505619347,0.318165541,0.007661393,-0.001703539,0.999969184,66637,145150,1,-1
0.171766207,0.504139781,0.334293813,0.999959469,0.008980345,0.000663301,66704,145150,1,-1
0.249917388,0.469228446,0.776817143,0.007661393,-0.001703539,0.999969184,67027,145150,1,-1
0.230390772,0.460456878,0.783033490,0.999959469,0.008980345,0.000663301,67129,145150,1,-1
0.281793892,0.475005537,0.778884888,0.999959469,0.008980345,0.000663301,67336,145150,1,-1
0.243947297,0.482052952,0.779810548,0.006616569,-0.999976575,-0.001773940,67415,145034,1,-1
0.221197113,0.444573820,0.140526459,0.999959469,0.008980345,0.000663301,67639,145150,1,-1
0.210701138,0.444000661,0.137121961,0.007661393,-0.001703539,0.999969184,67642,145150,1,-1
0.162789956,0.445203185,0.168865651,0.006616569,-0.999976575,-0.001773940,67644,145034,1,-1
0.158821046,0.445150852,0.132963389,0.006616569,-0.999976575,-0.001773940,67645,145034,1,-1
0.225505739,0.447166324,0.135208011,-0.785106301,0.025329053,0.618843019,67646,67646,2,-1
0.215021029,0.452454537,0.137315825,0.006616569,-0.999976575,-0.001773940,67670,145034,1,-1
0.272697508,0.466430187,0.174435496,0.007661393,-0.001703539,0.999969184,67714,145150,1,-1
0.239695564,0.466053963,0.135522082,0.007661393,-0.001703539,0.999969184,67732,145150,1,-1
0.278079212,0.458868086,0.182019517,0.007661393,-0.001703539,0.999969184,67750,145150,1,-1
0.285470396,0.460986048,0.154898420,0.999959469,0.008980345,0.000663301,67829,145150,1,-1
0.169178858,0.465000451,0.136365667,0.007661393,-0.001703539,0.999969184,67852,145150,1,-1
0.282610565,0.470757216,0.142275900,0.999959469,0.008980345,0.000663301,67928,145150,1,-1
0.247602358,0.468299657,0.176151276,0.999959469,0.008980345,0.000663301,67950,145150,1,-1
0.247657955,0.484338641,0.160466626,0.007661393,-0.001703539,0.999969184,68139,145150,1,-1
0.258117706,0.481507182,0.163846985,0.006616569,-0.999976575,-0.001773940,68169,145034,1,-1
0.278731912,0.486322314,0.155158907,0.007661393,-0.001703539,0.999969184,68339,145150,1,-1
0.255171984,0.486798078,0.157632038,0.006616569,-0.999976575,-0.001773940,68351,145034,1,-1
0.262672961,0.492675483,0.160920039,0.999959469,0.008980345,0.000663301,68468,145150,1,-1
0.188773543,0.506309688,0.172280863,0.007661393,-0.001703539,0.999969184,68503,145150,1,-1
0.190408781,0.506895661,0.137148112,0.007661393,-0.001703539,0.999969184,68707,145150,1,-1
0.253550291,0.499705195,0.161521852,0.006616569,-0.999976575,-0.001773940,68765,145034,1,-1
0.174987048,0.511895716,0.152509511,0.999959469,0.008980345,0.000663301,68849,145150,1,-1
0.195372805,0.514153957,0.166079208,0.999959469,0.008980345,0.000663301,68989,145150,1,-1
0.223335937,0.438272923,0.457446337,0.230080530,-0.151036173,-0.961379766,69265,69265,2,-1
0.263817400,0.461171418,0.467496246,0.999959469,0.008980345,0.000663301,69429,145150,1,-1
0.173680767,0.506619573,0.470315784,0.999959469,0.008980345,0.000663301,70209,145150,1,-1
0.281607330,0.430415124,0.547975242,0.007661393,-0.001703539,0.999969184,71033,145150,1,-1
0.175265685,0.503668368,0.546551406,0.007661393,-0.001703539,0.999969184,71874,145150,1,-1
0.173383549,0.504637718,0.576291442,0.999959469,0.008980345,0.000663301,71876,145150,1,-1
0.198962465,0.510456324,0.549914896,0.007661393,-0.001703539,0.999969184,71906,145150,1,-1
0.225682333,0.445047915,0.640632391,0.007661393,-0.001703539,0.999969184,72404,145150,1,-1
0.263466984,0.443299025,0.641242981,0.007661393,-0.001703539,0.999969184,72439,145150,1,-1
0.185616866,0.507108331,0.675180852,0.007661393,-0.001703539,0.999969184,72917,145150,1,-1
0.196099192,0.506962597,0.641484559,0.007661393,-0.001703539,0.999969184,72928,145150,1,-1
0.240008667,0.448990375,0.401328325,0.360067159,-0.932847559,0.012127466,73960,73960,2,-1
0.230586141,0.450155348,0.375635415,0.007661393,-0.001703539,0.999969184,73966,145150,1,-1
0.214701936,0.450393796,0.384312898,0.999959469,0.008980345,0.000663301,73993,145150,1,-1
0.273122966,0.463148594,0.401402622,0.007661393,-0.001703539,0.999969184,74292,145150,1,-1
0.267071366,0.461262196,0.392207980,0.999959469,0.008980345,0.000663301,74320,145150,1,-1
0.199008584,0.489025027,0.393031448,0.006616569,-0.999976575,-0.001773940,74575,145034,1,-1
0.189430326,0.504391372,0.400957465,0.007661393,-0.001703539,0.999969184,74585,145150,1,-1
0.202061459,0.504261255,0.379014462,0.999959469,0.008980345,0.000663301,74682,145150,1,-1
0.197267413,0.508445263,0.364835382,0.007661393,-0.001703539,0.999969184,74689,145150,1,-1
0.219691902,0.421440363,0.187415808,0.999959469,0.008980345,0.000663301,75489,145150,1,-1
0.220966175,0.448220581,0.200194582,0.999959469,0.008980345,0.000663301,75557,145150,1,-1
0.274190336,0.462197214,0.218465135,0.007661393,-0.001703539,0.999969184,75615,145150,1,-1
0.267046720,0.457872838,0.201837689,0.999959469,0.008980345,0.000663301,75648,145150,1,-1
0.164574817,0.464536816,0.181854427,0.007661393,-0.001703539,0.999969184,75795,145150,1,-1
0.188076913,0.507038474,0.181908101,0.007661393,-0.001703539,0.999969184,76210,145150,1,-1
0.197999209,0.512541413,0.220083669,0.007661393,-0.001703539,0.999969184,76417,145150,1,-1
0.226698250,0.448606193,0.274497330,0.007661393,-0.001703539,0.999969184,76971,145150,1,-1
0.217188880,0.450093418,0.292566389,0.007661393,-0.001703539,0.999969184,77001,145150,1,-1
0.178899348,0.504758060,0.272837847,0.007661393,-0.001703539,0.999969184,78324,145150,1,-1
0.171219170,0.504649520,0.293801695,0.999959469,0.008980345,0.000663301,78334,145150,1,-1
0.189215466,0.512195051,0.298747331,0.006616569,-0.999976575,-0.001773940,78478,145034,1,-1
0.225375816,0.445474386,0.732119143,0.007661393,-0.001703539,0.999969184,78627,145150,1,-1
0.298491269,0.445941448,0.730962873,-0.854874611,-0.501235247,-0.133987680,78635,78635,2,-1
0.269510210,0.456242204,0.768546879,0.007661393,-0.001703539,0.999969184,78642,145150,1,-1
0.290273100,0.461756974,0.732851863,0.006616569,-0.999976575,-0.001773940,78700,145034,1,-1
0.176302925,0.503342688,0.766652703,0.999959469,0.008980345,0.000663301,78866,145150,1,-1
0.170260385,0.502338469,0.767162502,0.999959469,0.008980345,0.000663301,78881,145150,1,-1
0.187892839,0.506719351,0.767260492,0.007661393,-0.001703539,0.999969184,78927,145150,1,-1
0.176350102,0.508992910,0.732525766,0.007661393,-0.001703539,0.999969184,78989,145150,1,-1
0.089849100,0.427344590,0.417780757,0.999959469,0.008980345,0.000663301,79628,145150,1,-1
0.084681094,0.432804763,0.451066732,0.999959469,0.008980345,0.000663301,79638,145150,1,-1
0.073028155,0.483935684,0.409632891,0.007661393,-0.001703539,0.999969184,79698,145150,1,-1
0.159502909,0.478124738,0.451213241,0.999959469,0.008980345,0.000663301,79756,145150,1,-1
0.089424282,0.499764442,0.446872592,0.007661393,-0.001703539,0.999969184,79785,145150,1,-1
0.067488827,0.492109686,0.410499960,0.999959469,0.008980345,0.000663301,79823,145150,1,-1
0.128921822,0.504679680,0.370157361,0.999959469,0.008980345,0.000663301,80044,145150,1,-1
0.121597655,0.510997593,0.402213991,0.999959469,0.008980345,0.000663301,80138,145150,1,-1
0.107025534,0.509845972,0.569747925,0.006616569,-0.999976575,-0.001773940,80187,145034,1,-1
0.084869310,0.428460449,0.497275352,0.007661393,-0.001703539,0.999969184,80659,145150,1,-1
0.075868651,0.475410432,0.501473129,0.007661393,-0.001703539,0.999969184,80694,145150,1,-1
0.126420036,0.484986246,0.500326931,0.007661393,-0.001703539,0.999969184,80866,145150,1,-1
0.094015621,0.500256121,0.538105786,0.007661393,-0.001703539,0.999969184,80874,145150,1,-1
0.122534640,0.511906505,0.559095085,0.999959469,0.008980345,0.000663301,81519,145150,1,-1
0.084620886,0.430033863,0.373401880,0.999959469,0.008980345,0.000663301,81926,145150,1,-1
0.083990976,0.439080715,0.262562871,0.006616569,-0.999976575,-0.001773940,81943,145034,1,-1
0.083990976,0.439080715,0.262562871,0.999959469,0.008980345,0.000663301,81943,145150,1,-1
0.078563370,0.474310189,0.316751659,0.007661393,-0.001703539,0.999969184,82010,145150,1,-1
0.064785168,0.474781096,0.320399940,0.999959469,0.008980345,0.000663301,82020,145150,1,-1
0.153403476,0.456544399,0.312941253,0.007661393,-0.001703539,0.999969184,82023,145150,1,-1
0.126559138,0.473806113,0.317842066,0.007661393,-0.001703539,0.999969184,82068,145150,1,-1
0.101977818,0.507056117,0.354334027,0.007661393,-0.001703539,0.999969184,82116,145150,1,-1
0.143930584,0.474215358,0.309511334,0.999959469,0.008980345,0.000663301,82121,145150,1,-1
0.123800062,0.512025416,0.279753178,0.999959469,0.008980345,0.000663301,82366,145150,1,-1
0.076556645,0.474369973,0.593087018,0.007661393,-0.001703539,0.999969184,82667,145150,1,-1
0.068923369,0.479432434,0.593096375,0.999959469,0.008980345,0.000663301,82802,145150,1,-1
0.095794253,0.502743363,0.584186077,0.007661393,-0.001703539,0.999969184,82841,145150,1,-1
0.092049025,0.503189683,0.630178809,0.007661393,-0.001703539,0.999969184,82866,145150,1,-1
0.094823204,0.499859005,0.605580151,0.999959469,0.008980345,0.000663301,83008,145150,1,-1
0.075771466,0.473153859,0.686208367,0.007661393,-0.001703539,0.999969184,83739,145150,1,-1
0.094399102,0.503752530,0.677086294,0.007661393,-0.001703539,0.999969184,84018,145150,1,-1
0.095882371,0.502943397,0.722994864,0.007661393,-0.001703539,0.999969184,84062,145150,1,-1
0.064432234,0.472733378,0.229417026,0.999959469,0.008980345,0.000663301,85067,145150,1,-1
0.078633033,0.476494044,0.225481525,0.007661393,-0.001703539,0.999969184,85086,145150,1,-1
0.095441803,0.509749174,0.263050914,0.007661393,-0.001703539,0.999969184,85222,145150,1,-1
0.111562751,0.506868303,0.228029802,0.007661393,-0.001703539,0.999969184,85425,145150,1,-1
0.111295119,0.510567129,0.203281656,0.006616569,-0.999976575,-0.001773940,85445,145034,1,-1
0.103607431,0.511403143,0.217587769,0.007661393,-0.001703539,0.999969184,85856,145150,1,-1
0.087930962,0.475211054,0.668492615,0.007661393,-0.001703539,0.999969184,86793,145150,1,-1
0.132304400,0.481261909,0.455295563,0.007661393,-0.001703539,0.999969184,87598,145150,1,-1
0.088504545,0.498783052,0.492046416,0.007661393,-0.001703539,0.999969184,87662,145150,1,-1
0.095086917,0.506745815,0.482952535,0.999959469,0.008980345,0.000663301,87833,145150,1,-1
0.091547079,0.499943852,0.768096983,0.007661393,-0.001703539,0.999969184,88669,145150,1,-1
0.093521327,0.504382193,0.399748445,0.007661393,-0.001703539,0.999969184,89509,145150,1,-1
0.098243684,0.471094280,0.175221428,0.999959469,0.008980345,0.000663301,90133,145150,1,-1
0.159532979,0.475987852,0.173896715,0.999959469,0.008980345,0.000663301,90156,145150,1,-1
0.110916741,0.508316636,0.181818977,0.007661393,-0.001703539,0.999969184,90363,145150,1,-1
0.093570471,0.475482255,0.300872475,0.006616569,-0.999976575,-0.001773940,91166,145034,1,-1
0.095710523,0.499341100,0.308072597,0.007661393,-0.001703539,0.999969184,91218,145150,1,-1
0.079068117,0.339466155,0.454471737,0.007661393,-0.001703539,0.999969184,91868,145150,1,-1
0.072264217,0.359162390,0.480071247,0.006616569,-0.999976575,-0.001773940,91957,145034,1,-1
0.065943345,0.389901102,0.458467096,0.007661393,-0.001703539,0.999969184,91979,145150,1,-1
0.080033951,0.392705858,0.453777343,0.007661393,-0.001703539,0.999969184,91985,145150,1,-1
0.076224081,0.339453518,0.363585979,0.007661393,-0.001703539,0.999969184,92309,145150,1,-1
0.074531309,0.359193385,0.367377222,0.006616569,-0.999976575,-0.001773940,92510,145034,1,-1
0.075456075,0.393650949,0.363848150,0.007661393,-0.001703539,0.999969184,92576,145150,1,-1
0.079572983,0.337788522,0.546164513,0.007661393,-0.001703539,0.999969184,92964,145150,1,-1
0.066721529,0.334997505,0.551011503,0.999959469,0.008980345,0.000663301,92978,145150,1,-1
0.072408766,0.359123558,0.577109039,0.999959469,0.008980345,0.000663301,93062,145150,1,-1
0.075929955,0.405005485,0.547356308,0.007661393,-0.001703539,0.999969184,93084,145150,1,-1
0.090433002,0.417391509,0.615103304,0.006616569,-0.999976575,-0.001773940,93301,145034,1,-1
0.089597002,0.308223784,0.307007194,0.007661393,-0.001703539,0.999969184,93386,145150,1,-1
0.066087320,0.367263973,0.278599262,0.999959469,0.008980345,0.000663301,93448,145150,1,-1
0.084641390,0.363186866,0.335824519,0.999959469,0.008980345,0.000663301,93711,145150,1,-1
0.074658729,0.359114915,0.300584286,0.999959469,0.008980345,0.000663301,93753,145150,1,-1
0.077588074,0.382852703,0.271465927,0.007661393,-0.001703539,0.999969184,93915,145150,1,-1
0.090751030,0.392775834,0.307639807,0.007661393,-0.001703539,0.999969184,94080,145150,1,-1
0.076518536,0.417326301,0.275994122,0.007661393,-0.001703539,0.999969184,94386,145150,1,-1
0.074355297,0.385966718,0.638678551,0.007661393,-0.001703539,0.999969184,94515,145150,1,-1
0.069571234,0.416553140,0.643418968,0.006616569,-0.999976575,-0.001773940,94719,145034,1,-1
0.071406282,0.383385211,0.731025219,0.007661393,-0.001703539,0.999969184,94803,145150,1,-1
0.067567214,0.357943863,0.739147663,0.006616569,-0.999976575,-0.001773940,94884,145034,1,-1
0.073657900,0.399168134,0.731477916,0.999959469,0.008980345,0.000663301,95027,145150,1,-1
0.071475662,0.409513235,0.767311394,-0.591429532,0.789101124,-0.165923238,95079,95079,2,-1
0.072752036,0.415893644,0.734579504,0.006616569,-0.999976575,-0.001773940,95136,145034,1,-1
0.065661058,0.333975405,0.183951750,0.999959469,0.008980345,0.000663301,95227,145150,1,-1
0.084563732,0.362526178,0.260092467,0.999959469,0.008980345,0.000663301,95288,145150,1,-1
0.071617819,0.358863145,0.201845750,0.006616569,-0.999976575,-0.001773940,95298,145034,1,-1
0.083809771,0.416662246,0.217520505,0.007661393,-0.001703539,0.999969184,95630,145150,1,-1
0.022548163,0.139234886,0.468579501,0.999959469,0.008980345,0.000663301,95869,145150,1,-1
0.007420659,0.197520405,0.480665118,0.999959469,0.008980345,0.000663301,95954,145150,1,-1
0.044023059,0.217644244,0.681330502,0.006616569,-0.999976575,-0.001773940,96084,145034,1,-1
0.079868965,0.286496133,0.500613570,0.007661393,-0.001703539,0.999969184,96374,145150,1,-1
0.013645487,0.126751572,0.498203903,0.006616569,-0.999976575,-0.001773940,96477,145034,1,-1
0.066786967,0.281625688,0.413449764,0.999959469,0.008980345,0.000663301,96892,145150,1,-1
0.078686073,0.294462323,0.413089305,0.006616569,-0.999976575,-0.001773940,96960,145034,1,-1
0.006274587,0.195641398,0.685285628,0.007661393,-0.001703539,0.999969184,97508,145150,1,-1
0.013186276,0.212513015,0.714467704,0.006616569,-0.999976575,-0.001773940,97534,145034,1,-1
0.012616216,0.215472236,0.724363267,0.007661393,-0.001703539,0.999969184,97582,145150,1,-1
0.076260820,0.264361769,0.683260620,0.007661393,-0.001703539,0.999969184,97949,145150,1,-1
0.067627914,0.265525639,0.687998176,0.999959469,0.008980345,0.000663301,97976,145150,1,-1
0.066890180,0.250915945,0.322485447,0.999959469,0.008980345,0.000663301,98361,145150,1,-1
0.066535637,0.281326205,0.321168751,0.007661393,-0.001703539,0.999969184,98432,145150,1,-1
0.013092082,0.213243470,0.812117815,0.999959469,0.008980345,0.000663301,98678,145150,1,-1
0.012661251,0.212436825,0.800212026,0.006616569,-0.999976575,-0.001773940,98690,145034,1,-1
0.017061766,0.212214351,0.756684065,0.006616569,-0.999976575,-0.001773940,98692,145034,1,-1
0.099759780,0.225080401,0.776797354,0.007661393,-0.001703539,0.999969184,98961,145150,1,-1
0.022138938,0.140746981,0.259333074,0.999959469,0.008980345,0.000663301,99070,145150,1,-1
0.013679443,0.213906050,0.264362603,0.006616569,-0.999976575,-0.001773940,99204,145034,1,-1
0.100709915,0.227914825,0.475075394,0.006616569,-0.999976575,-0.001773940,100117,145034,1,-1
0.014045274,0.212737322,0.766978025,0.007661393,-0.001703539,0.999969184,101551,145150,1,-1
0.016922545,0.214676857,0.731429696,0.007661393,-0.001703539,0.999969184,101570,145150,1,-1
0.091965213,0.285957396,0.766503632,0.007661393,-0.001703539,0.999969184,101862,145150,1,-1
0.605665743,0.042323954,0.064339973,0.007661393,-0.001703539,0.999969184,101916,145150,1,-1
0.576866090,0.026464785,0.058339808,0.999959469,0.008980345,0.000663301,101982,145150,1,-1
0.548091233,0.068672806,0.021148216,0.006616569,-0.999976575,-0.001773940,102097,145034,1,-1
0.511059701,0.044835564,0.053091984,0.331029087,0.939701796,-0.085908353,102250,102250,2,-1
0.489435315,0.159129247,0.066867344,0.006616569,-0.999976575,-0.001773940,102618,145034,1,-1
0.489435315,0.159129247,0.066867344,0.999959469,0.008980345,0.000663301,102618,145150,1,-1
0.505094409,0.049807142,0.065113574,0.006616569,-0.999976575,-0.001773940,102814,145034,1,-1
0.558284342,0.090498790,0.005803298,0.999959469,0.008980345,0.000663301,103063,145150,1,-1
0.486583173,0.206908777,0.025861515,0.006616569,-0.999976575,-0.001773940,103149,145034,1,-1
0.578399897,0.252849579,0.012626267,0.999959469,0.008980345,0.000663301,103159,145150,1,-1
0.468286723,0.101464607,0.014628991,0.006616569,-0.999976575,-0.001773940,103228,145034,1,-1
0.481926411,0.120922655,0.015272547,0.006616569,-0.999976575,-0.001773940,103256,145034,1,-1
0.483770281,0.153618991,0.027288556,0.999959469,0.008980345,0.000663301,103291,145150,1,-1
0.478834212,0.154060960,0.012673285,0.006616569,-0.999976575,-0.001773940,103319,145034,1,-1
0.410487890,0.148566276,0.165199205,0.999959469,0.008980345,0.000663301,103360,145150,1,-1
0.544978321,0.430046499,0.053936739,0.999959469,0.008980345,0.000663301,103421,145150,1,-1
0.576553941,0.344448596,0.007829689,0.007661393,-0.001703539,0.999969184,103422,145150,1,-1
0.475930959,0.301539868,0.025090462,0.006616569,-0.999976575,-0.001773940,103423,145034,1,-1
0.487529457,0.346583754,0.040419966,0.999959469,0.008980345,0.000663301,103427,145150,1,-1
0.579197645,0.332754940,0.107595302,0.007661393,-0.001703539,0.999969184,103618,145150,1,-1
0.553322494,0.320403129,0.074720845,-0.111034982,0.823819816,0.555870712,103630,103630,2,-1
0.566877604,0.327894479,0.013237176,0.006616569,-0.999976575,-0.001773940,103641,145034,1,-1
0.543160141,0.320880592,0.018132484,0.007661393,-0.001703539,0.999969184,103655,145150,1,-1
0.567117214,0.252074629,0.030112013,0.999959469,0.008980345,0.000663301,103694,145150,1,-1
0.548561394,0.248152524,0.019192567,0.006616569,-0.999976575,-0.001773940,103739,145034,1,-1
0.602945209,0.266500354,0.025510658,0.999959469,0.008980345,0.000663301,103781,145150,1,-1
0.565742552,0.258863926,0.017460244,0.006616569,-0.999976575,-0.001773940,103874,145034,1,-1
0.414712369,0.205172569,0.443366468,0.999959469,0.008980345,0.000663301,103883,145150,1,-1
0.405849844,0.205348998,0.356584400,0.006616569,-0.999976575,-0.001773940,103942,145034,1,-1
0.568270981,0.264430106,0.013150385,0.006616569,-0.999976575,-0.001773940,104000,145034,1,-1
0.589962125,0.295727134,0.007902254,0.007661393,-0.001703539,0.999969184,104062,145150,1,-1
0.578379512,0.316394061,0.012848068,0.999959469,0.008980345,0.000663301,104166,145150,1,-1
0.482304096,0.280191153,0.021870097,0.006616569,-0.999976575,-0.001773940,104213,145034,1,-1
0.576231301,0.316544414,0.060592189,0.999959469,0.008980345,0.000663301,104270,145150,1,-1
0.481066555,0.286275655,0.025188005,0.006616569,-0.999976575,-0.001773940,104315,145034,1,-1
0.567031443,0.315436244,0.028690878,0.006616569,-0.999976575,-0.001773940,104321,145034,1,-1
0.566449940,0.321724832,0.018106552,0.006616569,-0.999976575,-0.001773940,104492,145034,1,-1
0.533598244,0.348994285,0.130462140,0.006616569,-0.999976575,-0.001773940,104637,145034,1,-1
0.581660986,0.334444553,0.099485688,0.006616569,-0.999976575,-0.001773940,104731,145034,1,-1
0.577038348,0.332045317,0.076922536,0.007661393,-0.001703539,0.999969184,104761,145150,1,-1
0.532564461,0.381900698,0.128602773,0.006616569,-0.999976575,-0.001773940,104948,145034,1,-1
0.562829554,0.393845171,0.109267607,0.007661393,-0.001703539,0.999969184,104979,145150,1,-1
0.565924942,0.390806288,0.013050232,0.006616569,-0.999976575,-0.001773940,104980,145034,1,-1
0.558649004,0.392984927,0.091525249,0.007661393,-0.001703539,0.999969184,104982,145150,1,-1
0.567902088,0.399261415,0.096786365,0.007661393,-0.001703539,0.999969184,105000,145150,1,-1
0.578260243,0.392892599,0.084339276,0.007661393,-0.001703539,0.999969184,105004,145150,1,-1
0.532062411,0.371356249,0.068224274,0.007661393,-0.001703539,0.999969184,105012,145150,1,-1
0.570271194,0.391916186,0.048383679,0.999959469,0.008980345,0.000663301,105031,145150,1,-1
0.535421908,0.357768267,0.047387358,0.006616569,-0.999976575,-0.001773940,105400,145034,1,-1
0.568230748,0.365740061,0.106612727,0.007661393,-0.001703539,0.999969184,105430,145150,1,-1
0.577774942,0.378385305,0.012017437,0.999959469,0.008980345,0.000663301,105431,145150,1,-1
0.568728805,0.380968064,0.018885750,0.007661393,-0.001703539,0.999969184,105619,145150,1,-1
0.578901172,0.386279821,0.102097221,0.007661393,-0.001703539,0.999969184,105695,145150,1,-1
0.566117883,0.381935447,0.039547287,0.999959469,0.008980345,0.000663301,105866,145150,1,-1
0.555107057,0.381468832,0.036447234,0.999959469,0.008980345,0.000663301,105915,145150,1,-1
0.568302155,0.382125229,0.079173632,0.006616569,-0.999976575,-0.001773940,105930,145034,1,-1
0.553502798,0.382629275,0.037226994,0.006616569,-0.999976575,-0.001773940,106078,145034,1,-1
0.573350847,0.392395258,0.102909788,0.006616569,-0.999976575,-0.001773940,106358,145034,1,-1
0.569278240,0.442368865,0.055176362,0.999959469,0.008980345,0.000663301,106837,145150,1,-1
0.567656159,0.448072642,0.018003877,0.007661393,-0.001703539,0.999969184,106841,145150,1,-1
0.577388108,0.441475064,0.012325746,0.999959469,0.008980345,0.000663301,106845,145150,1,-1
0.569702446,0.453010708,0.046284333,0.007661393,-0.001703539,0.999969184,106847,145150,1,-1
0.580569744,0.452134222,0.086505853,0.006616569,-0.999976575,-0.001773940,106852,145034,1,-1
0.536469400,0.443875045,0.115670636,0.999959469,0.008980345,0.000663301,106863,145150,1,-1
0.559364796,0.441310346,0.090726152,0.007661393,-0.001703539,0.999969184,106892,145150,1,-1
0.574662268,0.448036969,0.041394036,0.007661393,-0.001703539,0.999969184,106936,145150,1,-1
0.573335886,0.490688801,0.080311991,0.007661393,-0.001703539,0.999969184,106945,145150,1,-1
0.215356573,0.347420692,0.497627348,0.007661393,-0.001703539,0.999969184,106955,145150,1,-1
0.568842649,0.444883198,0.030560466,0.007661393,-0.001703539,0.999969184,106992,145150,1,-1
0.558542848,0.398608476,0.054477915,0.999959469,0.008980345,0.000663301,107136,145150,1,-1
0.532819748,0.391214132,0.016515628,0.007661393,-0.001703539,0.999969184,107194,145150,1,-1
0.538729846,0.393246174,0.109425858,0.999959469,0.008980345,0.000663301,107236,145150,1,-1
0.534235477,0.399925828,0.015834019,0.999959469,0.008980345,0.000663301,107355,145150,1,-1
0.154351771,0.269260615,0.039368119,0.999959469,0.008980345,0.000663301,107394,145150,1,-1
0.155058324,0.269979268,0.047817566,0.006616569,-0.999976575,-0.001773940,107395,145034,1,-1
0.575533211,0.427667767,0.097844623,0.007661393,-0.001703539,0.999969184,107483,145150,1,-1
0.594340742,0.434924245,0.078154601,0.999959469,0.008980345,0.000663301,107526,145150,1,-1
0.524950027,0.476062089,0.068135381,0.007661393,-0.001703539,0.999969184,107565,145150,1,-1
0.586113989,0.437581360,0.094026253,0.006616569,-0.999976575,-0.001773940,107767,145034,1,-1
0.562632978,0.432645500,0.077059045,0.999959469,0.008980345,0.000663301,107806,145150,1,-1
0.587722480,0.441181451,0.092760578,0.999959469,0.008980345,0.000663301,107840,145150,1,-1
0.532535315,0.423898101,0.128199041,0.006616569,-0.999976575,-0.001773940,107850,145034,1,-1
0.542818606,0.427429616,0.019448360,0.006616569,-0.999976575,-0.001773940,107860,145034,1,-1
0.538706899,0.430677593,0.017757442,0.007661393,-0.001703539,0.999969184,107886,145150,1,-1
0.533673465,0.468330413,0.033175621,0.006616569,-0.999976575,-0.001773940,108996,145034,1,-1
0.585989356,0.490927130,0.074849747,0.007661393,-0.001703539,0.999969184,109017,145150,1,-1
0.590820432,0.499803156,0.087012112,0.007661393,-0.001703539,0.999969184,109025,145150,1,-1
0.592210472,0.485431015,0.068377227,0.999959469,0.008980345,0.000663301,109030,145150,1,-1
0.208344653,0.360174656,0.474731266,0.999959469,0.008980345,0.000663301,109058,145150,1,-1
0.304252237,0.390136540,0.021482117,0.006616569,-0.999976575,-0.001773940,109073,145034,1,-1
0.357882202,0.445918053,0.023229519,0.999959469,0.008980345,0.000663301,109080,145150,1,-1
0.533394456,0.476474941,0.016353857,0.007661393,-0.001703539,0.999969184,109090,145150,1,-1
0.532270849,0.476570725,0.016130336,0.007661393,-0.001703539,0.999969184,109090,145150,1,-1
0.532270849,0.476570725,0.016130336,0.007661393,-0.001703539,0.999969184,109090,145150,1,-1
0.198011935,0.356357932,0.022868743,0.999959469,0.008980345,0.000663301,109193,145150,1,-1
0.224685729,0.333610147,0.682302117,0.007661393,-0.001703539,0.999969184,109288,145150,1,-1
0.211520523,0.330028832,0.541870356,0.007661393,-0.001703539,0.999969184,109328,145150,1,-1
0.551313758,0.446462691,0.097697318,0.006616569,-0.999976575,-0.001773940,109396,145034,1,-1
0.565448105,0.455959767,0.012308421,0.006616569,-0.999976575,-0.001773940,109467,145034,1,-1
0.231999561,0.345871478,0.772366524,0.007661393,-0.001703539,0.999969184,109477,145150,1,-1
0.568596542,0.459831148,0.085543074,0.007661393,-0.001703539,0.999969184,109527,145150,1,-1
0.228816286,0.349536210,0.726779640,0.007661393,-0.001703539,0.999969184,109602,145150,1,-1
0.207675308,0.333714753,0.544672191,0.999959469,0.008980345,0.000663301,109835,145150,1,-1
0.285883546,0.363399953,0.032485519,0.006616569,-0.999976575,-0.001773940,110082,145034,1,-1
0.228456631,0.346302718,0.761427641,0.006616569,-0.999976575,-0.001773940,110270,145034,1,-1
0.227573052,0.347168386,0.720329642,0.006616569,-0.999976575,-0.001773940,110331,145034,1,-1
0.587176681,0.479154617,0.064307101,0.999959469,0.008980345,0.000663301,110371,145150,1,-1
0.214384183,0.347712457,0.482923865,0.006616569,-0.999976575,-0.001773940,110446,145034,1,-1
0.226644740,0.350433230,0.590772748,0.007661393,-0.001703539,0.999969184,110634,145150,1,-1
0.299370736,0.381377608,0.032240395,0.999959469,0.008980345,0.000663301,110791,145150,1,-1
0.218107060,0.355138719,0.636569858,0.007661393,-0.001703539,0.999969184,110961,145150,1,-1
0.358267993,0.402118713,0.005078757,0.007661393,-0.001703539,0.999969184,110966,145150,1,-1
0.208901256,0.353498340,0.520437360,0.999959469,0.008980345,0.000663301,111224,145150,1,-1
0.211619109,0.354816586,0.482624054,0.006616569,-0.999976575,-0.001773940,111296,145034,1,-1
0.586960733,0.498247862,0.060642809,0.006616569,-0.999976575,-0.001773940,111662,145034,1,-1
0.559842169,0.506533325,0.096953407,0.007661393,-0.001703539,0.999969184,111908,145150,1,-1
0.518366039,0.509730935,0.084104024,0.006616569,-0.999976575,-0.001773940,111915,145034,1,-1
0.130045876,0.372785687,0.454964697,0.007661393,-0.001703539,0.999969184,111934,145150,1,-1
0.266276956,0.404840380,0.023891812,0.006616569,-0.999976575,-0.001773940,111937,145034,1,-1
0.253419578,0.414179355,0.020264540,0.999959469,0.008980345,0.000663301,111940,145150,1,-1
0.318677276,0.430202156,0.228699595,0.007661393,-0.001703539,0.999969184,112006,145150,1,-1
0.350847572,0.434834450,0.358073860,0.999959469,0.008980345,0.000663301,112015,145150,1,-1
0.350704819,0.440669447,0.222996816,0.007661393,-0.001703539,0.999969184,112016,145150,1,-1
0.356147170,0.433553994,0.273958832,0.007661393,-0.001703539,0.999969184,112022,145150,1,-1
0.296196818,0.425309718,0.016947763,0.006616569,-0.999976575,-0.001773940,112130,145034,1,-1
0.516750813,0.504625857,0.103796288,0.006616569,-0.999976575,-0.001773940,112163,145034,1,-1
0.553491354,0.479714155,0.063972428,0.006616569,-0.999976575,-0.001773940,112205,145034,1,-1
0.279922187,0.386443019,0.012885069,0.999959469,0.008980345,0.000663301,112265,145150,1,-1
0.351241201,0.426510125,0.173789516,0.999959469,0.008980345,0.000663301,112267,145150,1,-1
0.275748819,0.388460904,0.006409815,0.006616569,-0.999976575,-0.001773940,112533,145034,1,-1
0.359334260,0.421521187,0.025450967,0.006616569,-0.999976575,-0.001773940,112541,145034,1,-1
0.538178205,0.487910032,0.107638411,0.999959469,0.008980345,0.000663301,112551,145150,1,-1
0.533493161,0.483029813,0.114709191,0.007661393,-0.001703539,0.999969184,112604,145150,1,-1
0.297802329,0.401228100,0.226852551,0.007661393,-0.001703539,0.999969184,113078,145150,1,-1
0.575950503,0.504601896,0.069048703,0.006616569,-0.999976575,-0.001773940,113583,145034,1,-1
0.363391429,0.432365537,0.021019340,0.999959469,0.008980345,0.000663301,113707,145150,1,-1
0.372035563,0.435409993,0.227849990,0.007661393,-0.001703539,0.999969184,113802,145150,1,-1
0.374389917,0.435514927,0.320863843,0.999959469,0.008980345,0.000663301,113804,145150,1,-1
0.572752833,0.504964948,0.096518874,0.006616569,-0.999976575,-0.001773940,113854,145034,1,-1
0.143544808,0.356164604,0.020207735,0.999959469,0.008980345,0.000663301,114149,145150,1,-1
0.382373780,0.444241583,0.319426090,0.007661393,-0.001703539,0.999969184,114807,145150,1,-1
0.359689236,0.438777745,0.018848704,0.006616569,-0.999976575,-0.001773940,114880,145034,1,-1
0.297089577,0.416019678,0.014945377,0.007661393,-0.001703539,0.999969184,115090,145150,1,-1
0.547439158,0.516305625,0.095414527,0.006616569,-0.999976575,-0.001773940,115414,145034,1,-1
0.126278728,0.377557576,0.546685219,0.007661393,-0.001703539,0.999969184,115417,145150,1,-1
0.140995979,0.380318254,0.058092717,0.006616569,-0.999976575,-0.001773940,115418,145034,1,-1
0.143998846,0.382090271,0.045479823,0.999959469,0.008980345,0.000663301,115419,145150,1,-1
0.276936859,0.428066880,0.063982368,0.006616569,-0.999976575,-0.001773940,115427,145034,1,-1
0.293218374,0.432175487,0.018701088,0.006616569,-0.999976575,-0.001773940,115432,145034,1,-1
0.320167482,0.444594860,0.016960470,0.006616569,-0.999976575,-0.001773940,115444,145034,1,-1
0.482615799,0.486014277,0.062633991,0.999959469,0.008980345,0.000663301,115480,145150,1,-1
0.487818956,0.483991742,0.049727518,0.999959469,0.008980345,0.000663301,115485,145150,1,-1
0.264824301,0.412779242,0.009723195,0.007661393,-0.001703539,0.999969184,115523,145150,1,-1
0.129190803,0.369307697,0.226096138,0.007661393,-0.001703539,0.999969184,115655,145150,1,-1
0.274762213,0.415092230,0.052729312,0.999959469,0.008980345,0.000663301,115671,145150,1,-1
0.357267290,0.457900822,0.007326931,0.007661393,-0.001703539,0.999969184,115918,145150,1,-1
0.303789079,0.431926697,0.273127198,0.999959469,0.008980345,0.000663301,116306,145150,1,-1
0.486027479,0.480148673,0.057608020,0.007661393,-0.001703539,0.999969184,116326,145150,1,-1
0.484525323,0.484137863,0.040567186,0.007661393,-0.001703539,0.999969184,116327,145150,1,-1
0.481802136,0.476649761,0.025390523,0.999959469,0.008980345,0.000663301,116480,145150,1,-1
0.268094361,0.459192097,0.003971596,0.007661393,-0.001703539,0.999969184,116960,145150,1,-1
0.293301046,0.437351614,0.050477464,0.007661393,-0.001703539,0.999969184,116995,145150,1,-1
0.290720463,0.438654840,0.058077343,0.007661393,-0.001703539,0.999969184,117095,145150,1,-1
0.471341521,0.504440606,0.062602796,0.006616569,-0.999976575,-0.001773940,117143,145034,1,-1
0.296533495,0.444523484,0.035084579,0.999959469,0.008980345,0.000663301,117166,145150,1,-1
0.131389976,0.393679589,0.136676207,0.007661393,-0.001703539,0.999969184,117196,145150,1,-1
0.218966931,0.507526815,0.079068817,0.006616569,-0.999976575,-0.001773940,117220,145034,1,-1
0.218966931,0.507526815,0.079068817,0.006616569,-0.999976575,-0.001773940,117220,145034,1,-1
0.321177751,0.494619161,0.131525844,0.006616569,-0.999976575,-0.001773940,117288,145034,1,-1
0.339276701,0.502785444,0.104444802,0.006616569,-0.999976575,-0.001773940,117296,145034,1,-1
0.319946736,0.496961236,0.115931891,0.006616569,-0.999976575,-0.001773940,117315,145034,1,-1
0.277452737,0.502736866,0.102649577,0.006616569,-0.999976575,-0.001773940,117396,145034,1,-1
0.268806219,0.502896726,0.097374469,0.006616569,-0.999976575,-0.001773940,117405,145034,1,-1
0.257752687,0.502869666,0.097563170,0.006616569,-0.999976575,-0.001773940,117410,145034,1,-1
0.248115689,0.502794802,0.098183498,0.999959469,0.008980345,0.000663301,117417,145150,1,-1
0.453323215,0.068552442,0.028653290,0.999959469,0.008980345,0.000663301,117441,145150,1,-1
0.439191729,0.080483392,0.031903744,0.999959469,0.008980345,0.000663301,117465,145150,1,-1
0.441867113,0.084442504,0.009937169,0.006616569,-0.999976575,-0.001773940,117474,145034,1,-1
0.434800386,0.219344676,0.022227515,0.007661393,-0.001703539,0.999969184,117710,145150,1,-1
0.434775978,0.221425921,0.019019887,0.006616569,-0.999976575,-0.001773940,117737,145034,1,-1
0.440746903,0.226124123,0.017493958,0.006616569,-0.999976575,-0.001773940,117767,145034,1,-1
0.484310180,0.424120843,0.032020748,0.999959469,0.008980345,0.000663301,118324,145150,1,-1
0.489171505,0.434061766,0.007356205,0.007661393,-0.001703539,0.999969184,118387,145150,1,-1
0.487791210,0.429151595,0.055135991,0.007661393,-0.001703539,0.999969184,118575,145150,1,-1
0.488164037,0.429912120,0.063844368,0.007661393,-0.001703539,0.999969184,118696,145150,1,-1
0.494593471,0.458073735,0.042584103,0.999959469,0.008980345,0.000663301,119278,145150,1,-1
0.484684020,0.452724576,0.852257729,0.007661393,-0.001703539,0.999969184,119542,145150,1,-1
0.480185211,0.466842979,0.037083499,0.006616569,-0.999976575,-0.001773940,119697,145034,1,-1
0.465535641,0.471142560,0.118957035,0.006616569,-0.999976575,-0.001773940,120899,145034,1,-1
0.465509832,0.479104578,0.122750171,0.006616569,-0.999976575,-0.001773940,121058,145034,1,-1
0.431068450,0.468734980,0.024842048,0.007661393,-0.001703539,0.999969184,121201,145150,1,-1
0.459086329,0.480535448,0.025221748,0.999959469,0.008980345,0.000663301,121231,145150,1,-1
0.453306407,0.480714291,0.017543023,0.006616569,-0.999976575,-0.001773940,121233,145034,1,-1
0.395225883,0.462513059,0.172595531,0.007661393,-0.001703539,0.999969184,121773,145150,1,-1
0.358792722,0.454799592,0.014643164,0.007661393,-0.001703539,0.999969184,122155,145150,1,-1
0.358732283,0.468845665,0.020753203,0.007661393,-0.001703539,0.999969184,122260,145150,1,-1
0.359113246,0.457001597,0.026690667,0.007661393,-0.001703539,0.999969184,122270,145150,1,-1
0.356347471,0.453904271,0.166809067,0.007661393,-0.001703539,0.999969184,122543,145150,1,-1
0.396145523,0.474127918,0.010667338,0.007661393,-0.001703539,0.999969184,122620,145150,1,-1
0.358195931,0.469099283,0.020072782,0.006616569,-0.999976575,-0.001773940,123212,145034,1,-1
0.331108600,0.463468999,0.173297763,0.007661393,-0.001703539,0.999969184,123322,145150,1,-1
0.300568014,0.451510817,0.010613619,0.007661393,-0.001703539,0.999969184,123401,145150,1,-1
0.346176863,0.466277421,0.843239963,0.999959469,0.008980345,0.000663301,123434,145150,1,-1
0.334493250,0.463303238,0.006647810,0.999959469,0.008980345,0.000663301,123500,145150,1,-1
0.347721547,0.469754338,0.126820877,0.006616569,-0.999976575,-0.001773940,123633,145034,1,-1
0.357627034,0.478565812,0.014024270,0.007661393,-0.001703539,0.999969184,123656,145150,1,-1
0.355854034,0.474439770,0.036394514,0.006616569,-0.999976575,-0.001773940,123730,145034,1,-1
0.357544810,0.482505053,0.026768347,0.007661393,-0.001703539,0.999969184,123936,145150,1,-1
0.308776140,0.463502645,0.172567040,0.007661393,-0.001703539,0.999969184,123963,145150,1,-1
0.345733792,0.483952522,0.127072364,0.999959469,0.008980345,0.000663301,124503,145150,1,-1
0.332186103,0.483355761,0.018577617,0.006616569,-0.999976575,-0.001773940,124563,145034,1,-1
0.241626516,0.436912775,0.873618543,0.999959469,0.008980345,0.000663301,124604,145150,1,-1
0.232964724,0.415023863,0.033350147,0.006616569,-0.999976575,-0.001773940,124636,145034,1,-1
0.207268968,0.411203295,0.047987983,0.007661393,-0.001703539,0.999969184,124747,145150,1,-1
0.213611245,0.413494796,0.041239612,0.006616569,-0.999976575,-0.001773940,124748,145034,1,-1
0.217775121,0.416437209,0.549466789,0.999959469,0.008980345,0.000663301,124771,145150,1,-1
0.219551802,0.422049046,0.204094678,0.007661393,-0.001703539,0.999969184,124801,145150,1,-1
0.200779304,0.413675070,0.040466964,0.007661393,-0.001703539,0.999969184,124850,145150,1,-1
0.210756093,0.438909531,0.027852988,0.999959469,0.008980345,0.000663301,125000,145150,1,-1
0.186854109,0.417297870,0.041629989,0.006616569,-0.999976575,-0.001773940,125010,145034,1,-1
0.170734733,0.415076762,0.023405850,0.999959469,0.008980345,0.000663301,125034,145150,1,-1
0.181135640,0.418271840,0.074932501,0.006616569,-0.999976575,-0.001773940,125225,145034,1,-1
0.180773199,0.419788212,0.064098909,0.999959469,0.008980345,0.000663301,125251,145150,1,-1
0.191324025,0.423298895,0.025935283,0.006616569,-0.999976575,-0.001773940,125258,145034,1,-1
0.170689598,0.416552722,0.071931444,0.999959469,0.008980345,0.000663301,125276,145150,1,-1
0.184448004,0.422903150,0.051256716,0.007661393,-0.001703539,0.999969184,125356,145150,1,-1
0.166378766,0.417528272,0.068620048,0.999959469,0.008980345,0.000663301,125376,145150,1,-1
0.190010667,0.425590426,0.063698910,0.006616569,-0.999976575,-0.001773940,125407,145034,1,-1
0.255852401,0.450070173,0.006081311,0.006616569,-0.999976575,-0.001773940,125501,145034,1,-1
0.197304666,0.429897547,0.061823707,0.007661393,-0.001703539,0.999969184,125519,145150,1,-1
0.254326195,0.458607465,0.028493136,0.999959469,0.008980345,0.000663301,125572,145150,1,-1
0.174927890,0.425234377,0.059516408,0.999959469,0.008980345,0.000663301,125585,145150,1,-1
0.238885969,0.445557386,0.015490653,0.999959469,0.008980345,0.000663301,125597,145150,1,-1
0.215318799,0.440993845,0.007385439,0.006616569,-0.999976575,-0.001773940,125795,145034,1,-1
0.210598990,0.444871873,0.050837137,0.007661393,-0.001703539,0.999969184,125862,145150,1,-1
0.256925076,0.464778572,0.026526719,0.006616569,-0.999976575,-0.001773940,125957,145034,1,-1
0.224387258,0.452470481,0.019772656,0.999959469,0.008980345,0.000663301,126061,145150,1,-1
0.264606297,0.470210761,0.018998938,0.007661393,-0.001703539,0.999969184,126188,145150,1,-1
0.221547455,0.453848213,0.022993656,0.006616569,-0.999976575,-0.001773940,126546,145034,1,-1
0.273210883,0.475177228,0.011724493,0.006616569,-0.999976575,-0.001773940,126641,145034,1,-1
0.201238871,0.453352481,0.021339139,0.006616569,-0.999976575,-0.001773940,126754,145034,1,-1
0.200262636,0.452664107,0.008187164,0.007661393,-0.001703539,0.999969184,126824,145150,1,-1
0.240002975,0.484077573,0.023597462,0.007661393,-0.001703539,0.999969184,126913,145150,1,-1
0.264536381,0.480381906,0.012782299,0.006616569,-0.999976575,-0.001773940,126952,145034,1,-1
0.212019056,0.469680250,0.017188149,0.007661393,-0.001703539,0.999969184,127030,145150,1,-1
0.232228518,0.479995251,0.017499339,0.006616569,-0.999976575,-0.001773940,127073,145034,1,-1
0.221464425,0.483550340,0.037004422,0.007661393,-0.001703539,0.999969184,127119,145150,1,-1
0.222996488,0.484726727,0.019548303,0.006616569,-0.999976575,-0.001773940,127237,145034,1,-1
0.139039949,0.463248074,0.003410203,0.007661393,-0.001703539,0.999969184,127246,145150,1,-1
0.162620172,0.470662147,0.020289006,0.006616569,-0.999976575,-0.001773940,127250,145034,1,-1
0.161582842,0.470187664,0.064754382,0.006616569,-0.999976575,-0.001773940,127313,145034,1,-1
0.171678871,0.478258431,0.063377343,0.006616569,-0.999976575,-0.001773940,127343,145034,1,-1
0.190393955,0.507411957,0.127908647,0.007661393,-0.001703539,0.999969184,127381,145150,1,-1
0.176475599,0.494523078,0.117461987,0.999959469,0.008980345,0.000663301,127501,145150,1,-1
0.166651353,0.504321277,0.065842681,0.007661393,-0.001703539,0.999969184,127665,145150,1,-1
0.164393201,0.502731144,0.061027788,0.999959469,0.008980345,0.000663301,127783,145150,1,-1
0.113152727,0.430490524,0.019960551,0.006616569,-0.999976575,-0.001773940,127968,145034,1,-1
0.115935698,0.432007760,0.069835909,0.006616569,-0.999976575,-0.001773940,127983,145034,1,-1
0.099411100,0.429286659,0.070121050,0.999959469,0.008980345,0.000663301,127992,145150,1,-1
0.090373538,0.424582869,0.147260949,0.006616569,-0.999976575,-0.001773940,128051,145034,1,-1
0.099839471,0.455417991,0.021733643,0.999959469,0.008980345,0.000663301,128077,145150,1,-1
0.110669546,0.446905524,0.069344245,0.006616569,-0.999976575,-0.001773940,128361,145034,1,-1
0.129558012,0.466935009,0.067039989,0.006616569,-0.999976575,-0.001773940,128649,145034,1,-1
0.088796593,0.456043512,0.811203718,0.006616569,-0.999976575,-0.001773940,128712,145034,1,-1
0.147587091,0.486313432,0.064298615,0.999959469,0.008980345,0.000663301,128984,145150,1,-1
0.119791709,0.477331817,0.064498775,0.999959469,0.008980345,0.000663301,128997,145150,1,-1
0.137782365,0.490982264,0.033704553,0.006616569,-0.999976575,-0.001773940,129095,145034,1,-1
0.130059004,0.486654967,0.062975816,0.999959469,0.008980345,0.000663301,129134,145150,1,-1
0.137173653,0.492878944,0.038925204,0.999959469,0.008980345,0.000663301,129200,145150,1,-1
0.098610274,0.483662009,0.126488060,0.999959469,0.008980345,0.000663301,129208,145150,1,-1
0.137097374,0.502476811,0.060994580,0.006616569,-0.999976575,-0.001773940,129485,145034,1,-1
0.098394789,0.493371576,0.161600471,0.999959469,0.008980345,0.000663301,129594,145150,1,-1
0.117009312,0.502530694,0.119253948,0.006616569,-0.999976575,-0.001773940,129648,145034,1,-1
0.103630282,0.510089159,0.171558738,0.007661393,-0.001703539,0.999969184,129652,145150,1,-1
0.125850990,0.507538319,0.126312867,0.007661393,-0.001703539,0.999969184,129750,145150,1,-1
0.092898503,0.498823732,0.144453451,0.999959469,0.008980345,0.000663301,129865,145150,1,-1
0.112620220,0.507075667,0.135778382,0.007661393,-0.001703539,0.999969184,129906,145150,1,-1
0.102869160,0.235262230,0.820999324,0.007661393,-0.001703539,0.999969184,130539,145150,1,-1
0.033840243,0.208230272,0.874606192,0.007661393,-0.001703539,0.999969184,130548,145150,1,-1
