0.003190429,0.423233807,0.000000000,-0.994021475,-0.109184898,0.000000000,0,0,2
0.003433300,0.426208824,0.000000000,-0.927942634,0.372723013,0.000000000,1,1,2
0.071624763,0.258464992,0.000000000,-0.922443986,-0.386130959,0.000000000,2,64,1
0.074391678,0.506157279,0.000000000,-0.748769164,0.662830889,0.000000000,3,3,1
0.028030276,0.416833192,0.000000000,-0.994768560,0.102154806,0.000000000,4,4,2
0.028968235,0.418969065,0.000000000,-0.895620406,0.444819272,0.000000000,5,5,2
0.062127005,0.334003776,0.000000000,-0.922443986,-0.386130959,0.000000000,6,64,1
0.086583316,0.483840019,0.000000000,-0.748769164,0.662830889,0.000000000,7,3,1
0.096607827,0.250872552,0.000000000,-0.751214325,-0.660058379,0.000000000,8,8,2
0.097333200,0.248901203,0.000000000,-0.477858514,-0.878436863,0.000000000,9,9,2
0.097809561,0.248351723,0.000000000,0.110394910,-0.993887842,0.000000000,10,10,2
0.099848449,0.250649363,0.000000000,0.550969601,-0.834525287,0.000000000,12,12,2
0.154841229,0.310130388,0.000000000,-0.765486062,0.643452466,0.000000000,13,13,1
0.111888871,0.243662894,0.000000000,-0.995555043,0.094181515,0.000000000,14,14,2
0.115999997,0.249319673,0.000000000,-0.807283938,0.590163350,0.000000000,15,15,2
0.115703374,0.234121338,0.000000000,-0.929379642,-0.369125366,0.000000000,16,16,2
0.115090869,0.267107934,0.000000000,0.541304708,-0.840826511,0.000000000,17,17,2
0.117555536,0.200915545,0.000000000,-0.989774287,0.142642498,0.000000000,18,18,2
0.124924824,0.209739253,0.000000000,-0.766056836,0.642772913,0.000000000,19,19,2
0.118890882,0.261678308,0.000000000,-0.955681503,-0.294402659,0.000000000,20,20,2
0.133119226,0.162852809,0.000000000,-0.922443986,-0.386130959,0.000000000,21,64,1
0.119920686,0.260989159,0.000000000,-0.999661624,0.026013348,0.000000000,22,22,2
0.119444452,0.267215997,0.000000000,-0.935619056,0.353011280,0.000000000,23,23,2
0.119899943,0.224010900,0.000000000,-0.765159607,-0.643840671,0.000000000,24,24,2
0.120696902,0.254495621,0.000000000,-0.945144236,0.326653421,0.000000000,25,25,2
0.120933399,0.221538395,0.000000000,-0.298105985,-0.954532802,0.000000000,26,26,2
0.120667003,0.221977994,0.000000000,-0.567486763,-0.823382616,0.000000000,27,27,2
0.121333003,0.221428677,0.000000000,0.096306987,-0.995351672,0.000000000,28,28,2
0.123127505,0.223416194,0.000000000,0.543231130,-0.839583158,0.000000000,29,29,2
0.154986531,0.259215564,0.000000000,-0.748769164,0.662830889,0.000000000,30,3,1
0.133279905,0.218879074,0.000000000,0.531071782,-0.847326875,0.000000000,31,31,2
0.134333387,0.872527361,0.000000000,1.000000000,-0.000000000,0.000000000,32,32,2
0.134777978,0.220787659,0.000000000,0.227933303,-0.973676741,0.000000000,33,33,2
0.135222003,0.220879331,0.000000000,-0.145167202,-0.989407122,0.000000000,34,34,2
0.136294901,0.218068451,0.000000000,-0.762457669,-0.647038102,0.000000000,35,35,2
0.139764965,0.209502712,0.000000000,-0.918431461,-0.395580173,0.000000000,37,37,2
0.139809564,0.094230711,0.000000000,-0.717519879,-0.696538091,0.000000000,38,38,2
0.140976220,0.092700295,0.000000000,-0.367952406,-0.929844677,0.000000000,39,39,2
0.243657023,0.113692358,0.000000000,0.182203919,-0.983260810,0.000000000,40,66,1
0.143018484,0.201678753,0.000000000,-0.727758646,-0.685833335,0.000000000,41,41,2
0.143722326,0.199542344,0.000000000,-0.423764199,-0.905772567,0.000000000,42,42,2
0.144533306,0.548846245,0.000000000,0.512223244,-0.858852386,0.000000000,43,43,2
0.144249752,0.199313238,0.000000000,-0.038365442,-0.999263823,0.000000000,44,44,2
0.144980311,0.586263776,0.000000000,-0.939643085,0.342156202,0.000000000,45,45,2
0.146033317,0.201043889,0.000000000,0.486396044,-0.873738468,0.000000000,46,46,2
0.145166472,0.594230711,0.000000000,-0.979387403,0.201991111,0.000000000,47,47,2
0.150146291,0.791244090,0.000000000,0.999999821,0.000603110,-0.000000000,48,988,1
0.145166501,0.733791053,0.000000000,-0.968138456,0.250415713,0.000000000,49,49,2
0.145733610,0.550329626,0.000000000,0.286122143,-0.958193183,0.000000000,51,51,2
0.146285564,0.550470948,0.000000000,-0.182369828,-0.983230054,0.000000000,52,52,2
0.147602543,0.547696590,0.000000000,-0.772001565,-0.635620654,0.000000000,53,53,2
0.147466600,0.736593425,0.000000000,-0.682310522,-0.731062472,0.000000000,56,56,2
0.147500008,0.738461614,0.000000000,-0.911772788,-0.410694987,0.000000000,57,57,2
0.148037106,0.203052565,0.000000000,0.564374924,-0.825518668,0.000000000,59,59,2
0.192961589,0.735441446,0.000000000,0.000603066,-0.999999821,0.000000000,60,988,1
0.148777738,0.124908417,0.000000000,-0.735579073,-0.677438915,0.000000000,62,62,2
0.168864176,0.226323292,0.000000000,-0.748769164,0.662830889,0.000000000,63,3,1
0.179750100,0.480790287,0.000000000,-0.922443986,-0.386130959,0.000000000,64,64,1
0.149750009,0.123443075,0.000000000,-0.434742808,-0.900554717,0.000000000,65,65,2
0.188504606,0.130816609,0.000000000,0.182203919,-0.983260810,0.000000000,66,66,1
0.152925938,0.557203770,0.000000000,-0.994740307,0.102429256,0.000000000,67,67,2
0.153944492,0.735988796,0.000000000,0.258350044,-0.966051400,0.000000000,68,68,2
0.157086432,0.562969446,0.000000000,-0.803983212,0.594651997,0.000000000,69,69,2
0.153333336,0.555495024,0.000000000,-0.985323548,-0.170697242,0.000000000,70,70,2
0.154778004,0.737545967,0.000000000,0.385715067,-0.922617972,0.000000000,71,71,2
0.154833496,0.739011049,0.000000000,-0.917897522,0.396817595,0.000000000,72,72,2
0.154933393,0.894615173,0.000000000,-0.969761431,0.244054779,0.000000000,73,73,2
0.156583369,0.308104396,0.000000000,0.374732912,-0.927132845,0.000000000,75,75,2
0.157274470,0.313639313,0.000000000,-0.921627402,0.388076067,0.000000000,77,77,2
0.157199815,0.308901221,0.000000000,0.084102251,-0.996457160,0.000000000,78,78,2
0.157399997,0.894615293,0.000000000,-0.969741344,-0.244134694,0.000000000,79,79,2
0.157499999,0.737087965,0.000000000,-0.479675591,-0.877445936,0.000000000,80,80,2
0.157555655,0.738095284,0.000000000,-0.770278573,-0.637707531,0.000000000,81,81,2
0.157466605,0.739120841,0.000000000,-0.931732833,-0.363144547,0.000000000,82,82,2
0.157916754,0.309478134,0.000000000,-0.275945872,-0.961173177,0.000000000,83,83,2
0.161105320,0.308145553,0.000000000,-0.720881701,-0.693058133,0.000000000,84,84,2
0.159666598,0.311538011,0.000000000,-0.921560049,-0.388235956,0.000000000,85,85,2
0.161437511,0.569058955,0.000000000,-0.963511586,0.267666817,0.000000000,86,86,2
0.161496967,0.578711271,0.000000000,-0.985583544,0.169189513,0.000000000,87,87,2
0.161499992,0.587362707,0.000000000,-0.856937766,0.515419960,0.000000000,88,88,2
0.161909103,0.588961065,0.000000000,0.535015106,-0.844842494,0.000000000,89,89,2
0.161761865,0.673940241,0.000000000,-0.636439025,-0.771327019,0.000000000,90,90,2
0.161518544,0.675702095,0.000000000,-0.888666511,-0.458554178,0.000000000,91,91,2
0.161476150,0.678846002,0.000000000,-0.978271723,-0.207327127,0.000000000,92,92,2
0.161501944,0.692443550,0.000000000,0.999983668,0.005724523,-0.000000000,93,93,2
0.161481440,0.705372572,0.000000000,-0.939935505,0.341352224,0.000000000,94,94,2
0.161533400,0.707252622,0.000000000,-0.839308023,0.543656230,0.000000000,95,95,2
0.162733331,0.707985461,0.000000000,0.435174793,-0.900345981,0.000000000,96,96,2
0.169333354,0.589029491,0.000000000,0.031888355,-0.999491453,0.000000000,97,97,2
0.164246380,0.673889101,0.000000000,-0.230028689,-0.973183870,0.000000000,98,98,2
0.163333207,0.303296804,0.000000000,-0.387161046,-0.922012091,0.000000000,99,99,2
0.164972201,0.304327041,0.000000000,0.426268011,-0.904596925,0.000000000,101,101,2
0.204290465,0.707975626,0.000000000,0.000603066,-0.999999821,0.000000000,102,988,1
0.166960776,0.306496441,0.000000000,0.587704062,-0.809075952,0.000000000,103,103,2
0.180587664,0.673897862,0.000000000,0.018684968,-0.999825418,0.000000000,104,104,2
0.171369910,0.311538368,0.000000000,-0.760852993,0.648924291,0.000000000,105,105,2
0.175857142,0.316640526,0.000000000,0.513518989,-0.858078241,0.000000000,106,106,2
0.177166656,0.589010954,0.000000000,-0.285205454,-0.958466411,0.000000000,107,107,2
0.177133203,0.317912012,0.000000000,0.246233463,-0.969210565,0.000000000,108,108,2
0.177833498,0.317857027,0.000000000,-0.345986336,-0.938239574,0.000000000,110,110,2
0.178833291,0.315384716,0.000000000,-0.759196401,-0.650861681,0.000000000,111,111,2
0.178583384,0.588942349,0.000000000,-0.579139292,-0.815228641,0.000000000,112,112,2
0.179095283,0.553061306,0.000000000,-0.636445403,-0.771321774,0.000000000,113,113,2
0.178852007,0.554823101,0.000000000,-0.888681531,-0.458524913,0.000000000,114,114,2
0.178809717,0.557966888,0.000000000,-0.978276670,-0.207303777,0.000000000,115,115,2
0.178837106,0.572527349,0.000000000,0.999975741,-0.006969338,0.000000000,116,116,2
0.178833500,0.586263776,0.000000000,-0.937517345,-0.347938478,0.000000000,117,117,2
0.178833500,0.587912321,0.000000000,-0.799739957,-0.600346565,0.000000000,118,118,2
0.182896957,0.305460513,0.000000000,-0.928368509,-0.371660978,0.000000000,119,119,2
0.254046172,0.553268671,0.000000000,0.000603066,-0.999999821,0.000000000,120,988,1
0.182523772,0.271742493,0.000000000,-0.999821663,0.018883716,0.000000000,121,121,2
0.183199972,0.274120808,0.000000000,-0.911452293,0.411405802,0.000000000,122,122,2
0.186564758,0.261808157,0.000000000,-0.935304582,-0.353843659,0.000000000,123,123,2
0.195750400,0.287912279,0.000000000,-0.744541883,0.667575777,0.000000000,124,124,2
0.186235309,0.294279218,0.000000000,-0.928549767,0.371208012,0.000000000,125,125,2
0.186666653,0.296428472,0.000000000,-0.999999106,-0.001333564,0.000000000,126,126,2
0.190104187,0.249828339,0.000000000,-0.927994907,0.372592896,0.000000000,127,127,2
0.190555587,0.252014607,0.000000000,-0.999915957,0.012964161,0.000000000,128,128,2
0.193972230,0.707554758,0.000000000,-0.250888675,-0.968015969,0.000000000,129,129,2
0.193562478,0.459169000,0.000000000,-0.744963765,-0.667104959,0.000000000,130,130,2
0.194249764,0.457554996,0.000000000,-0.567865252,-0.823121548,0.000000000,131,131,2
0.194533393,0.456813008,0.000000000,-0.301304877,-0.953527868,0.000000000,132,132,2
0.195272729,0.456793100,0.000000000,0.223441705,-0.974717319,0.000000000,133,133,2
0.194999993,0.674175978,0.000000000,0.269941896,-0.962876678,0.000000000,134,134,2
0.205126569,0.493675232,0.000000000,-0.922443986,-0.386130959,0.000000000,135,64,1
0.196532518,0.527617574,0.000000000,-0.980050266,-0.198749810,0.000000000,136,136,2
0.196414143,0.544072509,0.000000000,0.999999523,0.001013935,-0.000000000,137,137,2
0.195199803,0.549340785,0.000000000,-0.931756437,-0.363083959,0.000000000,138,138,2
0.195110992,0.550365984,0.000000000,-0.770262420,-0.637727022,0.000000000,139,139,2
0.195166498,0.551373482,0.000000000,-0.479921103,-0.877311647,0.000000000,140,140,2
0.195110992,0.675458014,0.000000000,0.579823554,-0.814742148,0.000000000,141,141,2
0.195583239,0.676236391,0.000000000,-0.925075948,0.379782230,0.000000000,142,142,2
0.197406828,0.642420053,0.000000000,-0.999999821,-0.000602991,0.000000000,143,988,1
0.195151344,0.704245925,0.000000000,-0.920878291,-0.389850199,0.000000000,144,144,2
0.197053373,0.672703266,0.000000000,-0.966148794,-0.257985502,0.000000000,148,148,2
0.197301000,0.458950758,0.000000000,0.565937996,-0.824447870,0.000000000,149,149,2
0.196882382,0.332902342,0.000000000,-0.999999464,0.001027689,0.000000000,150,150,2
0.197634876,0.335609585,0.000000000,-0.902550280,0.430584580,0.000000000,151,151,2
0.202605650,0.318657994,0.000000000,-0.931230068,-0.364431828,0.000000000,152,152,2
0.197800204,0.549340785,0.000000000,-0.931757748,0.363080621,0.000000000,153,153,2
0.197889015,0.550365984,0.000000000,-0.770232677,0.637763083,0.000000000,154,154,2
0.199000061,0.552472353,0.000000000,0.284354091,-0.958719373,0.000000000,155,155,2
0.198333323,0.561629951,0.000000000,-0.518456936,-0.855103791,0.000000000,156,156,2
0.197833493,0.563186765,0.000000000,-0.854844391,-0.518884480,0.000000000,157,157,2
0.197833508,0.564835310,0.000000000,-0.963392854,-0.268093675,0.000000000,158,158,2
0.197848618,0.704245925,0.000000000,-0.920865953,0.389879435,0.000000000,159,159,2
0.198833406,0.707362473,0.000000000,0.284411609,-0.958702266,0.000000000,161,161,2
0.213405132,0.353262722,0.000000000,-0.748596787,0.663025498,0.000000000,162,162,2
0.205002546,0.467478365,0.000000000,-0.754602492,0.656182230,0.000000000,163,163,2
0.219111100,0.561538637,0.000000000,-0.020587994,-0.999788046,0.000000000,164,164,2
0.200916633,0.442135900,0.000000000,-0.987129927,0.159920558,0.000000000,165,165,2
0.201428562,0.440345287,0.000000000,-0.991914809,-0.126905590,0.000000000,166,166,2
0.209504828,0.452197999,0.000000000,-0.765050769,0.643970013,0.000000000,167,167,2
0.208104193,0.301476568,0.000000000,-0.925022423,0.379912525,0.000000000,168,168,2
0.207895786,0.402953297,0.000000000,-0.742710352,-0.669612825,0.000000000,169,169,2
0.208435953,0.304184377,0.000000000,-0.998883605,-0.047240045,0.000000000,170,170,2
0.208666846,0.401373506,0.000000000,-0.507040799,-0.861922085,0.000000000,171,171,2
0.209000021,0.400329590,0.000000000,-0.222502887,-0.974932015,0.000000000,173,173,2
0.210022256,0.401208669,0.000000000,0.279101163,-0.960261762,0.000000000,174,174,2
0.210619003,0.475196302,0.000000000,-0.923399508,0.383840322,0.000000000,175,175,2
0.210333377,0.476991981,0.000000000,-0.998540521,-0.054008026,0.000000000,176,176,2
0.211789414,0.402949631,0.000000000,0.564827979,-0.825208664,0.000000000,178,178,2
0.213705897,0.404816031,0.000000000,-0.846812129,0.531892121,0.000000000,179,179,2
0.214466721,0.474340588,0.000000000,-0.804834366,-0.593499601,0.000000000,180,180,2
0.214866608,0.406428516,0.000000000,-0.964581788,0.263783991,0.000000000,181,181,2
0.214694396,0.408379078,0.000000000,-0.998308599,-0.058137212,0.000000000,182,182,2
0.216651827,0.381990105,0.000000000,-0.940763593,0.339063227,0.000000000,183,183,2
0.216666654,0.107234500,0.000000000,-0.048830859,-0.998807073,0.000000000,184,184,2
0.218476161,0.462048441,0.000000000,-0.935262084,0.353956074,0.000000000,185,185,2
0.218666658,0.464139283,0.000000000,-0.999948859,-0.010113048,0.000000000,186,186,2
0.223987311,0.041672926,0.000000000,-0.999385715,-0.035046324,0.000000000,187,187,1
0.228132561,0.064088337,0.000000000,-0.939273894,0.343168467,0.000000000,188,188,2
0.228871107,0.066432275,0.000000000,-0.805323243,0.592836022,0.000000000,189,189,2
0.223610520,0.093439616,0.000000000,-0.999992490,-0.003874980,0.000000000,190,190,2
0.218266606,0.104670502,0.000000000,-0.944150507,-0.329514533,0.000000000,191,191,2
0.286935896,0.079185203,0.000000000,0.224494636,-0.974475324,0.000000000,194,194,1
0.220055506,0.105861001,0.000000000,-0.940088511,0.340930581,0.000000000,195,195,2
0.220376775,0.388270497,0.000000000,0.468288451,-0.883575678,0.000000000,196,196,2
0.225000009,0.108974434,0.000000000,0.393466681,-0.919338882,0.000000000,200,200,2
0.221750259,0.389697760,0.000000000,0.159012482,-0.987276614,0.000000000,201,201,2
0.222388849,0.389651805,0.000000000,-0.271246701,-0.962509871,0.000000000,202,202,2
0.223366693,0.387692392,0.000000000,-0.697950065,-0.716146410,0.000000000,203,203,2
0.226525143,0.380106837,0.000000000,-0.924757183,-0.380557805,0.000000000,204,204,2
0.226444349,0.016666999,0.000000000,-0.949888945,-0.312587529,0.000000000,206,206,2
0.227370232,0.088705778,0.000000000,-0.969175041,-0.246373221,0.000000000,207,207,2
0.228388742,0.087133743,0.000000000,-0.968360066,0.249557287,0.000000000,208,208,2
0.226833299,0.105494693,0.000000000,-0.960446477,-0.278464586,0.000000000,209,209,2
0.227307692,0.138546243,0.000000000,-0.114277028,-0.993448913,0.000000000,210,210,2
0.232999980,0.072283223,0.000000000,-0.102710098,-0.994711339,0.000000000,211,211,2
0.227666751,0.069505498,0.000000000,-0.399649650,-0.916667998,0.000000000,212,212,2
0.229575768,0.069930099,0.000000000,-0.762152791,-0.647397161,0.000000000,213,213,2
0.229058817,0.370653033,0.000000000,-0.928410351,0.371556669,0.000000000,214,214,2
0.228833318,0.138736516,0.000000000,-0.479236931,-0.877685606,0.000000000,215,215,2
0.229111001,0.016850000,0.000000000,-0.964505970,0.264061093,0.000000000,216,216,2
0.229428634,0.373037487,0.000000000,-0.999717772,-0.023758331,0.000000000,217,217,2
0.229181707,0.120005041,0.000000000,-0.973433673,-0.228969187,0.000000000,218,218,2
0.229266599,0.116264001,0.000000000,-0.625658453,-0.780097187,0.000000000,219,219,2
0.229199797,0.117472395,0.000000000,-0.859490871,-0.511151135,0.000000000,220,220,2
0.229170561,0.128986865,0.000000000,0.999915838,-0.012977278,0.000000000,221,221,2
0.229147986,0.135836333,0.000000000,-0.931875885,-0.362777233,0.000000000,222,222,2
0.229199797,0.137802392,0.000000000,-0.760858238,-0.648918211,0.000000000,223,223,2
0.230916724,0.116346315,0.000000000,-0.150178984,-0.988658845,0.000000000,226,226,2
0.231333300,0.070172712,0.000000000,-0.922904491,-0.385028988,0.000000000,227,227,2
0.232333243,0.042307749,0.000000000,-0.714838028,-0.699290037,0.000000000,228,228,2
0.232777998,0.040292997,0.000000000,-0.803667247,0.595078945,0.000000000,230,230,2
0.232888997,0.041941334,0.000000000,-0.514631093,-0.857411742,0.000000000,231,231,2
0.235666677,0.070878997,0.000000000,0.646350801,-0.763040423,0.000000000,234,234,2
0.237254873,0.735423267,0.000000000,0.360756338,-0.932660103,0.000000000,235,235,2
0.239051282,0.736601889,0.000000000,0.593176425,-0.805072546,0.000000000,236,236,2
0.241539657,0.560518026,0.000000000,-0.401098877,-0.916034818,0.000000000,237,237,2
0.249882683,0.748294473,0.000000000,-0.852951467,0.521990240,0.000000000,238,238,2
0.242289975,0.559794486,0.000000000,-0.636992753,-0.770869851,0.000000000,239,239,2
0.242499992,0.553296983,0.000000000,0.252989471,-0.967469037,0.000000000,240,240,2
0.243018553,0.557386994,0.000000000,-0.932317555,-0.361640722,0.000000000,241,241,2
0.244666681,0.707967043,0.000000000,0.339608341,-0.940566957,0.000000000,242,242,2
0.298196465,0.081399597,0.000000000,0.500522196,-0.865723729,0.000000000,244,988,1
0.246407449,0.119352885,0.000000000,0.498048007,-0.867149472,0.000000000,245,245,2
0.246000007,0.708131909,0.000000000,0.502425909,-0.864620328,0.000000000,246,246,2
0.246500015,0.709066033,0.000000000,-0.823391795,0.567473292,0.000000000,248,248,2
0.246500015,0.711538434,0.000000000,-0.975314558,0.220820084,0.000000000,249,249,2
0.246500015,0.723351896,0.000000000,-0.982583463,0.185821876,0.000000000,250,250,2
0.247828677,0.131803468,0.000000000,-0.977223217,0.212213978,0.000000000,251,251,2
0.253425986,0.071840629,0.000000000,-0.088802204,-0.996049285,0.000000000,252,252,2
0.253054678,0.070639335,0.000000000,-0.609335899,-0.792912185,0.000000000,254,254,2
0.247958377,0.120192371,0.000000000,-0.857463658,0.514544547,0.000000000,255,255,2
0.247825578,0.134746164,0.000000000,1.000000000,-0.000000000,0.000000000,256,256,2
0.248560727,0.147202790,0.000000000,-0.976526618,-0.215396836,0.000000000,257,257,2
0.249153033,0.261973053,0.000000000,-0.999999821,-0.000602991,0.000000000,258,988,1
0.249754429,0.375795215,0.000000000,-0.940088928,0.340929419,0.000000000,259,259,2
0.251033366,0.376510948,0.000000000,-0.818985641,0.573814034,0.000000000,260,260,2
0.255429924,0.377255797,0.000000000,0.523902476,-0.851778269,0.000000000,261,261,2
0.252892613,0.071144983,0.000000000,-0.838112652,-0.545497239,0.000000000,262,262,2
0.255868435,0.144172832,0.000000000,0.076879822,-0.997040391,0.000000000,263,263,2
0.250500023,0.144230515,0.000000000,-0.315068454,-0.949068964,0.000000000,264,264,2
0.250555664,0.145237997,0.000000000,-0.586403251,-0.810019255,0.000000000,265,265,2
0.250466585,0.146263599,0.000000000,-0.825825930,-0.563925087,0.000000000,266,266,2
0.256465226,0.378588349,0.000000000,0.010540003,-0.999944448,0.000000000,267,267,2
0.252712250,0.068531461,0.000000000,-0.995051742,-0.099357992,0.000000000,268,268,2
0.254666686,0.065933995,0.000000000,-0.342617691,-0.939474940,0.000000000,269,269,2
0.253777653,0.072344333,0.000000000,-0.945200861,-0.326489389,0.000000000,270,270,2
0.255870342,0.075305335,0.000000000,-0.883341610,0.468729883,0.000000000,272,272,2
0.293972403,0.561515152,0.000000000,0.000603066,-0.999999821,0.000000000,274,988,1
0.258901924,0.560003281,0.000000000,0.604770124,-0.796400070,0.000000000,275,275,2
0.259111017,0.376098990,0.000000000,0.279949099,-0.960014880,0.000000000,276,276,2
0.257722259,0.557448030,0.000000000,-0.906464994,0.422281116,0.000000000,277,277,2
0.257583320,0.767994285,0.000000000,0.535478175,-0.844549060,0.000000000,280,280,2
0.258333296,0.553296983,0.000000000,-0.275943518,-0.961173892,0.000000000,281,281,2
0.259166747,0.557142973,0.000000000,-0.983279526,0.182102993,0.000000000,282,282,2
0.269582659,0.768409491,0.000000000,0.019095428,-0.999817669,0.000000000,285,285,2
0.259755552,0.753553331,0.000000000,0.563530982,-0.826094985,0.000000000,286,286,2
0.269499987,0.754125476,0.000000000,0.032813746,-0.999461472,0.000000000,287,287,2
0.261833310,0.379944950,0.000000000,-0.411334425,-0.911484540,0.000000000,288,288,2
0.262259334,0.145360023,0.000000000,-0.229677275,-0.973266840,0.000000000,289,289,2
0.263541609,0.145192146,0.000000000,-0.592220902,-0.805775642,0.000000000,290,290,2
0.263757527,0.379969954,0.000000000,-0.693916738,-0.720055342,0.000000000,291,291,2
0.264000148,0.125109792,0.000000000,-0.973725319,-0.227725729,0.000000000,292,292,2
0.263733387,0.123516403,0.000000000,-0.721449673,-0.692466915,0.000000000,293,293,2
0.263666660,0.124175668,0.000000000,-0.861257017,-0.508169651,0.000000000,294,294,2
0.263833582,0.132692277,0.000000000,-0.979810238,0.199929938,0.000000000,295,295,2
0.263844579,0.139157519,0.000000000,0.999394178,-0.034805268,0.000000000,296,296,2
0.263833463,0.142582491,0.000000000,-0.933964968,-0.357364565,0.000000000,297,297,2
0.263778001,0.144321993,0.000000000,-0.791341722,-0.611374080,0.000000000,298,298,2
0.264481425,0.376190543,0.000000000,-0.805111468,0.593123496,0.000000000,300,300,2
0.265444428,0.123382002,0.000000000,-0.117579952,-0.993063450,0.000000000,301,301,2
0.264833510,0.377198011,0.000000000,-0.944103777,0.329648495,0.000000000,302,302,2
0.264857292,0.379277706,0.000000000,-0.900769651,-0.434297234,0.000000000,304,304,2
0.269333392,0.552087784,0.000000000,-0.328456283,-0.944519222,0.000000000,305,305,2
0.272512853,0.424492955,0.000000000,-0.626720428,-0.779244244,0.000000000,306,306,2
0.272818208,0.426573396,0.000000000,-0.899165750,-0.437608242,0.000000000,307,307,2
0.271032602,0.437908262,0.000000000,-0.979975998,-0.199115679,0.000000000,308,308,2
0.271138877,0.466944873,0.000000000,0.999999762,-0.000723726,0.000000000,309,309,2
0.269778013,0.482784003,0.000000000,-0.958283782,0.285818487,0.000000000,310,310,2
0.270943165,0.510472894,0.000000000,-0.979648292,-0.200721800,0.000000000,311,311,2
0.271147609,0.532470822,0.000000000,1.000000000,-0.000067081,0.000000000,312,312,2
0.269866794,0.549340785,0.000000000,-0.931780338,-0.363022596,0.000000000,313,313,2
0.269778013,0.550365984,0.000000000,-0.770311594,-0.637667716,0.000000000,314,314,2
0.304696143,0.423496097,0.000000000,0.000603066,-0.999999821,0.000000000,316,988,1
0.272350013,0.505851865,0.000000000,-0.988664865,0.150139078,0.000000000,317,317,2
0.272399992,0.482527584,0.000000000,-0.963009834,-0.269466370,0.000000000,318,318,2
0.272466600,0.549340785,0.000000000,-0.931785703,0.363008827,0.000000000,319,319,2
0.272555649,0.550365984,0.000000000,-0.770300806,0.637680650,0.000000000,320,320,2
0.273701727,0.552486777,0.000000000,0.276237220,-0.961089492,0.000000000,321,321,2
0.279666662,0.754121125,0.000000000,-0.327379942,-0.944892824,0.000000000,322,322,2
0.279615372,0.126077920,0.000000000,0.492995203,-0.870032072,0.000000000,323,323,2
0.280814797,0.376190543,0.000000000,-0.820881784,-0.571098268,0.000000000,324,324,2
0.280444354,0.377289653,0.000000000,-0.948287666,-0.317412317,0.000000000,325,325,2
0.280600011,0.379505366,0.000000000,-0.881270289,0.472612679,0.000000000,327,327,2
0.281166732,0.126236513,0.000000000,0.554931104,-0.831896305,0.000000000,328,328,2
0.281755567,0.768424690,0.000000000,-0.330720246,-0.943728864,0.000000000,329,329,2
0.281424165,0.127522469,0.000000000,-0.895818710,0.444419652,0.000000000,330,330,2
0.290698767,0.748540819,0.000000000,-0.838029742,-0.545624554,0.000000000,331,331,2
0.281529486,0.130995467,0.000000000,-0.978172064,0.207796454,0.000000000,332,332,2
0.281496227,0.139694750,0.000000000,0.999883235,0.015285227,-0.000000000,333,333,2
0.281499982,0.146978006,0.000000000,-0.939720452,0.341943771,0.000000000,334,334,2
0.281666636,0.148901239,0.000000000,-0.820661366,0.571414948,0.000000000,335,335,2
0.282357126,0.376609117,0.000000000,-0.585398853,-0.810745478,0.000000000,336,336,2
0.304731190,0.153816089,0.000000000,0.217591450,-0.976040006,0.000000000,338,338,2
0.282833368,0.379944950,0.000000000,0.514812708,-0.857302666,0.000000000,339,339,2
0.283736616,0.967288613,0.000000000,-0.999873459,-0.015908103,0.000000000,340,340,2
0.285061836,0.970960379,0.000000000,-0.944326878,0.329008847,0.000000000,341,341,2
0.285916686,0.974175930,0.000000000,-0.810583472,0.585623145,0.000000000,342,342,2
0.283538491,0.767624617,0.000000000,-0.611163855,-0.791504085,0.000000000,343,343,2
0.286000013,0.975564063,0.000000000,0.590398610,-0.807111800,0.000000000,344,344,2
0.284166753,0.376098990,0.000000000,-0.272576153,-0.962134182,0.000000000,345,345,2
0.310011566,0.378377587,0.000000000,0.000603066,-0.999999821,0.000000000,346,988,1
0.287148118,0.976129532,0.000000000,0.296281099,-0.955100775,0.000000000,347,347,2
0.463527501,0.975997150,0.000000000,0.000603066,-0.999999821,0.000000000,348,988,1
0.294774383,0.730272830,0.000000000,-0.979280770,-0.202507228,0.000000000,351,351,2
0.295095265,0.708006263,0.000000000,-0.631953299,-0.775006473,0.000000000,352,352,2
0.294851989,0.709768116,0.000000000,-0.888682306,-0.458523542,0.000000000,353,353,2
0.294809759,0.712912023,0.000000000,-0.978277564,-0.207299232,0.000000000,354,354,2
0.294837654,0.720463693,0.000000000,1.000000000,-0.000000000,0.000000000,355,355,2
0.297579676,0.707955182,0.000000000,-0.229172111,-0.973385930,0.000000000,356,356,2
0.297395140,0.210582048,0.000000000,-0.991153479,0.132720724,0.000000000,357,357,2
0.313250601,0.707969487,0.000000000,-0.008668455,-0.999962449,0.000000000,358,358,2
0.302422166,0.736007273,0.000000000,-0.564446270,-0.825469851,0.000000000,359,359,2
0.315333366,0.735436976,0.000000000,-0.023522709,-0.999723315,0.000000000,360,360,2
0.317074090,0.974939048,0.000000000,-0.393038392,-0.919522047,0.000000000,361,361,2
0.315515131,0.973551512,0.000000000,-0.760011792,-0.649909377,0.000000000,362,362,2
0.318777740,0.975897729,0.000000000,0.308031648,-0.951376140,0.000000000,363,363,2
0.317690879,0.966733575,0.000000000,-0.986922741,-0.161194101,0.000000000,364,364,2
0.319722325,0.965567768,0.000000000,-0.985963404,0.166961804,0.000000000,365,365,2
0.320986241,0.973237276,0.000000000,-0.812903762,0.582398117,0.000000000,366,366,2
0.322111130,0.973565400,0.000000000,0.608302772,-0.793705106,0.000000000,367,367,2
0.325666517,0.426099002,0.000000000,0.321894258,-0.946775675,0.000000000,368,368,2
0.325666666,0.376098990,0.000000000,-0.407894105,-0.913029253,0.000000000,369,369,2
0.326000005,0.425824016,0.000000000,0.448256195,-0.893905163,0.000000000,370,370,2
0.326761872,0.376138270,0.000000000,-0.724280655,-0.689505279,0.000000000,371,371,2
0.328666776,0.427060515,0.000000000,-0.903612912,0.428350061,0.000000000,372,372,2
0.327999979,0.553021967,0.000000000,-0.325673252,-0.945482373,0.000000000,374,374,2
0.327999979,0.707967043,0.000000000,-0.325669676,-0.945483625,0.000000000,375,375,2
0.329018682,0.374694675,0.000000000,-0.935178578,-0.354176611,0.000000000,376,376,2
0.328450978,0.561538339,0.000000000,0.323232651,-0.946319580,0.000000000,377,377,2
0.328500003,0.735439420,0.000000000,0.305021256,-0.952345550,0.000000000,378,378,2
0.328527868,0.158470750,0.000000000,0.539671779,-0.841875494,0.000000000,379,379,2
0.329277843,0.379715800,0.000000000,0.285182595,-0.958473206,0.000000000,380,380,2
0.328999966,0.421977997,0.000000000,-0.253090441,-0.967442691,0.000000000,381,381,2
0.329666793,0.431662023,0.000000000,-0.979931653,0.199333742,0.000000000,382,382,2
0.329755276,0.368434668,0.000000000,-0.979258001,-0.202617466,0.000000000,383,383,2
0.329500020,0.553022027,0.000000000,-0.607464254,-0.794347048,0.000000000,384,384,2
0.329500020,0.707966983,0.000000000,-0.607445419,-0.794361472,0.000000000,385,385,2
0.329777926,0.159829214,0.000000000,-0.864708245,0.502274513,0.000000000,387,387,2
0.329666704,0.561629832,0.000000000,0.605146587,-0.796114087,0.000000000,388,388,2
0.330566704,0.035494406,0.000000000,-0.104786873,-0.994494736,0.000000000,389,389,2
0.330750078,0.036401164,0.000000000,0.203849390,-0.979002297,0.000000000,390,390,2
0.329833508,0.163736254,0.000000000,-0.979664683,0.200641930,0.000000000,391,391,2
0.329834163,0.263873458,0.000000000,-0.999999821,-0.000602991,0.000000000,392,988,1
0.329833835,0.493406385,0.000000000,-0.999999821,-0.000602991,0.000000000,394,988,1
0.329851985,0.550427258,0.000000000,-0.939929903,-0.341367662,0.000000000,395,395,2
0.329833508,0.552197754,0.000000000,-0.804550409,-0.593884349,0.000000000,396,396,2
0.329833537,0.563186765,0.000000000,-0.856698871,0.515816987,0.000000000,397,397,2
0.329844594,0.566337049,0.000000000,-0.976939976,0.213514060,0.000000000,398,398,2
0.329833865,0.636264443,0.000000000,-0.999999821,-0.000602991,0.000000000,399,988,1
0.329851985,0.705372572,0.000000000,-0.939929485,-0.341368735,0.000000000,400,400,2
0.329833508,0.707142711,0.000000000,-0.804543257,-0.593894124,0.000000000,401,401,2
0.330238163,0.735478759,0.000000000,0.578919351,-0.815384805,0.000000000,402,402,2
0.335354120,0.085559711,0.000000000,-0.152579814,-0.988291144,0.000000000,403,403,2
0.330481440,0.737240672,0.000000000,-0.888655245,0.458575904,0.000000000,405,405,2
0.330499977,0.740384579,0.000000000,-0.978271842,0.207326695,0.000000000,406,406,2
0.330502182,0.753432453,0.000000000,0.999981940,0.006011562,-0.000000000,407,407,2
0.330481440,0.765812159,0.000000000,-0.939930916,0.341364741,0.000000000,408,408,2
0.330500007,0.767857015,0.000000000,-0.810323656,0.585982561,0.000000000,409,409,2
0.337122560,0.085557230,0.000000000,-0.600803554,-0.799396694,0.000000000,410,410,2
0.332000047,0.768406451,0.000000000,0.392040849,-0.919947803,0.000000000,411,411,2
0.337960005,0.088384636,0.000000000,-0.848998547,-0.528395295,0.000000000,412,412,2
0.334039271,0.094990045,0.000000000,-0.922962964,0.384888738,0.000000000,413,413,2
0.333388954,0.130311504,0.000000000,-0.072984092,-0.997333109,0.000000000,414,414,2
0.379595041,0.766834557,0.000000000,0.000603066,-0.999999821,0.000000000,415,988,1
0.341265768,0.085693210,0.000000000,-0.983260810,-0.182203874,0.000000000,416,66,1
0.341702700,0.035135187,0.000000000,-0.979872346,-0.199625105,0.000000000,417,417,2
0.334833503,0.033791166,0.000000000,-0.804088354,-0.594509780,0.000000000,418,418,2
0.334666997,0.034065664,0.000000000,-0.632094204,-0.774891555,0.000000000,419,419,2
0.340015680,0.036218479,0.000000000,-0.979269683,0.202560902,0.000000000,420,420,2
0.339686990,0.045327574,0.000000000,1.000000000,-0.000000000,0.000000000,421,421,2
0.334814996,0.068009667,0.000000000,1.000000000,-0.000000000,0.000000000,422,422,2
0.340421706,0.110062033,0.000000000,-0.988447845,0.151561514,0.000000000,423,423,2
0.341895819,0.132451952,0.000000000,0.475905210,-0.879496574,0.000000000,426,426,2
0.343294114,0.097479053,0.000000000,-0.869421959,0.494070411,0.000000000,430,430,2
0.345766485,0.134175807,0.000000000,-0.870287716,0.492543787,0.000000000,431,431,2
0.345230758,0.379923820,0.000000000,-0.312270463,-0.949993253,0.000000000,432,432,2
0.345230758,0.421724647,0.000000000,0.312205225,-0.950014710,0.000000000,433,433,2
0.346110970,0.133149996,0.000000000,-0.742617369,0.669715941,0.000000000,436,436,2
0.346177608,0.137765601,0.000000000,-0.979905367,0.199463189,0.000000000,437,437,2
0.346165061,0.221428707,0.000000000,-0.999999821,-0.000602991,0.000000000,438,988,1
0.346147984,0.304273665,0.000000000,-0.939929426,0.341368824,0.000000000,439,439,2
0.346199811,0.306153834,0.000000000,-0.839300156,0.543668330,0.000000000,440,440,2
0.347400039,0.306886315,0.000000000,0.429601997,-0.903018355,0.000000000,441,441,2
0.346833318,0.379945010,0.000000000,-0.607477248,-0.794337094,0.000000000,442,442,2
0.346833318,0.421703488,0.000000000,0.607429802,-0.794373453,0.000000000,443,443,2
0.347428560,0.334379703,0.000000000,-0.623017907,-0.782207549,0.000000000,444,444,2
0.347184986,0.336141676,0.000000000,-0.888649523,-0.458586931,0.000000000,445,445,2
0.347142726,0.339285761,0.000000000,-0.978265166,-0.207357734,0.000000000,446,446,2
0.347167909,0.358652920,0.000000000,0.999992967,-0.003758881,0.000000000,447,447,2
0.347184986,0.377350539,0.000000000,-0.939951181,-0.341308922,0.000000000,448,448,2
0.347166479,0.379120737,0.000000000,-0.804594517,-0.593824565,0.000000000,449,449,2
0.347166479,0.423076719,0.000000000,-0.856180310,0.516677201,0.000000000,450,450,2
0.347166508,0.426098973,0.000000000,-0.977509856,0.210889921,0.000000000,451,451,2
0.347167611,0.527886212,0.000000000,-0.999999821,-0.000602991,0.000000000,452,988,1
0.347148001,0.628998697,0.000000000,-0.939923525,0.341385186,0.000000000,453,453,2
0.347199768,0.630879223,0.000000000,-0.831506252,0.555515349,0.000000000,454,454,2
0.352301061,0.631602585,0.000000000,0.383665770,-0.923472047,0.000000000,455,455,2
0.347428560,0.656907380,0.000000000,-0.623031497,-0.782196760,0.000000000,456,456,2
0.347184986,0.658669114,0.000000000,-0.888653755,-0.458578825,0.000000000,457,457,2
0.347142726,0.661813080,0.000000000,-0.978267074,-0.207348913,0.000000000,458,458,2
0.347167581,0.700687349,0.000000000,-0.999999821,-0.000602991,0.000000000,459,988,1
0.347148001,0.738888919,0.000000000,-0.939922154,0.341388881,0.000000000,460,460,2
0.347199768,0.740769207,0.000000000,-0.831495762,0.555531144,0.000000000,461,461,2
0.352602094,0.741492510,0.000000000,0.383731306,-0.923444808,0.000000000,462,462,2
0.351999968,0.334340572,0.000000000,-0.202417135,-0.979299426,0.000000000,463,463,2
0.352638811,0.656867981,0.000000000,-0.202861398,-0.979207516,0.000000000,464,464,2
0.352708280,0.975549638,0.000000000,-0.344240397,-0.938881516,0.000000000,465,465,2
0.422801495,0.307846159,0.000000000,0.000603066,-0.999999821,0.000000000,466,988,1
0.350650758,0.973626375,0.000000000,-0.717187822,-0.696879923,0.000000000,467,467,2
0.350958377,0.977541685,0.000000000,0.250125527,-0.968213439,0.000000000,468,468,2
0.352833301,0.631593585,0.000000000,0.080848500,-0.996726394,0.000000000,469,469,2
0.353166640,0.741483629,0.000000000,0.072249077,-0.997386634,0.000000000,470,470,2
0.352422267,0.972161114,0.000000000,-0.935808182,-0.352509677,0.000000000,471,471,2
0.352833241,0.656868041,0.000000000,-0.000000000,-1.000000000,0.000000000,472,472,2
0.353661597,0.965276480,0.000000000,-0.999998868,-0.001533056,0.000000000,473,473,2
0.354928732,0.972331226,0.000000000,-0.932115912,0.362160116,0.000000000,474,474,2
0.356902003,0.973594129,0.000000000,0.594071329,-0.804412365,0.000000000,475,475,2
0.356250018,0.973488927,0.000000000,-0.779377997,0.626554072,0.000000000,477,477,2
0.356666625,0.334340483,0.000000000,-0.568442106,-0.822723269,0.000000000,478,478,2
0.357166499,0.314377338,0.000000000,-0.931444585,-0.363883317,0.000000000,479,479,2
0.357333302,0.312728852,0.000000000,-0.742153704,-0.670229733,0.000000000,480,480,2
0.357155412,0.318278402,0.000000000,-0.977121592,-0.212681621,0.000000000,481,481,2
0.357171118,0.325408340,0.000000000,0.999899566,-0.014172812,0.000000000,482,482,2
0.357185006,0.331746101,0.000000000,-0.939942360,-0.341333300,0.000000000,483,483,2
0.357166469,0.333516270,0.000000000,-0.798495233,-0.602001250,0.000000000,484,484,2
0.358000010,0.656867981,0.000000000,-0.568443477,-0.822722316,0.000000000,485,485,2
0.358923107,0.312383652,0.000000000,-0.353948057,-0.935265124,0.000000000,486,486,2
0.358400017,0.631648421,0.000000000,0.604358435,-0.796712637,0.000000000,487,487,2
0.358481467,0.633394420,0.000000000,-0.888656139,0.458574206,0.000000000,488,488,2
0.358500004,0.636538506,0.000000000,-0.978274882,0.207312077,0.000000000,489,489,2
0.358503222,0.645739198,0.000000000,0.999954998,-0.009487302,0.000000000,490,490,2
0.358518541,0.654273689,0.000000000,-0.939940274,-0.341338962,0.000000000,491,491,2
0.358500004,0.656044006,0.000000000,-0.798486292,-0.602013052,0.000000000,492,492,2
0.359066606,0.741538405,0.000000000,0.591493130,-0.806310058,0.000000000,493,493,2
0.359147996,0.743284523,0.000000000,-0.888676524,0.458534747,0.000000000,494,494,2
0.359166533,0.746428549,0.000000000,-0.978280783,0.207284138,0.000000000,495,495,2
0.359170914,0.753705323,0.000000000,0.999909759,0.013436624,-0.000000000,496,496,2
0.359151363,0.760839283,0.000000000,-0.938244522,0.345972896,0.000000000,497,497,2
0.359277695,0.762362480,0.000000000,-0.821593821,0.570073426,0.000000000,498,498,2
0.359166503,0.973900974,0.000000000,0.348893553,-0.937162399,0.000000000,499,499,2
0.360769212,0.762848556,0.000000000,0.384147465,-0.923271775,0.000000000,500,500,2
0.397299975,0.312417448,0.000000000,0.324948341,-0.945731759,0.000000000,501,501,2
0.398833275,0.312637001,0.000000000,0.554800391,-0.831983507,0.000000000,503,503,2
0.399575740,0.762887001,0.000000000,-0.310332984,-0.950627923,0.000000000,504,504,2
0.399166495,0.314606339,0.000000000,-0.943641543,0.330969423,0.000000000,505,505,2
0.399111003,0.313369989,0.000000000,-0.816664338,0.577113032,0.000000000,506,506,2
0.399177611,0.318534791,0.000000000,-0.977876842,0.209181532,0.000000000,507,507,2
0.399166554,0.325549453,0.000000000,0.999863386,0.016529290,-0.000000000,508,508,2
0.399147987,0.331746101,0.000000000,-0.937418222,0.348205507,0.000000000,509,509,2
0.399277657,0.333607823,0.000000000,-0.819709361,0.572779715,0.000000000,510,510,2
0.400666654,0.334340483,0.000000000,0.399453968,-0.916753232,0.000000000,511,511,2
0.401095301,0.762715697,0.000000000,-0.693135023,-0.720807791,0.000000000,512,512,2
0.401761830,0.631632686,0.000000000,-0.622937858,-0.782271326,0.000000000,513,513,2
0.401518553,0.633394420,0.000000000,-0.888654053,-0.458578199,0.000000000,514,514,2
0.401476145,0.636538506,0.000000000,-0.978270233,-0.207334056,0.000000000,515,515,2
0.401503026,0.645739198,0.000000000,0.999954581,0.009529610,-0.000000000,516,516,2
0.401481450,0.654273689,0.000000000,-0.939937115,0.341347605,0.000000000,517,517,2
0.401533425,0.656153798,0.000000000,-0.831534564,0.555473089,0.000000000,518,518,2
0.406309575,0.656867981,0.000000000,0.414135575,-0.910215259,0.000000000,519,519,2
0.401761830,0.741522670,0.000000000,-0.622958302,-0.782255054,0.000000000,520,520,2
0.401518553,0.743284523,0.000000000,-0.888655484,-0.458575428,0.000000000,521,521,2
0.401476145,0.746428549,0.000000000,-0.978270888,-0.207331106,0.000000000,522,522,2
0.401504189,0.753705323,0.000000000,0.999910891,-0.013350236,0.000000000,523,523,2
0.401515186,0.760839283,0.000000000,-0.938254356,-0.345946282,0.000000000,524,524,2
0.466457635,0.334339321,0.000000000,0.000603066,-0.999999821,0.000000000,526,988,1
0.407399029,0.631561756,0.000000000,-0.179495052,-0.983758926,0.000000000,527,527,2
0.406493157,0.741483450,0.000000000,-0.202543482,-0.979273319,0.000000000,528,528,2
0.406666696,0.656868041,0.000000000,0.113662526,-0.993519425,0.000000000,529,529,2
0.411333382,0.741483450,0.000000000,-0.567245603,-0.823548675,0.000000000,531,531,2
0.411666751,0.657142758,0.000000000,0.543896675,-0.839152217,0.000000000,532,532,2
0.411833465,0.335989028,0.000000000,0.446946293,-0.894560814,0.000000000,533,533,2
0.413611174,0.336630017,0.000000000,-0.665410876,-0.746477306,0.000000000,534,534,2
0.411833495,0.337912321,0.000000000,-0.935114443,0.354345888,0.000000000,535,535,2
0.411815017,0.339987636,0.000000000,-0.976738393,0.214434400,0.000000000,536,536,2
0.413207531,0.360218257,0.000000000,0.999996424,-0.002679794,0.000000000,537,537,2
0.411888987,0.379853487,0.000000000,-0.964514077,0.264031380,0.000000000,538,538,2
0.412943155,0.427506149,0.000000000,-0.979647279,-0.200726613,0.000000000,539,539,2
0.413159192,0.487421185,0.000000000,-0.999999821,-0.000602991,0.000000000,540,988,1
0.411777973,0.540476024,0.000000000,-0.958248675,0.285936207,0.000000000,541,541,2
0.412924320,0.596609354,0.000000000,-0.979964733,-0.199171066,0.000000000,542,542,2
0.413157970,0.615040302,0.000000000,1.000000000,0.000120312,-0.000000000,543,543,2
0.411866754,0.627912164,0.000000000,-0.931771874,-0.363044411,0.000000000,544,544,2
0.411777973,0.628937662,0.000000000,-0.770302594,-0.637678564,0.000000000,545,545,2
0.411833465,0.629944980,0.000000000,-0.479991555,-0.877273083,0.000000000,546,546,2
0.411851972,0.658913374,0.000000000,-0.908198893,0.418538868,0.000000000,547,547,2
0.411833525,0.662087917,0.000000000,-0.978831649,0.204667017,0.000000000,548,548,2
0.411833853,0.700825155,0.000000000,0.999999821,0.000603110,-0.000000000,549,988,1
0.411852002,0.738888919,0.000000000,-0.939924657,-0.341382086,0.000000000,550,550,2
0.411833465,0.740659237,0.000000000,-0.798446655,-0.602065623,0.000000000,551,551,2
0.414130509,0.590874314,0.000000000,-0.988475084,0.151383772,0.000000000,553,553,2
0.414350033,0.422884613,0.000000000,-0.988666773,0.150126547,0.000000000,554,554,2
0.415121287,0.334964812,0.000000000,-0.262408823,-0.964956820,0.000000000,555,555,2
0.414444536,0.379853487,0.000000000,-0.964498639,-0.264087915,0.000000000,556,556,2
0.414400011,0.540219665,0.000000000,-0.962979972,-0.269572914,0.000000000,557,557,2
0.414499998,0.337912321,0.000000000,-0.928590834,-0.371105373,0.000000000,558,558,2
0.414466560,0.627912164,0.000000000,-0.931776464,0.363032520,0.000000000,559,559,2
0.414555669,0.628937662,0.000000000,-0.770291209,0.637692392,0.000000000,560,560,2
0.528533459,0.632691920,0.000000000,0.000603066,-0.999999821,0.000000000,561,988,1
0.420877218,0.975072384,0.000000000,-0.387321919,-0.921944559,0.000000000,562,562,2
0.419260889,0.973578632,0.000000000,-0.768319905,-0.640066028,0.000000000,563,563,2
0.422222286,0.975897729,0.000000000,0.305268735,-0.952266276,0.000000000,564,564,2
0.421207607,0.966495931,0.000000000,-0.979930341,-0.199340314,0.000000000,565,565,2
0.423083365,0.965979695,0.000000000,-0.990832865,0.135093540,0.000000000,566,566,2
0.424621224,0.973101795,0.000000000,-0.835710227,0.549170673,0.000000000,567,567,2
0.425066620,0.972637355,0.000000000,0.441240579,-0.897388875,0.000000000,568,568,2
0.426200002,0.974065959,0.000000000,0.667973399,-0.744185209,0.000000000,571,571,2
0.426333308,0.768406391,0.000000000,-0.324653655,-0.945833027,0.000000000,572,572,2
0.427833349,0.768406451,0.000000000,-0.607443631,-0.794362783,0.000000000,573,573,2
0.428428590,0.658555686,0.000000000,-0.622943461,-0.782266855,0.000000000,574,574,2
0.428185016,0.660317540,0.000000000,-0.888643742,-0.458598197,0.000000000,575,575,2
0.428142697,0.663461506,0.000000000,-0.978265166,-0.207357734,0.000000000,576,576,2
0.428165853,0.714973450,0.000000000,-0.999999821,-0.000602991,0.000000000,577,988,1
0.428185016,0.765812159,0.000000000,-0.939945579,-0.341324419,0.000000000,578,578,2
0.428166509,0.767582238,0.000000000,-0.804573894,-0.593852520,0.000000000,579,579,2
0.430913001,0.658504546,0.000000000,-0.228369430,-0.973574579,0.000000000,580,580,2
0.472333372,0.658517838,0.000000000,0.000603066,-0.999999821,0.000000000,581,988,1
0.471894830,0.771177888,0.000000000,-0.801225007,-0.598363221,0.000000000,582,582,2
0.467177033,0.772407293,0.000000000,-0.988011837,0.154378220,0.000000000,583,583,2
0.520821452,0.764179468,0.000000000,-0.200568467,-0.979679704,0.000000000,584,584,1
0.468842119,0.773452818,0.000000000,-0.884405851,0.466718733,0.000000000,585,585,2
0.469333500,0.771428764,0.000000000,-0.955783546,-0.294071168,0.000000000,586,586,2
0.469759196,0.771550715,0.000000000,0.426155508,-0.904649973,0.000000000,587,587,2
0.474230081,0.771546245,0.000000000,0.088959403,-0.996035278,0.000000000,588,588,2
0.479611039,0.772984982,0.000000000,0.467027873,-0.884242594,0.000000000,591,591,2
0.492166698,0.975549638,0.000000000,-0.345497698,-0.938419580,0.000000000,593,593,2
0.489984095,0.973626375,0.000000000,-0.716296792,-0.697795808,0.000000000,594,594,2
0.490500003,0.977473080,0.000000000,0.258395016,-0.966039360,0.000000000,595,595,2
0.491755664,0.972161114,0.000000000,-0.936043561,-0.351884186,0.000000000,596,596,2
0.492979556,0.965207338,0.000000000,-0.999871314,-0.016044017,0.000000000,597,597,2
0.494194299,0.971932173,0.000000000,-0.950473607,0.310805321,0.000000000,598,598,2
0.495789438,0.973655403,0.000000000,-0.800739050,0.599013329,0.000000000,599,599,2
0.496000022,0.973198891,0.000000000,0.584278047,-0.811553597,0.000000000,600,600,2
0.537117183,0.761661887,0.000000000,0.055497825,-0.998458862,0.000000000,602,602,2
0.498499990,0.973900974,0.000000000,0.348897249,-0.937160969,0.000000000,603,603,2
0.513088942,0.658498168,0.000000000,0.354253262,-0.935149550,0.000000000,604,604,2
0.514881015,0.659458578,0.000000000,0.597963333,-0.801523507,0.000000000,605,605,2
0.526425660,0.679408729,0.000000000,-0.858396888,0.512986183,0.000000000,606,606,2
0.517333329,0.306868017,0.000000000,-0.321898311,-0.946774244,0.000000000,607,607,2
0.518904686,0.306828707,0.000000000,-0.622824192,-0.782361865,0.000000000,608,608,2
0.519428611,0.278885275,0.000000000,-0.623031974,-0.782196462,0.000000000,609,609,2
0.519184947,0.280647159,0.000000000,-0.888655603,-0.458575189,0.000000000,610,610,2
0.519142687,0.283791184,0.000000000,-0.978267372,-0.207347363,0.000000000,611,611,2
0.519168913,0.294366002,0.000000000,0.999968886,-0.007891069,0.000000000,612,612,2
0.519184947,0.304273665,0.000000000,-0.939949572,-0.341313362,0.000000000,613,613,2
0.519110978,0.305860996,0.000000000,-0.816657186,-0.577123046,0.000000000,614,614,2
0.522000074,0.278845996,0.000000000,-0.218929157,-0.975740790,0.000000000,615,615,2
0.557666540,0.278846383,0.000000000,0.000603066,-0.999999821,0.000000000,616,988,1
0.528818190,0.631818056,0.000000000,0.293109655,-0.956078827,0.000000000,617,617,2
0.528242350,0.644231021,0.000000000,-0.998549163,-0.053848132,0.000000000,618,618,2
0.529066563,0.636630058,0.000000000,-0.925013781,-0.379933596,0.000000000,619,619,2
0.534586787,0.666736722,0.000000000,-0.885360301,0.464905530,0.000000000,620,620,2
0.529999912,0.334340483,0.000000000,-0.321880907,-0.946780205,0.000000000,621,621,2
0.531166613,0.635439515,0.000000000,-0.737448275,-0.675403655,0.000000000,623,623,2
0.531571448,0.334301293,0.000000000,-0.631011546,-0.775773466,0.000000000,624,624,2
0.535378337,0.310300916,0.000000000,-0.889201164,-0.457516491,0.000000000,625,625,2
0.531836689,0.325140148,0.000000000,-0.986111581,-0.166084200,0.000000000,626,626,2
0.531809747,0.332809985,0.000000000,-0.867520034,-0.497402310,0.000000000,627,627,2
0.532066643,0.635384619,0.000000000,-0.486759007,-0.873536289,0.000000000,628,628,2
0.538583279,0.699862599,0.000000000,0.535478413,-0.844548941,0.000000000,632,632,2
0.543768764,0.731692493,0.000000000,-0.999999464,-0.001047275,0.000000000,633,633,2
0.539999962,0.301922977,0.000000000,-0.671278715,-0.741205096,0.000000000,634,634,2
0.542528987,0.715623856,0.000000000,-0.823437214,-0.567407489,0.000000000,635,635,2
0.543201387,0.725191772,0.000000000,-0.952617705,0.304170340,0.000000000,636,636,2
0.542393982,0.724792004,0.000000000,-0.808568418,0.588402271,0.000000000,637,637,2
0.571499586,0.700274587,0.000000000,0.000603066,-0.999999821,0.000000000,638,988,1
0.545306981,0.760193706,0.000000000,-0.580267072,-0.814426303,0.000000000,639,639,2
0.544740736,0.761172235,0.000000000,0.496779293,-0.867876947,0.000000000,640,640,2
0.542333364,0.300823987,0.000000000,-0.296934962,-0.954897702,0.000000000,641,641,2
0.543425322,0.725900054,0.000000000,0.555310547,-0.831643105,0.000000000,642,642,2
0.545602858,0.760486424,0.000000000,-0.846384346,-0.532572567,0.000000000,643,643,2
0.541878879,0.679919958,0.000000000,-0.803532779,0.595260620,0.000000000,644,644,2
0.542928517,0.681436539,0.000000000,0.510496557,-0.859879792,0.000000000,647,647,2
0.543888867,0.713919580,0.000000000,-0.611218572,-0.791461885,0.000000000,648,648,2
0.546015918,0.759497643,0.000000000,-0.817411423,0.576054275,0.000000000,649,649,2
0.543833256,0.726373971,0.000000000,0.329913437,-0.944011211,0.000000000,651,651,2
0.545654893,0.796428382,0.000000000,-0.794927180,-0.606704891,0.000000000,653,653,2
0.546893597,0.798211277,0.000000000,-0.972962201,-0.230964482,0.000000000,654,654,2
0.547529399,0.798125446,0.000000000,-0.998262584,0.058921840,0.000000000,655,655,2
0.568166435,0.300822616,0.000000000,0.003093503,-0.999995232,0.000000000,656,656,2
0.571999967,0.681596100,0.000000000,0.000603066,-0.999999821,0.000000000,657,988,1
0.549926043,0.795940101,0.000000000,-0.893376231,0.449309409,0.000000000,658,658,2
0.549148083,0.794658184,0.000000000,0.537505805,-0.843260050,0.000000000,659,659,2
0.546387732,0.776926756,0.000000000,-0.998497844,0.054791339,0.000000000,660,660,2
0.547260880,0.796990037,0.000000000,0.122044399,-0.992524683,0.000000000,661,661,2
0.547427535,0.796894252,0.000000000,-0.460552007,-0.887632728,0.000000000,662,662,2
0.547237933,0.797253072,0.000000000,-0.175195426,-0.984533727,0.000000000,663,663,2
0.545777977,0.787179708,0.000000000,-0.954448879,0.298374623,0.000000000,664,664,2
0.546400070,0.753296733,0.000000000,-0.958897531,0.283752501,0.000000000,665,665,2
0.547110975,0.765750945,0.000000000,-0.971424043,-0.237350762,0.000000000,666,666,2
0.548221946,0.786721706,0.000000000,-0.977857709,-0.209270820,0.000000000,668,668,2
0.550095260,0.794505596,0.000000000,-0.756066620,0.654494643,0.000000000,669,669,2
0.571500003,0.754238665,0.000000000,-0.450453490,-0.892799914,0.000000000,671,671,2
0.563644528,0.975677848,0.000000000,-0.333967477,-0.942584634,0.000000000,672,672,2
0.561227143,0.973626316,0.000000000,-0.708228588,-0.705983222,0.000000000,673,673,2
0.561809540,0.977551460,0.000000000,0.256320268,-0.966591954,0.000000000,674,674,2
0.563088715,0.972161114,0.000000000,-0.936131775,-0.351649404,0.000000000,675,675,2
0.564328253,0.965276480,0.000000000,-0.999998748,-0.001587856,0.000000000,676,676,2
0.565595269,0.972331226,0.000000000,-0.932095051,0.362213820,0.000000000,677,677,2
0.567509770,0.973561764,0.000000000,0.576942146,-0.816785038,0.000000000,678,678,2
0.567041636,0.973557651,0.000000000,-0.780940294,0.624605656,0.000000000,680,680,2
0.569833517,0.973900974,0.000000000,0.348883599,-0.937166095,0.000000000,681,681,2
0.576933205,0.753296733,0.000000000,-0.726995349,-0.686642349,0.000000000,682,682,2
0.576799989,0.757472336,0.000000000,0.405189782,-0.914232612,0.000000000,683,683,2
0.577416778,0.757280231,0.000000000,0.561627865,-0.827390015,0.000000000,684,684,2
0.579685390,0.749678910,0.000000000,-0.958994627,-0.283424377,0.000000000,685,685,2
0.580610275,0.761851013,0.000000000,-0.930262566,0.366894513,0.000000000,686,686,2
0.579833448,0.742307782,0.000000000,-0.664046943,-0.747690976,0.000000000,687,687,2
0.580277622,0.749633729,0.000000000,-0.998646736,-0.052007303,0.000000000,690,690,2
0.582361817,0.742998362,0.000000000,0.188436419,-0.982085407,0.000000000,691,691,2
0.581099868,0.761758149,0.000000000,-0.992824197,0.119583137,0.000000000,692,692,2
0.589186490,0.762952209,0.000000000,-0.668000400,-0.744161010,0.000000000,693,693,2
0.590475738,0.747361660,0.000000000,0.479481846,-0.877551854,0.000000000,694,694,2
0.592333376,0.278845996,0.000000000,-0.321891367,-0.946776628,0.000000000,695,695,2
0.593666792,0.300824016,0.000000000,0.367743999,-0.929927051,0.000000000,696,696,2
0.593904674,0.278806716,0.000000000,-0.622825921,-0.782360494,0.000000000,697,697,2
0.594428599,0.123390712,0.000000000,-0.623016775,-0.782208502,0.000000000,698,698,2
0.594184995,0.125152662,0.000000000,-0.888646722,-0.458592474,0.000000000,699,699,2
0.594142735,0.128296748,0.000000000,-0.978264332,-0.207362011,0.000000000,700,700,2
0.594163895,0.202609643,0.000000000,-0.999999821,-0.000602991,0.000000000,701,988,1
0.594184995,0.276251674,0.000000000,-0.939952493,-0.341305256,0.000000000,702,702,2
0.594110966,0.277839005,0.000000000,-0.816661239,-0.577117324,0.000000000,703,703,2
0.595404923,0.302079976,0.000000000,0.582157850,-0.813075840,0.000000000,704,704,2
0.596999943,0.123351492,0.000000000,-0.218915209,-0.975743890,0.000000000,705,705,2
0.599418759,0.308650494,0.000000000,-0.861308098,0.508083045,0.000000000,706,706,2
0.596851885,0.750732303,0.000000000,0.595227718,-0.803557098,0.000000000,707,707,2
0.597555578,0.754657507,0.000000000,-0.894260764,-0.447546393,0.000000000,708,708,2
0.598256350,0.751436830,0.000000000,-0.831419528,0.555645168,0.000000000,709,709,2
0.599000037,0.752197981,0.000000000,-0.962492704,0.271307766,0.000000000,710,710,2
0.599074125,0.753052533,0.000000000,-0.996547878,-0.083019972,0.000000000,711,711,2
0.619666755,0.123351790,0.000000000,-0.005580871,-0.999984443,0.000000000,712,712,2
0.601333320,0.681593478,0.000000000,-0.366798937,-0.930300236,0.000000000,713,713,2
0.608724475,0.671244502,0.000000000,-0.835986972,-0.548749328,0.000000000,714,714,2
0.603156030,0.318166256,0.000000000,-0.979564190,0.201131701,0.000000000,715,715,2
0.603162885,0.328705758,0.000000000,0.999934733,0.011429663,-0.000000000,716,716,2
0.603147984,0.336141676,0.000000000,-0.939928472,0.341371566,0.000000000,717,717,2
0.603199780,0.338022202,0.000000000,-0.831540108,0.555464685,0.000000000,718,718,2
0.604399979,0.338754803,0.000000000,0.432603389,-0.901584327,0.000000000,719,719,2
0.604666710,0.700274527,0.000000000,-0.350313216,-0.936632633,0.000000000,720,720,2
0.612915695,0.338739604,0.000000000,0.076115720,-0.997098982,0.000000000,721,721,2
0.607000053,0.698473752,0.000000000,-0.732667506,-0.680586755,0.000000000,722,722,2
0.615962625,0.683029175,0.000000000,-0.856627464,-0.515935540,0.000000000,723,723,2
0.610666692,0.631593466,0.000000000,-0.308634043,-0.951180875,0.000000000,724,724,2
0.610666692,0.635439515,0.000000000,0.308724552,-0.951151490,0.000000000,725,725,2
0.613419056,0.290392369,0.000000000,-0.580852926,-0.814008534,0.000000000,726,726,2
0.613666713,0.290077686,0.000000000,-0.908826649,-0.417174011,0.000000000,727,727,2
0.610833526,0.294230729,0.000000000,-0.999083817,-0.042797007,0.000000000,728,728,2
0.614166796,0.301648319,0.000000000,-0.873657048,0.486542344,0.000000000,729,729,2
0.611761868,0.631632686,0.000000000,-0.636577070,-0.771213174,0.000000000,730,730,2
0.611666679,0.635439515,0.000000000,0.554201186,-0.832382739,0.000000000,731,731,2
0.615433395,0.627989054,0.000000000,-0.941231072,-0.337763280,0.000000000,732,732,2
0.613999784,0.636238813,0.000000000,-0.906018794,0.423237503,0.000000000,733,733,2
0.615099788,0.658424795,0.000000000,-0.979835153,-0.199807659,0.000000000,734,734,2
0.615110993,0.638670743,0.000000000,-0.979068577,0.203530669,0.000000000,735,735,2
0.616618991,0.623207688,0.000000000,-0.646747410,-0.762704313,0.000000000,736,736,2
0.616666734,0.623260021,0.000000000,-0.809590638,-0.586994886,0.000000000,737,737,2
0.615173995,0.648351610,0.000000000,1.000000000,-0.000000000,0.000000000,738,738,2
0.616428554,0.143720716,0.000000000,-0.631143689,-0.775665939,0.000000000,739,739,2
0.616184950,0.145482123,0.000000000,-0.888643086,-0.458599478,0.000000000,740,740,2
0.616142750,0.148626432,0.000000000,-0.978265643,-0.207355544,0.000000000,741,741,2
0.616166174,0.218543708,0.000000000,-0.999999821,-0.000602991,0.000000000,742,988,1
0.618912995,0.143669561,0.000000000,-0.228407457,-0.973565638,0.000000000,745,745,2
0.618312478,0.308653831,0.000000000,-0.792390347,0.610014379,0.000000000,746,746,2
0.619185209,0.623107255,0.000000000,-0.342478663,-0.939525664,0.000000000,747,747,2
0.619282067,0.310355157,0.000000000,0.518845081,-0.854868293,0.000000000,748,748,2
0.619833469,0.339834988,0.000000000,0.365379781,-0.930858552,0.000000000,749,749,2
0.619800210,0.341648400,0.000000000,-0.896002412,0.444049180,0.000000000,751,751,2
0.619833469,0.343681335,0.000000000,-0.976096928,0.217335716,0.000000000,752,752,2
0.621068835,0.485344291,0.000000000,-0.999999821,-0.000602991,0.000000000,753,988,1
0.620000005,0.310988992,0.000000000,0.045347277,-0.998971283,0.000000000,754,754,2
0.622709155,0.307318270,0.000000000,-0.614475727,-0.788935721,0.000000000,755,755,2
0.649083793,0.143680409,0.000000000,0.000603066,-0.999999821,0.000000000,757,988,1
0.625439644,0.338777453,0.000000000,-0.207514018,-0.978232086,0.000000000,758,758,2
0.627388895,0.339285851,0.000000000,-0.549290419,-0.835631549,0.000000000,759,759,2
0.622199833,0.341648400,0.000000000,-0.895996094,-0.444061935,0.000000000,760,760,2
0.622199833,0.619890213,0.000000000,-0.947639346,0.319342643,0.000000000,762,762,2
0.625470638,0.623260200,0.000000000,0.208224833,-0.978080988,0.000000000,765,765,2
0.623428643,0.306240231,0.000000000,-0.793753862,-0.608239174,0.000000000,766,766,2
0.625141084,0.667603493,0.000000000,-0.654929340,-0.755690157,0.000000000,767,767,2
0.626666725,0.303022057,0.000000000,-0.235719785,-0.971821070,0.000000000,768,768,2
0.626882255,0.667065144,0.000000000,0.574415803,-0.818563640,0.000000000,769,769,2
0.632343352,0.677695870,0.000000000,-0.862177789,0.506605804,0.000000000,770,770,2
0.628666639,0.303022027,0.000000000,0.152231067,-0.988344967,0.000000000,771,771,2
0.632826090,0.976134777,0.000000000,-0.428338706,-0.903618276,0.000000000,772,772,2
0.630095184,0.302982748,0.000000000,0.554181695,-0.832395732,0.000000000,773,773,2
0.630333304,0.623351455,0.000000000,0.560897827,-0.827885091,0.000000000,774,774,2
0.630499959,0.304395765,0.000000000,-0.851408601,0.524503052,0.000000000,775,775,2
0.630499899,0.307417601,0.000000000,-0.977507055,0.210902825,0.000000000,776,776,2
0.630502164,0.322113961,0.000000000,0.999986529,-0.005195856,0.000000000,777,777,2
0.630518496,0.336141676,0.000000000,-0.939938962,-0.341342598,0.000000000,778,778,2
0.630500019,0.337912232,0.000000000,-0.798519969,-0.601968408,0.000000000,779,779,2
0.630849898,0.553901076,0.000000000,-0.997513771,0.070471779,0.000000000,780,780,2
0.633307695,0.974386930,0.000000000,-0.734644115,-0.678452671,0.000000000,781,781,2
0.630833507,0.624725282,0.000000000,-0.853522122,0.521056652,0.000000000,782,782,2
0.630833447,0.627747357,0.000000000,-0.977501988,0.210926309,0.000000000,783,783,2
0.630833864,0.639835238,0.000000000,0.999846220,0.017539589,-0.000000000,784,784,2
0.635798812,0.660751224,0.000000000,-0.899593115,0.436729163,0.000000000,785,785,2
0.634941757,0.968716025,0.000000000,-0.985999167,-0.166750386,0.000000000,786,786,2
0.635249972,0.974313021,0.000000000,-0.888196290,-0.459464252,0.000000000,787,787,2
0.636407614,0.965608478,0.000000000,-0.991258740,0.131932095,0.000000000,788,788,2
0.637699962,0.687307835,0.000000000,-0.795269191,0.606256545,0.000000000,789,789,2
0.667204022,0.704871774,0.000000000,0.500522196,-0.865723729,0.000000000,790,988,1
0.641333401,0.123351507,0.000000000,-0.321884900,-0.946778834,0.000000000,791,791,2
0.641812503,0.672286928,0.000000000,-0.795593679,0.605830550,0.000000000,792,792,2
0.642904699,0.123312287,0.000000000,-0.622792006,-0.782387435,0.000000000,793,793,2
0.680885434,0.695263684,0.000000000,0.500522196,-0.865723729,0.000000000,794,988,1
0.643428624,0.043171283,0.000000000,-0.622960746,-0.782253087,0.000000000,795,795,2
0.643185019,0.044932663,0.000000000,-0.888653100,-0.458580136,0.000000000,796,796,2
0.643142700,0.048076998,0.000000000,-0.978267252,-0.207348078,0.000000000,797,797,2
0.643166840,0.084752187,0.000000000,-0.999999821,-0.000602991,0.000000000,798,988,1
0.643185019,0.120757118,0.000000000,-0.939943314,-0.341330737,0.000000000,799,799,2
0.643110991,0.122343995,0.000000000,-0.816639185,-0.577148557,0.000000000,800,800,2
0.646000028,0.043132003,0.000000000,-0.218878612,-0.975752115,0.000000000,801,801,2
0.645761907,0.303061306,0.000000000,-0.622999310,-0.782222390,0.000000000,802,802,2
0.645518541,0.304823130,0.000000000,-0.888663590,-0.458559752,0.000000000,803,803,2
0.645476162,0.307966977,0.000000000,-0.978271842,-0.207326636,0.000000000,804,804,2
0.645501554,0.322388589,0.000000000,0.999985814,0.005329156,-0.000000000,805,805,2
0.645481408,0.336141676,0.000000000,-0.939938962,0.341342568,0.000000000,806,806,2
0.645533442,0.338022202,0.000000000,-0.831561446,0.555432796,0.000000000,807,807,2
0.646733284,0.338754803,0.000000000,0.427061766,-0.904222488,0.000000000,808,808,2
0.648333311,0.303021967,0.000000000,-0.218908668,-0.975745380,0.000000000,809,809,2
0.699833393,0.043132022,0.000000000,0.000603066,-0.999999821,0.000000000,810,988,1
0.662666798,0.338736892,0.000000000,0.018112801,-0.999835968,0.000000000,811,811,2
0.663833380,0.303021461,0.000000000,-0.008546215,-0.999963522,0.000000000,812,812,2
0.651095271,0.623390675,0.000000000,-0.631286144,-0.775550067,0.000000000,813,813,2
0.650851965,0.625152707,0.000000000,-0.888683379,-0.458521396,0.000000000,814,814,2
0.650809765,0.628296793,0.000000000,-0.978276134,-0.207306281,0.000000000,815,815,2
0.650837064,0.636672914,0.000000000,0.999940813,0.010883836,-0.000000000,816,816,2
0.650815010,0.644383252,0.000000000,-0.939948499,0.341316372,0.000000000,817,817,2
0.650866807,0.646263599,0.000000000,-0.830494523,0.557026863,0.000000000,818,818,2
0.651897430,0.646999061,0.000000000,0.455978543,-0.889990807,0.000000000,819,819,2
0.653579712,0.623339534,0.000000000,-0.227987811,-0.973663986,0.000000000,820,820,2
0.674166799,0.646979749,0.000000000,0.003997791,-0.999992013,0.000000000,821,821,2
0.667750418,0.623353839,0.000000000,-0.011405214,-0.999934971,0.000000000,822,822,2
0.678333282,0.143681496,0.000000000,0.321869761,-0.946783960,0.000000000,823,823,2
0.681041539,0.299587935,0.000000000,-0.279217005,-0.960228026,0.000000000,824,824,2
0.678333282,0.338736504,0.000000000,0.321872324,-0.946783066,0.000000000,825,825,2
0.679904759,0.143720716,0.000000000,0.565962136,-0.824431241,0.000000000,826,826,2
0.680166662,0.300274789,0.000000000,-0.608277023,-0.793724835,0.000000000,827,827,2
0.680422187,0.342820585,0.000000000,0.550884128,-0.834581792,0.000000000,828,828,2
0.680148005,0.145482123,0.000000000,-0.888673902,0.458539814,0.000000000,829,829,2
0.680166543,0.148626432,0.000000000,-0.978280127,0.207287312,0.000000000,830,830,2
0.680163622,0.204670295,0.000000000,-0.999999821,-0.000602991,0.000000000,831,988,1
0.680166483,0.259890229,0.000000000,-0.934669673,0.355517447,0.000000000,832,832,2
0.680277646,0.261629850,0.000000000,-0.816947281,0.576712370,0.000000000,833,833,2
0.681400001,0.262380749,0.000000000,0.424060583,-0.905633807,0.000000000,834,834,2
0.680166602,0.300274700,0.000000000,-0.799148977,-0.601133108,0.000000000,835,835,2
0.680159450,0.342450947,0.000000000,-0.908056676,0.418847412,0.000000000,836,836,2
0.680333316,0.345787376,0.000000000,-0.751627862,0.659587443,0.000000000,837,837,2
0.680999994,0.623351514,0.000000000,-0.325499773,-0.945542157,0.000000000,838,838,2
0.686828256,0.346436888,0.000000000,0.057305973,-0.998356700,0.000000000,839,839,2
0.682476103,0.623233676,0.000000000,-0.658143401,-0.752892613,0.000000000,840,840,2
0.682791650,0.385027379,0.000000000,-0.633209825,-0.773980141,0.000000000,841,841,2
0.682518542,0.386691093,0.000000000,-0.889768124,-0.456412941,0.000000000,842,842,2
0.682483196,0.390659362,0.000000000,-0.979742765,-0.200260207,0.000000000,843,843,2
0.682504177,0.506594121,0.000000000,-0.999999821,-0.000602991,0.000000000,844,988,1
0.682555556,0.621062279,0.000000000,-0.934871316,-0.354986757,0.000000000,845,845,2
0.682666719,0.622527301,0.000000000,-0.825774074,-0.564001024,0.000000000,846,846,2
0.689500034,0.262369186,0.000000000,0.009012154,-0.999959409,0.000000000,847,847,2
0.685413361,0.384879023,0.000000000,-0.209842101,-0.977735281,0.000000000,848,848,2
0.690500021,0.297519982,0.000000000,0.015482706,-0.999880135,0.000000000,849,849,2
0.691584945,0.384884357,0.000000000,0.036848798,-0.999320865,0.000000000,850,850,2
0.693520844,0.346462816,0.000000000,-0.309155375,-0.951011539,0.000000000,851,851,2
0.695407569,0.346153766,0.000000000,-0.615936995,-0.787795484,0.000000000,852,852,2
0.696333408,0.646977961,0.000000000,-0.327489078,-0.944854975,0.000000000,853,853,2
0.696196079,0.343309581,0.000000000,-0.916285455,-0.400525838,0.000000000,854,854,2
0.698571324,0.388657659,0.000000000,0.352009773,-0.935996354,0.000000000,856,856,2
0.696714282,0.722448826,0.000000000,0.565544248,-0.824717999,0.000000000,857,857,2
0.697499931,0.262362510,0.000000000,-0.315704465,-0.948857605,0.000000000,858,858,2
0.700057328,0.324153155,0.000000000,-0.981899202,-0.189404428,0.000000000,859,859,2
0.697666705,0.297527552,0.000000000,0.346856415,-0.937918246,0.000000000,860,860,2
0.697666764,0.723226607,0.000000000,-0.860501111,0.509448647,0.000000000,861,861,2
0.697904706,0.646938741,0.000000000,-0.622854710,-0.782337606,0.000000000,862,862,2
0.698133290,0.388241708,0.000000000,0.571932316,-0.820300817,0.000000000,863,863,2
0.697833538,0.727197707,0.000000000,-0.979675889,0.200587094,0.000000000,864,864,2
0.697833657,0.744780123,0.000000000,0.999990106,0.004446730,-0.000000000,865,865,2
0.697815061,0.760866880,0.000000000,-0.939944923,0.341326118,0.000000000,866,866,2
0.697866797,0.762747169,0.000000000,-0.831552863,0.555445731,0.000000000,867,867,2
0.699066579,0.763479829,0.000000000,0.427001029,-0.904251158,0.000000000,868,868,2
0.698175192,0.388316959,0.000000000,-0.873877645,0.486145884,0.000000000,869,869,2
0.698428571,0.403610736,0.000000000,-0.622954786,-0.782257915,0.000000000,870,870,2
0.698184967,0.405372560,0.000000000,-0.888639987,-0.458605587,0.000000000,871,871,2
0.698142648,0.408516496,0.000000000,-0.978263557,-0.207365379,0.000000000,872,872,2
0.698166728,0.432142764,0.000000000,0.999992192,0.003961314,-0.000000000,873,873,2
0.698166490,0.454945236,0.000000000,-0.937515259,0.347944200,0.000000000,874,874,2
0.698199809,0.456703186,0.000000000,-0.829313219,0.558784068,0.000000000,875,875,2
0.699439943,0.457692325,0.000000000,0.360802114,-0.932642400,0.000000000,876,876,2
0.698428571,0.528335690,0.000000000,-0.623017251,-0.782208085,0.000000000,877,877,2
0.698184967,0.530097663,0.000000000,-0.888652027,-0.458582133,0.000000000,878,878,2
0.698142648,0.533241749,0.000000000,-0.978265107,-0.207358152,0.000000000,879,879,2
0.698166609,0.589148700,0.000000000,-0.999999821,-0.000602991,0.000000000,880,988,1
0.698184967,0.644383252,0.000000000,-0.939950049,-0.341312140,0.000000000,881,881,2
0.698111057,0.645970643,0.000000000,-0.816657066,-0.577123344,0.000000000,882,882,2
0.699142814,0.262166291,0.000000000,-0.638301671,-0.769786358,0.000000000,884,884,2
0.701044381,0.301996261,0.000000000,0.552015543,-0.833833814,0.000000000,885,885,2
0.699458301,0.070741877,0.000000000,-0.670063794,-0.742303610,0.000000000,886,886,2
0.699444473,0.072405331,0.000000000,-0.903031707,-0.429574013,0.000000000,887,887,2
0.701629639,0.124542050,0.000000000,-0.849624693,0.527387798,0.000000000,888,888,2
0.700833201,0.301511109,0.000000000,-0.790710807,0.612189889,0.000000000,889,889,2
0.700913072,0.403559566,0.000000000,-0.227213442,-0.973845005,0.000000000,890,890,2
0.700913072,0.528284550,0.000000000,-0.227222756,-0.973842800,0.000000000,891,891,2
0.699486077,0.076923072,0.000000000,-0.980010092,-0.198947921,0.000000000,892,892,2
0.699500799,0.100549482,0.000000000,0.999993682,0.003572713,-0.000000000,893,893,2
0.702738225,0.125784978,0.000000000,-0.974577546,0.224050611,0.000000000,894,894,2
0.701999903,0.124450527,0.000000000,0.591009736,-0.806664407,0.000000000,895,895,2
0.701999843,0.143681496,0.000000000,-0.636129022,-0.771582663,0.000000000,896,896,2
0.702000022,0.143681228,0.000000000,-0.908209324,-0.418516248,0.000000000,897,897,2
0.699500084,0.148901120,0.000000000,-0.978834867,-0.204651758,0.000000000,898,898,2
0.699497938,0.204670340,0.000000000,-0.999999821,-0.000602991,0.000000000,899,988,1
0.699518561,0.259768128,0.000000000,-0.937427223,-0.348181337,0.000000000,900,900,2
0.699444294,0.261355013,0.000000000,-0.813293219,-0.581854105,0.000000000,901,901,2
0.702246845,0.070594326,0.000000000,-0.207197845,-0.978299081,0.000000000,902,902,2
0.795666754,0.763459265,0.000000000,0.000603066,-0.999999821,0.000000000,903,988,1
0.716833353,0.457700849,0.000000000,-0.001942547,-0.999998152,0.000000000,904,904,2
0.722833395,0.391484767,0.000000000,0.009210398,-0.999957621,0.000000000,905,905,2
0.717583776,0.403570354,0.000000000,0.007478296,-0.999972045,0.000000000,906,906,2
0.717583776,0.528295279,0.000000000,0.007478213,-0.999972045,0.000000000,907,907,2
0.703794837,0.305663615,0.000000000,-0.983258069,0.182218626,0.000000000,908,908,2
0.704500079,0.132142812,0.000000000,-0.977851689,0.209298998,0.000000000,910,910,2
0.704500020,0.137362659,0.000000000,0.999386907,-0.035012521,0.000000000,911,911,2
0.735083640,0.070605159,0.000000000,0.000603066,-0.999999821,0.000000000,913,988,1
0.720142841,0.718131900,0.000000000,0.617906570,-0.786251605,0.000000000,914,914,2
0.720629752,0.771978080,0.000000000,-0.000000000,-1.000000000,0.000000000,915,915,2
0.721102595,0.303043187,0.000000000,-0.598349035,-0.801235557,0.000000000,916,916,2
0.720500052,0.304121017,0.000000000,-0.943231523,-0.332136065,0.000000000,917,917,2
0.721158028,0.306333184,0.000000000,-0.998747587,0.050032582,0.000000000,918,918,2
0.721272707,0.718930960,0.000000000,-0.851121902,0.524968147,0.000000000,919,919,2
0.721495390,0.726700425,0.000000000,-0.979010701,0.203809112,0.000000000,920,920,2
0.721511126,0.728424847,0.000000000,1.000000000,-0.000000000,0.000000000,921,921,2
0.721476138,0.735321701,0.000000000,-0.840828776,0.541301191,0.000000000,922,922,2
0.722000003,0.736538410,0.000000000,0.561202586,-0.827678502,0.000000000,923,923,2
0.729632735,0.330715597,0.000000000,-0.942905843,0.333059460,0.000000000,924,924,2
0.723904788,0.303008884,0.000000000,-0.220618263,-0.975360215,0.000000000,925,925,2
0.726999879,0.736548722,0.000000000,0.076910578,-0.997038007,0.000000000,926,926,2
0.800166309,0.303022087,0.000000000,0.000603066,-0.999999821,0.000000000,927,988,1
0.732764721,0.736554563,0.000000000,-0.260109752,-0.965579093,0.000000000,928,928,2
0.733333349,0.403571486,0.000000000,0.327458650,-0.944865525,0.000000000,929,929,2
0.733333349,0.528296471,0.000000000,0.327478051,-0.944858789,0.000000000,930,930,2
0.733784318,0.457692355,0.000000000,-0.324005753,-0.946055114,0.000000000,931,931,2
0.734714329,0.736499310,0.000000000,-0.586505473,-0.809945285,0.000000000,932,932,2
0.734833300,0.403571486,0.000000000,0.607459307,-0.794350863,0.000000000,933,933,2
0.734833300,0.528296530,0.000000000,0.607522905,-0.794302166,0.000000000,934,934,2
0.734999955,0.457600683,0.000000000,-0.605159879,-0.796104014,0.000000000,935,935,2
0.735166550,0.404945225,0.000000000,-0.856183112,0.516672552,0.000000000,936,936,2
0.735166550,0.407967001,0.000000000,-0.977508664,0.210895270,0.000000000,937,937,2
0.735169530,0.431868136,0.000000000,0.999992371,-0.003904906,0.000000000,938,938,2
0.735166490,0.454945236,0.000000000,-0.937544405,-0.347865760,0.000000000,939,939,2
0.735166490,0.456593275,0.000000000,-0.799797356,-0.600270152,0.000000000,940,940,2
0.735166550,0.529670238,0.000000000,-0.856202245,0.516640782,0.000000000,941,941,2
0.735166550,0.532692134,0.000000000,-0.977511704,0.210881114,0.000000000,942,942,2
0.735163569,0.604806304,0.000000000,-0.999999821,-0.000602991,0.000000000,943,988,1
0.735148072,0.676251650,0.000000000,-0.939929724,0.341368049,0.000000000,944,944,2
0.735199809,0.678131819,0.000000000,-0.830447793,0.557096422,0.000000000,945,945,2
0.736400068,0.678864241,0.000000000,0.427011430,-0.904246271,0.000000000,946,946,2
0.735428631,0.715149283,0.000000000,-0.622978866,-0.782238722,0.000000000,947,947,2
0.735185027,0.716910899,0.000000000,-0.888649523,-0.458586991,0.000000000,948,948,2
0.735142708,0.720055044,0.000000000,-0.978266060,-0.207353726,0.000000000,949,949,2
0.735170841,0.727331579,0.000000000,0.999910951,-0.013348525,0.000000000,950,950,2
0.735185027,0.733943701,0.000000000,-0.939945698,-0.341324180,0.000000000,951,951,2
0.735166490,0.735714257,0.000000000,-0.804585397,-0.593836963,0.000000000,952,952,2
0.737913072,0.715098083,0.000000000,-0.227221638,-0.973843098,0.000000000,953,953,2
0.737916648,0.354716331,0.000000000,-0.808316350,0.588748455,0.000000000,954,954,2
0.740833282,0.678860605,0.000000000,0.021902716,-0.999760091,0.000000000,955,955,2
0.738974333,0.356212944,0.000000000,0.506170690,-0.862433314,0.000000000,956,956,2
0.741076887,0.356339633,0.000000000,0.151376441,-0.988476217,0.000000000,957,957,2
0.742252886,0.715100646,0.000000000,0.061520983,-0.998105824,0.000000000,958,958,2
0.746549428,0.352405518,0.000000000,-0.222878531,-0.974846244,0.000000000,959,959,2
0.745166719,0.678845942,0.000000000,-0.303862423,-0.952715933,0.000000000,960,960,2
0.745357096,0.353728205,0.000000000,-0.580367148,-0.814354956,0.000000000,961,961,2
0.745333374,0.391483545,0.000000000,0.322970539,-0.946409047,0.000000000,962,962,2
0.745575666,0.715135038,0.000000000,0.358251333,-0.933625221,0.000000000,963,963,2
0.745499909,0.353296757,0.000000000,-0.834643900,-0.550789952,0.000000000,964,964,2
0.746904731,0.391522735,0.000000000,0.578917623,-0.815386057,0.000000000,965,965,2
0.746904731,0.678806722,0.000000000,-0.631084025,-0.775714457,0.000000000,966,966,2
0.746999979,0.715110004,0.000000000,0.599905610,-0.800070763,0.000000000,967,967,2
0.747147977,0.393284529,0.000000000,-0.888677716,0.458532453,0.000000000,968,968,2
0.747166336,0.396428496,0.000000000,-0.978280783,0.207284138,0.000000000,969,969,2
0.747169137,0.513874233,0.000000000,-0.999999821,-0.000602991,0.000000000,970,988,1
0.747147977,0.630647063,0.000000000,-0.939919353,0.341396600,0.000000000,971,971,2
0.747199833,0.632527530,0.000000000,-0.830414534,0.557146132,0.000000000,972,972,2
0.748400033,0.633259833,0.000000000,0.426978767,-0.904261708,0.000000000,973,973,2
0.747428596,0.662951350,0.000000000,-0.623036325,-0.782192886,0.000000000,974,974,2
0.747184992,0.664713144,0.000000000,-0.888653874,-0.458578557,0.000000000,975,975,2
0.747160316,0.671225071,0.000000000,-0.979266346,-0.202577114,0.000000000,976,976,2
0.747166395,0.671428502,0.000000000,1.000000000,-0.000000000,0.000000000,977,977,2
0.747166455,0.677472651,0.000000000,-0.855501175,-0.517800868,0.000000000,978,978,2
0.747147977,0.716910899,0.000000000,-0.888684809,0.458518654,0.000000000,979,979,2
0.747166336,0.720055044,0.000000000,-0.978278935,0.207292989,0.000000000,980,980,2
0.747170687,0.727331579,0.000000000,0.999909759,0.013437457,-0.000000000,981,981,2
0.747147977,0.733943701,0.000000000,-0.939923227,0.341385931,0.000000000,982,982,2
0.747199833,0.735824227,0.000000000,-0.831501186,0.555523038,0.000000000,983,983,2
0.748400033,0.736556768,0.000000000,0.427064568,-0.904221177,0.000000000,984,984,2
0.750000060,0.662911952,0.000000000,-0.219080821,-0.975706756,0.000000000,985,985,2
0.752503514,0.773626447,0.000000000,-0.000020243,-1.000000000,0.000000000,986,986,2
0.812166929,0.633241832,0.000000000,0.000603066,-0.999999821,0.000000000,987,988,1
0.812166929,0.736541986,0.000000000,0.000603066,-0.999999821,0.000000000,988,988,1
0.794166923,0.350275695,0.000000000,0.000603066,-0.999999821,0.000000000,989,988,1
0.752666712,0.043131996,0.000000000,-0.321958870,-0.946753681,0.000000000,990,990,2
0.814333260,0.662907958,0.000000000,0.000603066,-0.999999821,0.000000000,991,988,1
0.754238069,0.043092709,0.000000000,-0.622859716,-0.782333553,0.000000000,992,992,2
0.754761875,0.028335715,0.000000000,-0.623023152,-0.782203436,0.000000000,993,993,2
0.754518509,0.030097667,0.000000000,-0.888662994,-0.458560973,0.000000000,994,994,2
0.754494429,0.036150035,0.000000000,-0.976954639,-0.213447198,0.000000000,995,995,2
0.754499972,0.035989001,0.000000000,1.000000000,-0.000000000,0.000000000,996,996,2
0.754499972,0.041758332,0.000000000,-0.855474710,-0.517844677,0.000000000,997,997,2
0.757246435,0.028284565,0.000000000,-0.229017287,-0.973422348,0.000000000,998,998,2
0.793750286,0.028295815,0.000000000,0.000603066,-0.999999821,0.000000000,999,988,1
0.766666651,0.070604496,0.000000000,-0.321932882,-0.946762502,0.000000000,1000,1000,2
0.768238187,0.070565283,0.000000000,-0.622809350,-0.782373726,0.000000000,1001,1001,2
0.768761814,0.049764719,0.000000000,-0.622933865,-0.782274485,0.000000000,1002,1002,2
0.768518567,0.051526111,0.000000000,-0.888656378,-0.458573699,0.000000000,1003,1003,2
0.768476129,0.054670427,0.000000000,-0.978269935,-0.207335472,0.000000000,1004,1004,2
0.768504739,0.061672129,0.000000000,0.999899566,-0.014174667,0.000000000,1005,1005,2
0.768518567,0.068009667,0.000000000,-0.939932108,-0.341361403,0.000000000,1006,1006,2
0.768444359,0.069596998,0.000000000,-0.816617131,-0.577179730,0.000000000,1007,1007,2
0.771333396,0.049725499,0.000000000,-0.218850851,-0.975758374,0.000000000,1008,1008,2
0.787166715,0.049722213,0.000000000,0.008128202,-0.999966979,0.000000000,1009,1009,2
0.791649163,0.771977961,0.000000000,-0.000000000,-1.000000000,0.000000000,1010,1010,2
0.801999867,0.049725503,0.000000000,0.321861625,-0.946786761,0.000000000,1011,1011,2
0.803571403,0.049764715,0.000000000,0.565930963,-0.824452639,0.000000000,1012,1012,2
0.803815007,0.051526111,0.000000000,-0.888641179,0.458603233,0.000000000,1013,1013,2
0.803833485,0.054670427,0.000000000,-0.978269458,0.207337603,0.000000000,1014,1014,2
0.803838193,0.061672129,0.000000000,0.999898255,0.014267568,-0.000000000,1015,1015,2
0.803815007,0.068009667,0.000000000,-0.939946055,0.341322958,0.000000000,1016,1016,2
0.803866744,0.069890201,0.000000000,-0.831555903,0.555441082,0.000000000,1017,1017,2
0.804897428,0.070625603,0.000000000,0.455966532,-0.889996946,0.000000000,1018,1018,2
0.840333164,0.070604406,0.000000000,0.000603066,-0.999999821,0.000000000,1019,988,1
0.829333305,0.028296500,0.000000000,0.333492190,-0.942752898,0.000000000,1020,1020,2
0.830833375,0.028388001,0.000000000,0.557468295,-0.830198288,0.000000000,1021,1021,2
0.831083238,0.029739002,0.000000000,-0.849977374,0.526819229,0.000000000,1022,1022,2
0.831171572,0.035797514,0.000000000,-0.977479875,0.211028606,0.000000000,1023,1023,2
0.831166446,0.036263749,0.000000000,1.000000000,-0.000000000,0.000000000,1024,1024,2
0.831142724,0.041915286,0.000000000,-0.843937457,0.536441684,0.000000000,1025,1025,2
0.831500053,0.043131996,0.000000000,0.607613146,-0.794233203,0.000000000,1026,1026,2
0.833913028,0.043143958,0.000000000,0.227000326,-0.973894715,0.000000000,1027,1027,2
0.863416612,0.043131322,0.000000000,0.000603066,-0.999999821,0.000000000,1028,988,1
0.839000046,0.350274473,0.000000000,-0.321858734,-0.946787715,0.000000000,1029,1029,2
0.840571404,0.350235283,0.000000000,-0.622747123,-0.782423198,0.000000000,1030,1030,2
0.843294144,0.325361431,0.000000000,-0.902016878,-0.431700766,0.000000000,1031,1031,2
0.840830863,0.339755952,0.000000000,-0.979541123,-0.201244116,0.000000000,1032,1032,2
0.840833604,0.348901361,0.000000000,-0.855445743,-0.517892540,0.000000000,1033,1033,2
0.846833289,0.318681240,0.000000000,-0.698834181,-0.715283692,0.000000000,1035,1035,2
0.848833323,0.317307502,0.000000000,-0.348453432,-0.937326133,0.000000000,1036,1036,2
0.855666816,0.317298979,0.000000000,0.005852656,-0.999982893,0.000000000,1037,1037,2
0.862333179,0.317307502,0.000000000,0.376118660,-0.926571548,0.000000000,1038,1038,2
0.864000022,0.318406522,0.000000000,0.578526974,-0.815663218,0.000000000,1039,1039,2
0.867136002,0.324137151,0.000000000,-0.879811883,0.475322038,0.000000000,1040,1040,2
0.870160043,0.337186694,0.000000000,-0.977708101,0.209968790,0.000000000,1041,1041,2
0.870158494,0.341077983,0.000000000,1.000000000,-0.000000000,0.000000000,1042,1042,2
0.874066651,0.350439638,0.000000000,-0.847674131,0.530517220,0.000000000,1043,1043,2
0.873833358,0.350274503,0.000000000,0.561150551,-0.827713788,0.000000000,1044,1044,2
0.873833358,0.350274563,0.000000000,0.296269476,-0.955104411,0.000000000,1045,1045,2
0.875666678,0.070604496,0.000000000,0.321878493,-0.946780980,0.000000000,1046,1046,2
0.875666678,0.303022027,0.000000000,-0.321950793,-0.946756423,0.000000000,1047,1047,2
0.875666678,0.633241475,0.000000000,-0.321867377,-0.946784794,0.000000000,1048,1048,2
0.875666678,0.736538410,0.000000000,-0.321950376,-0.946756601,0.000000000,1049,1049,2
0.877238154,0.070643708,0.000000000,0.565934598,-0.824450195,0.000000000,1050,1050,2
0.877238154,0.302982748,0.000000000,-0.622832894,-0.782354951,0.000000000,1051,1051,2
0.877238154,0.633202255,0.000000000,-0.622752190,-0.782419205,0.000000000,1052,1052,2
0.877666712,0.662911952,0.000000000,0.321963906,-0.946751952,0.000000000,1053,1053,2
0.877238154,0.736499310,0.000000000,-0.622817159,-0.782367408,0.000000000,1054,1054,2
0.877481461,0.072405331,0.000000000,-0.888658524,0.458569556,0.000000000,1055,1055,2
0.877500057,0.075549506,0.000000000,-0.978274405,0.207314208,0.000000000,1056,1056,2
0.877496898,0.188324377,0.000000000,-0.999999821,-0.000602991,0.000000000,1057,988,1
0.877518535,0.300427347,0.000000000,-0.939940870,-0.341337442,0.000000000,1058,1058,2
0.877444327,0.302014649,0.000000000,-0.816629708,-0.577161968,0.000000000,1059,1059,2
0.877500057,0.354670376,0.000000000,-0.977507532,0.210900679,0.000000000,1060,1060,2
0.877497971,0.492994368,0.000000000,-0.999999821,-0.000602991,0.000000000,1061,988,1
0.877518535,0.630647063,0.000000000,-0.939932108,-0.341361463,0.000000000,1062,1062,2
0.877444327,0.632234633,0.000000000,-0.816600502,-0.577203274,0.000000000,1063,1063,2
0.877909064,0.698501587,0.000000000,-0.561995506,-0.827140331,0.000000000,1064,1064,2
0.877499998,0.700274765,0.000000000,-0.876850009,-0.480764121,0.000000000,1065,1065,2
0.877500057,0.703296661,0.000000000,-0.979295135,-0.202437803,0.000000000,1066,1066,2
0.877500772,0.718955636,0.000000000,0.999988437,-0.004814953,0.000000000,1067,1067,2
0.877518535,0.733943701,0.000000000,-0.939935982,-0.341350764,0.000000000,1068,1068,2
0.877444327,0.735531032,0.000000000,-0.816619158,-0.577176869,0.000000000,1069,1069,2
0.886554182,0.698339581,0.000000000,-0.031024085,-0.999518633,0.000000000,1070,1070,2
0.879238129,0.662951350,0.000000000,0.566054940,-0.824367583,0.000000000,1071,1071,2
0.879500151,0.667307734,0.000000000,-0.889433086,0.457065523,0.000000000,1072,1072,2
0.879500031,0.667307675,0.000000000,-0.976781607,0.214237571,0.000000000,1073,1073,2
0.880733311,0.671721756,0.000000000,0.424560010,-0.905399799,0.000000000,1075,1075,2
0.905000091,0.671705425,0.000000000,0.011680325,-0.999931812,0.000000000,1077,1077,2
0.891999960,0.043131996,0.000000000,0.321894854,-0.946775436,0.000000000,1078,1078,2
0.891999960,0.763461530,0.000000000,-0.321873665,-0.946782649,0.000000000,1079,1079,2
0.893571436,0.043171283,0.000000000,0.565966964,-0.824427962,0.000000000,1080,1080,2
0.893571436,0.763422310,0.000000000,-0.622760296,-0.782412767,0.000000000,1081,1081,2
0.893815041,0.044932663,0.000000000,-0.888648272,0.458589405,0.000000000,1082,1082,2
0.893833578,0.048076998,0.000000000,-0.978268623,0.207341701,0.000000000,1083,1083,2
0.893843591,0.304257333,0.000000000,-0.999999821,-0.000602991,0.000000000,1084,988,1
0.893815041,0.559768081,0.000000000,-0.939943850,0.341329217,0.000000000,1085,1085,2
0.893866837,0.561648190,0.000000000,-0.831548810,0.555451691,0.000000000,1086,1086,2
0.895066619,0.562380731,0.000000000,0.426991522,-0.904255629,0.000000000,1087,1087,2
0.894095302,0.738775671,0.000000000,-0.622974038,-0.782242477,0.000000000,1088,1088,2
0.893851995,0.740537047,0.000000000,-0.888668954,-0.458549291,0.000000000,1089,1089,2
0.893809795,0.743681312,0.000000000,-0.978276253,-0.207305551,0.000000000,1090,1090,2
0.893836498,0.752607465,0.000000000,0.999951005,-0.009898949,0.000000000,1091,1091,2
0.893851995,0.760866880,0.000000000,-0.939923227,-0.341385961,0.000000000,1092,1092,2
0.893778026,0.762454033,0.000000000,-0.816593349,-0.577213466,0.000000000,1093,1093,2
0.895733237,0.698324144,0.000000000,0.286359549,-0.958122253,0.000000000,1094,1094,2
0.896666706,0.738736451,0.000000000,-0.218853131,-0.975757837,0.000000000,1095,1095,2
0.944833159,0.562359452,0.000000000,0.000603066,-0.999999821,0.000000000,1096,988,1
0.897250056,0.698557734,0.000000000,0.563463867,-0.826140761,0.000000000,1097,1097,2
0.897761822,0.589324653,0.000000000,-0.623018622,-0.782207012,0.000000000,1098,1098,2
0.897518575,0.591086626,0.000000000,-0.888665617,-0.458555818,0.000000000,1099,1099,2
0.897476196,0.594230652,0.000000000,-0.978271365,-0.207328603,0.000000000,1100,1100,2
0.897500753,0.612773597,0.000000000,0.999992251,0.003946314,-0.000000000,1101,1101,2
0.897481501,0.630647063,0.000000000,-0.939928889,0.341370374,0.000000000,1102,1102,2
0.897533417,0.632527530,0.000000000,-0.830435157,0.557115376,0.000000000,1103,1103,2
0.898733318,0.633259833,0.000000000,0.426973253,-0.904264271,0.000000000,1104,1104,2
0.897491276,0.704655886,0.000000000,-0.902483284,0.430724919,0.000000000,1105,1105,2
0.897500038,0.704945087,0.000000000,-0.986218214,0.165450096,0.000000000,1106,1106,2
0.898733318,0.711281836,0.000000000,0.426978797,-0.904261649,0.000000000,1108,1108,2
0.900246441,0.589273512,0.000000000,-0.227327883,-0.973818302,0.000000000,1110,1110,2
0.946000099,0.738738477,0.000000000,0.000603066,-0.999999821,0.000000000,1111,988,1
0.914000094,0.633243859,0.000000000,0.002755492,-0.999996245,0.000000000,1112,1112,2
0.914000094,0.711267531,0.000000000,0.002755587,-0.999996245,0.000000000,1113,1113,2
0.915084064,0.589284360,0.000000000,0.008519952,-0.999963701,0.000000000,1114,1114,2
0.928999901,0.589285553,0.000000000,0.321933746,-0.946762204,0.000000000,1115,1115,2
0.928999901,0.633241475,0.000000000,-0.321871042,-0.946783543,0.000000000,1116,1116,2
0.928999901,0.671703517,0.000000000,0.321848333,-0.946791291,0.000000000,1117,1117,2
0.928999901,0.711263478,0.000000000,-0.321876556,-0.946781695,0.000000000,1118,1118,2
0.930571437,0.589324772,0.000000000,0.566023588,-0.824389040,0.000000000,1119,1119,2
0.930571437,0.633202255,0.000000000,-0.622745275,-0.782424688,0.000000000,1120,1120,2
0.930571437,0.671742737,0.000000000,0.565921068,-0.824459493,0.000000000,1121,1121,2
0.930571437,0.711224258,0.000000000,-0.622749984,-0.782420933,0.000000000,1122,1122,2
0.930814981,0.591086626,0.000000000,-0.888653398,0.458579570,0.000000000,1123,1123,2
0.930833399,0.594230652,0.000000000,-0.978268385,0.207342908,0.000000000,1124,1124,2
0.930834293,0.612773597,0.000000000,0.999992192,-0.003954282,0.000000000,1125,1125,2
0.930851936,0.630647063,0.000000000,-0.939921796,-0.341389775,0.000000000,1126,1126,2
0.930778027,0.632234633,0.000000000,-0.816583633,-0.577227175,0.000000000,1127,1127,2
0.930824697,0.676171124,0.000000000,-0.902887046,0.429877967,0.000000000,1128,1128,2
0.930833459,0.676373780,0.000000000,-0.985321462,0.170709327,0.000000000,1129,1129,2
0.931897402,0.681065202,0.000000000,0.455130309,-0.890424848,0.000000000,1131,1131,2
0.931095243,0.701962352,0.000000000,-0.627232254,-0.778832257,0.000000000,1132,1132,2
0.930833399,0.706593513,0.000000000,-0.888697445,-0.458494157,0.000000000,1133,1133,2
0.930833399,0.706593454,0.000000000,-0.982423425,-0.186666057,0.000000000,1134,1134,2
0.933579743,0.701911032,0.000000000,-0.228052273,-0.973648906,0.000000000,1136,1136,2
0.935999990,0.681059182,0.000000000,0.046514243,-0.998917639,0.000000000,1137,1137,2
0.937919557,0.701913595,0.000000000,0.079305299,-0.996850431,0.000000000,1138,1138,2
0.940333307,0.681044102,0.000000000,-0.284461200,-0.958687603,0.000000000,1139,1139,2
0.941166699,0.701923013,0.000000000,0.394596577,-0.918854535,0.000000000,1140,1140,2
0.942238152,0.681004822,0.000000000,-0.622830749,-0.782356620,0.000000000,1141,1141,2
0.942333221,0.702087760,0.000000000,0.553568363,-0.832803786,0.000000000,1142,1142,2
0.942761838,0.671742737,0.000000000,-0.622934759,-0.782273829,0.000000000,1143,1143,2
0.942499995,0.676373482,0.000000000,-0.888698101,-0.458492905,0.000000000,1144,1144,2
0.942500055,0.676373661,0.000000000,-0.982423604,-0.186665162,0.000000000,1145,1145,2
0.942499995,0.706593513,0.000000000,-0.908265531,0.418394268,0.000000000,1146,1146,2
0.942499995,0.706593394,0.000000000,-0.985321045,0.170711562,0.000000000,1147,1147,2
0.943733335,0.711281836,0.000000000,0.426985115,-0.904258668,0.000000000,1149,1149,2
0.948254287,0.671707988,0.000000000,-0.157719389,-0.987483978,0.000000000,1152,1152,2
0.961000204,0.711266696,0.000000000,0.002366636,-0.999997199,0.000000000,1153,1153,2
0.953833342,0.671703517,0.000000000,-0.523274183,-0.852164447,0.000000000,1154,1154,2
0.954694510,0.590201318,0.000000000,-0.838681459,-0.544622302,0.000000000,1155,1155,2
0.954649925,0.593159378,0.000000000,-0.979701400,-0.200462520,0.000000000,1156,1156,2
0.954620540,0.626887798,0.000000000,-0.999999821,-0.000602991,0.000000000,1157,988,1
0.955513895,0.635966182,0.000000000,-0.946397126,0.323005438,0.000000000,1158,1158,2
0.955209732,0.642185330,0.000000000,-0.923871160,-0.382703751,0.000000000,1159,1159,2
0.954500020,0.669230700,0.000000000,-0.933428466,-0.358763635,0.000000000,1160,1160,2
0.954466522,0.670989156,0.000000000,-0.777213335,-0.629237175,0.000000000,1161,1161,2
0.956166565,0.589285493,0.000000000,-0.460678786,-0.887566924,0.000000000,1162,1162,2
0.956749976,0.641345978,0.000000000,-0.752853751,-0.658187926,0.000000000,1163,1163,2
0.966950595,0.639853835,0.000000000,-0.007784253,-0.999969721,0.000000000,1164,1164,2
0.967166662,0.589281380,0.000000000,-0.006438103,-0.999979317,0.000000000,1165,1165,2
0.957999945,0.637156785,0.000000000,-0.806657314,0.591019511,0.000000000,1166,1166,2
0.958999991,0.637088001,0.000000000,0.531501055,-0.847057641,0.000000000,1168,1168,2
0.964833260,0.637225509,0.000000000,0.291292310,-0.956634104,0.000000000,1169,1169,2
0.973388851,0.637179673,0.000000000,-0.324392974,-0.945922434,0.000000000,1171,1171,2
0.975904763,0.637127340,0.000000000,-0.657910287,-0.753096342,0.000000000,1172,1172,2
0.976666629,0.641300261,0.000000000,0.299363941,-0.954139054,0.000000000,1173,1173,2
0.978916824,0.636126399,0.000000000,-0.948201716,-0.317668915,0.000000000,1174,1174,2
0.978000104,0.589285553,0.000000000,0.321934253,-0.946762085,0.000000000,1175,1175,2
0.977249980,0.641071200,0.000000000,0.545560598,-0.838071406,0.000000000,1176,1176,2
0.978000104,0.711263478,0.000000000,-0.321877033,-0.946781456,0.000000000,1177,1177,2
0.979000092,0.642032743,0.000000000,-0.912314773,0.409489751,0.000000000,1178,1178,2
0.979571402,0.589324772,0.000000000,0.566020787,-0.824391007,0.000000000,1179,1179,2
0.979571402,0.711224258,0.000000000,-0.622747302,-0.782423079,0.000000000,1180,1180,2
0.979788065,0.645329654,0.000000000,-0.979711235,0.200414404,0.000000000,1181,1181,2
0.979815066,0.591086626,0.000000000,-0.888653219,0.458579868,0.000000000,1182,1182,2
0.979833543,0.594230652,0.000000000,-0.978268206,0.207343638,0.000000000,1183,1183,2
0.979835689,0.614421964,0.000000000,0.999999166,-0.001295842,0.000000000,1184,1184,2
0.979831994,0.678296387,0.000000000,0.999997556,-0.002216753,0.000000000,1185,1185,2
0.979852021,0.708669066,0.000000000,-0.939921856,-0.341389716,0.000000000,1186,1186,2
0.979777992,0.710256636,0.000000000,-0.816579580,-0.577232838,0.000000000,1187,1187,2
0.994333327,0.562362492,0.000000000,0.324691504,-0.945819974,0.000000000,1188,1188,2
0.994333327,0.738736451,0.000000000,-0.324691296,-0.945820034,0.000000000,1189,1189,2
0.995904744,0.562401712,0.000000000,0.566067159,-0.824359179,0.000000000,1190,1190,2
0.995904744,0.738697231,0.000000000,-0.622884154,-0.782314062,0.000000000,1191,1191,2
0.996147990,0.564163625,0.000000000,-0.888682365,0.458523393,0.000000000,1192,1192,2
0.996166587,0.567307711,0.000000000,-0.978277385,0.207300320,0.000000000,1193,1193,2
0.996167243,0.652062893,0.000000000,-0.999999821,-0.000602991,0.000000000,1194,988,1
0.996185005,0.736141622,0.000000000,-0.939951777,-0.341307342,0.000000000,1195,1195,2
0.996110976,0.737729013,0.000000000,-0.816685438,-0.577083170,0.000000000,1196,1196,2
