0.003190429,0.349904776,0.000000000,-0.996725976,0.080854133,0.000000000,0,0,2
0.003403474,0.348140478,0.000000000,-0.908997715,-0.416801155,0.000000000,1,1,2
0.071525127,0.449717134,0.000000000,-0.834628403,0.550813437,0.000000000,2,137,1
0.073903672,0.299927771,0.000000000,0.550813496,0.834628403,-0.000000000,3,137,1
0.028000003,0.353722185,0.000000000,-0.988967121,-0.148135513,0.000000000,4,4,2
0.029166639,0.355833322,0.000000000,-0.951723278,0.306957334,0.000000000,5,5,2
0.029063469,0.352428645,0.000000000,-0.859409332,-0.511288285,0.000000000,6,6,2
0.062998734,0.405311763,0.000000000,-0.834628403,0.550813496,0.000000000,7,137,1
0.086632408,0.313102275,0.000000000,0.550813496,0.834628403,-0.000000000,8,137,1
0.096526317,0.454403430,0.000000000,0.566936791,-0.823761284,0.000000000,9,9,2
0.097733267,0.455733269,0.000000000,0.192713082,-0.981255174,0.000000000,10,10,2
0.099499993,0.454863667,0.000000000,-0.225579530,-0.974224746,0.000000000,11,11,2
0.153202757,0.419661105,0.000000000,0.550813496,0.834628403,-0.000000000,12,137,1
0.111888878,0.458844334,0.000000000,-0.992725492,-0.120399766,0.000000000,13,13,2
0.113086969,0.457391322,0.000000000,-0.852770090,-0.522286475,0.000000000,14,14,2
0.113000013,0.460666746,0.000000000,-0.961056769,0.276351064,0.000000000,15,15,2
0.116541199,0.465858877,0.000000000,-0.822497547,0.568768680,0.000000000,16,16,2
0.116601273,0.454999924,0.000000000,-0.641117811,-0.767442465,0.000000000,17,17,2
0.115428567,0.444976181,0.000000000,-0.301361799,-0.953509867,0.000000000,18,18,2
0.117588237,0.484960794,0.000000000,-0.994592190,-0.103858069,0.000000000,19,19,2
0.118869513,0.483463734,0.000000000,-0.833603740,-0.552362919,0.000000000,20,20,2
0.118973814,0.448130786,0.000000000,-0.951939344,0.306286603,0.000000000,21,21,2
0.118976168,0.487190396,0.000000000,-0.935331345,0.353772908,0.000000000,22,22,2
0.118833371,0.445166469,0.000000000,-0.968338668,-0.249640226,0.000000000,23,23,2
0.119883358,0.444266737,0.000000000,-0.787789464,-0.615944624,0.000000000,24,24,2
0.120039165,0.452745020,0.000000000,-0.865200996,-0.501425266,0.000000000,26,26,2
0.119888835,0.470796317,0.000000000,0.576641858,-0.816997051,0.000000000,27,27,2
0.134089783,0.509290338,0.000000000,-0.834628403,0.550813437,0.000000000,28,137,1
0.126231119,0.478561968,0.000000000,-0.554314613,-0.832307279,0.000000000,29,29,2
0.120972164,0.451527804,0.000000000,-0.988338411,-0.152273670,0.000000000,30,30,2
0.120666660,0.450666994,0.000000000,-0.997556090,0.069870710,0.000000000,31,31,2
0.121089004,0.472111136,0.000000000,0.219614476,-0.975586772,0.000000000,32,32,2
0.122973368,0.471253365,0.000000000,-0.239857689,-0.970808089,0.000000000,33,33,2
0.154200673,0.449945509,0.000000000,0.550813496,0.834628403,-0.000000000,34,137,1
0.133333325,0.473796248,0.000000000,-0.220476732,-0.975392282,0.000000000,35,35,2
0.134333387,0.077333376,0.000000000,1.000000000,-0.000000000,0.000000000,36,36,2
0.134888813,0.472955555,0.000000000,0.149179667,-0.988810122,0.000000000,37,37,2
0.136305675,0.474333405,0.000000000,0.557436347,-0.830219746,0.000000000,38,38,2
0.139700785,0.479465961,0.000000000,-0.815831721,0.578289390,0.000000000,39,39,2
0.139833331,0.549606085,0.000000000,0.576860189,-0.816842914,0.000000000,40,40,2
0.142052621,0.550315678,0.000000000,0.211151838,-0.977453291,0.000000000,41,41,2
0.142925814,0.484277844,0.000000000,0.557701230,-0.830041766,0.000000000,42,42,2
0.144565195,0.251536250,0.000000000,-0.825900197,-0.563816428,0.000000000,43,43,2
0.183560580,0.545311213,0.000000000,0.132186309,0.991224945,-0.000000000,44,344,1
0.144051388,0.485512853,0.000000000,0.230115056,-0.973163426,0.000000000,45,45,2
0.144392163,0.273764670,0.000000000,-0.240777433,-0.970580339,0.000000000,46,46,2
0.145777747,0.484888881,0.000000000,-0.183949843,-0.982935667,0.000000000,47,47,2
0.145945728,0.140905380,0.000000000,0.999999225,0.001271743,-0.000000000,48,969,1
0.145820454,0.272871733,0.000000000,0.073831409,-0.997270763,0.000000000,49,49,2
0.147066593,0.160866588,0.000000000,-0.934421837,-0.356168360,0.000000000,50,50,2
0.146999985,0.273568600,0.000000000,0.442920387,-0.896560967,0.000000000,51,51,2
0.167470053,0.470303476,0.000000000,0.550813496,0.834628403,-0.000000000,52,137,1
0.147470534,0.157490164,0.000000000,-0.969127715,0.246559367,0.000000000,53,53,2
0.148176476,0.275235295,0.000000000,0.598250449,-0.801309168,0.000000000,54,54,2
0.147667006,0.158916757,0.000000000,-0.877299845,0.479942739,0.000000000,55,55,2
0.149833366,0.160499975,0.000000000,0.091243096,-0.995828688,0.000000000,58,58,2
0.148952395,0.531095207,0.000000000,0.572854638,-0.819656968,0.000000000,59,59,2
0.178054675,0.318738848,0.000000000,-0.834628403,0.550813496,0.000000000,60,137,1
0.151590884,0.531757712,0.000000000,0.163924322,-0.986472905,0.000000000,61,61,2
0.153760016,0.160346687,0.000000000,-0.260980427,-0.965344131,0.000000000,62,62,2
0.152857140,0.268428594,0.000000000,-0.984630764,-0.174649045,0.000000000,63,63,2
0.153746054,0.270158708,0.000000000,-0.974438369,0.224655092,0.000000000,64,64,2
0.157428548,0.264886916,0.000000000,-0.793802023,-0.608176351,0.000000000,65,65,2
0.189387739,0.527197182,0.000000000,0.132186309,0.991224945,-0.000000000,66,344,1
0.173666045,0.299157888,0.000000000,-0.834628403,0.550813437,0.000000000,67,137,1
0.154833496,0.158833340,0.000000000,-0.589851797,-0.807511568,0.000000000,68,68,2
0.154833496,0.158000007,0.000000000,-0.803200245,-0.595709145,0.000000000,69,69,2
0.154846326,0.156589776,0.000000000,-0.966475964,-0.256757319,0.000000000,70,70,2
0.156172737,0.109708123,0.000000000,0.999999225,0.001271743,-0.000000000,71,969,1
0.154889002,0.064055674,0.000000000,-0.960441589,-0.278481513,0.000000000,72,72,2
0.157545432,0.264797956,0.000000000,-0.595832765,-0.803108513,0.000000000,73,73,2
0.157309577,0.419261903,0.000000000,-0.253235817,-0.967404604,0.000000000,74,74,2
0.157444492,0.064055674,0.000000000,-0.960409939,0.278590709,0.000000000,75,75,2
0.159305558,0.160361111,0.000000000,0.249953285,-0.968257904,0.000000000,76,76,2
0.157499999,0.158666655,0.000000000,0.576283932,-0.817249537,0.000000000,77,77,2
0.157533422,0.157300025,0.000000000,-0.908028543,0.418908358,0.000000000,78,78,2
0.158416629,0.418666631,0.000000000,0.102365240,-0.994746923,0.000000000,80,80,2
0.159222186,0.415100038,0.000000000,-0.748032987,-0.663661540,0.000000000,81,81,2
0.161726475,0.420427322,0.000000000,0.501977324,-0.864880800,0.000000000,82,82,2
0.160407305,0.418555558,0.000000000,0.569910586,-0.821706712,0.000000000,84,84,2
0.160611168,0.418111205,0.000000000,-0.793578029,0.608468533,0.000000000,85,85,2
0.161494046,0.256678551,0.000000000,-0.979696572,-0.200486153,0.000000000,86,86,2
0.161555663,0.254777998,0.000000000,-1.000000000,0.000000000,0.000000000,87,87,2
0.161499977,0.250666678,0.000000000,-0.842112601,-0.539301753,0.000000000,88,88,2
0.162400007,0.249349996,0.000000000,-0.497807413,-0.867287636,0.000000000,89,89,2
0.161490202,0.196607843,0.000000000,-0.881078899,0.472969353,0.000000000,90,90,2
0.161500007,0.188333362,0.000000000,-0.994946420,0.100407429,0.000000000,91,91,2
0.161500022,0.180166617,0.000000000,-0.966783643,-0.255596250,0.000000000,92,92,2
0.161484808,0.177909091,0.000000000,-0.820201755,-0.572074413,0.000000000,93,93,2
0.162833348,0.177166492,0.000000000,-0.487545252,-0.873097718,0.000000000,95,95,2
0.163411751,0.197843298,0.000000000,0.403084844,-0.915162623,0.000000000,96,96,2
0.199333340,0.160499886,0.000000000,0.001271699,-0.999999225,0.000000000,97,969,1
0.164058805,0.422509819,0.000000000,0.093779221,-0.995593011,0.000000000,98,98,2
0.169442341,0.249323890,0.000000000,-0.029074812,-0.999577224,0.000000000,99,99,2
0.177749500,0.177165672,0.000000000,0.001271699,-0.999999225,0.000000000,100,969,1
0.166160464,0.421234518,0.000000000,-0.345096111,-0.938567340,0.000000000,101,101,2
0.180000052,0.197833389,0.000000000,0.001271699,-0.999999225,0.000000000,102,969,1
0.171228111,0.417776346,0.000000000,-0.542524278,-0.840040147,0.000000000,103,103,2
0.175754368,0.414666712,0.000000000,-0.232961550,-0.972485960,0.000000000,104,104,2
0.176695615,0.249304354,0.000000000,0.310759872,-0.950488508,0.000000000,105,105,2
0.177277818,0.413805485,0.000000000,0.104861185,-0.994486868,0.000000000,106,106,2
0.178433388,0.249399990,0.000000000,0.553676128,-0.832732141,0.000000000,107,107,2
0.178374991,0.414583296,0.000000000,0.451760948,-0.892139077,0.000000000,108,108,2
0.178823695,0.269941181,0.000000000,-0.880901873,0.473298997,0.000000000,109,109,2
0.178824723,0.266912252,0.000000000,-0.978202522,0.207653433,0.000000000,110,110,2
0.178840518,0.259093910,0.000000000,0.999928057,0.011995597,-0.000000000,112,112,2
0.178846285,0.252076924,0.000000000,-0.944753468,0.327781737,0.000000000,113,113,2
0.178833500,0.250333399,0.000000000,-0.807222128,0.590247810,0.000000000,114,114,2
0.179422200,0.416155487,0.000000000,0.607261777,-0.794501841,0.000000000,115,115,2
0.180500016,0.271166444,0.000000000,0.435524732,-0.900176764,0.000000000,117,117,2
0.182591647,0.420912564,0.000000000,-0.835593760,0.549347878,0.000000000,118,118,2
0.188532501,0.271166474,0.000000000,0.099716119,-0.995015919,0.000000000,119,119,2
0.182461560,0.441461533,0.000000000,-0.991968155,-0.126488000,0.000000000,120,120,2
0.183560595,0.440090925,0.000000000,-0.847179055,-0.531307459,0.000000000,121,121,2
0.183500007,0.443333298,0.000000000,-0.958655775,0.284568399,0.000000000,122,122,2
0.186799958,0.448173374,0.000000000,-0.847071648,0.531478822,0.000000000,123,123,2
0.185333371,0.428736746,0.000000000,-0.820267737,-0.571979761,0.000000000,124,124,2
0.195499986,0.432166457,0.000000000,0.550813496,0.834628403,-0.000000000,125,137,1
0.185833305,0.425666630,0.000000000,-0.970993280,0.239106774,0.000000000,126,126,2
0.186722159,0.427638918,0.000000000,-0.969991088,-0.243140519,0.000000000,127,127,2
0.186714292,0.426809728,0.000000000,-0.999999702,0.000822039,0.000000000,128,128,2
0.189070150,0.455806971,0.000000000,-0.802516818,-0.596629560,0.000000000,129,129,2
0.189901933,0.452725500,0.000000000,-0.980426192,0.196886957,0.000000000,130,130,2
0.190484911,0.454757661,0.000000000,-0.951854289,-0.306550950,0.000000000,131,131,2
0.190500006,0.453833491,0.000000000,-0.998358369,-0.057277065,0.000000000,132,132,2
0.193949491,0.177464515,0.000000000,0.317754537,-0.948173046,0.000000000,133,133,2
0.194888771,0.272074103,0.000000000,0.426160544,-0.904647589,0.000000000,134,134,2
0.193499997,0.327999979,0.000000000,0.572542369,-0.819875121,0.000000000,135,135,2
0.194888860,0.329444468,0.000000000,0.187930048,-0.982182443,0.000000000,136,136,2
0.204546988,0.306333303,0.000000000,0.834628344,-0.550813496,0.000000000,137,137,1
0.196457610,0.284454674,0.000000000,-0.996981263,0.077642985,0.000000000,138,138,2
0.195166513,0.274500012,0.000000000,-0.936381757,0.350983202,0.000000000,139,139,2
0.195166513,0.273499995,0.000000000,-0.815867484,0.578238904,0.000000000,140,140,2
0.197377875,0.216924652,0.000000000,-0.999999225,-0.001271655,0.000000000,144,969,1
0.195166498,0.180500001,0.000000000,-0.958649993,0.284587830,0.000000000,145,145,2
0.195110992,0.179444328,0.000000000,-0.828602135,0.559837937,0.000000000,146,146,2
0.197017148,0.198615462,0.000000000,-0.961578369,0.274530619,0.000000000,147,147,2
0.196974352,0.328461587,0.000000000,-0.272281706,-0.962217629,0.000000000,149,149,2
0.196882382,0.404705822,0.000000000,-0.999898672,-0.014236527,0.000000000,150,150,2
0.197431356,0.403196126,0.000000000,-0.898890138,-0.438174158,0.000000000,151,151,2
0.202274829,0.412852734,0.000000000,-0.858869374,0.512194812,0.000000000,152,152,2
0.197833493,0.274999976,0.000000000,-0.961707592,-0.274077594,0.000000000,153,153,2
0.197833493,0.273666710,0.000000000,-0.809259176,-0.587451816,0.000000000,154,154,2
0.199157447,0.271490604,0.000000000,-0.318664908,-0.947867453,0.000000000,155,155,2
0.198052734,0.265017420,0.000000000,-0.866022468,0.500005066,0.000000000,156,156,2
0.198666707,0.265857309,0.000000000,0.519274712,-0.854607403,0.000000000,157,157,2
0.197833493,0.262833327,0.000000000,-0.963540971,0.267560989,0.000000000,158,158,2
0.197833493,0.180500001,0.000000000,-0.958487451,-0.285134703,0.000000000,159,159,2
0.197889015,0.179444328,0.000000000,-0.828602195,-0.559837878,0.000000000,160,160,2
0.199157476,0.177490622,0.000000000,-0.314446509,-0.949275196,0.000000000,161,161,2
0.212769940,0.392784595,0.000000000,0.550813496,0.834628403,-0.000000000,162,137,1
0.204378620,0.323493212,0.000000000,-0.581326962,-0.813670099,0.000000000,163,163,2
0.264899313,0.268122464,0.000000000,0.001271699,-0.999999225,0.000000000,164,969,1
0.200976148,0.338785648,0.000000000,-0.995631993,-0.093364790,0.000000000,165,165,2
0.201942012,0.337391347,0.000000000,-0.858463526,-0.512874722,0.000000000,166,166,2
0.202194452,0.340638995,0.000000000,-0.951014400,0.309146762,0.000000000,167,167,2
0.222417071,0.177167177,0.000000000,0.001271699,-0.999999225,0.000000000,168,969,1
0.208169833,0.349390715,0.000000000,-0.831269145,0.555870175,0.000000000,169,169,2
0.209828645,0.332115054,0.000000000,-0.583620727,-0.812026381,0.000000000,170,170,2
0.207203731,0.424370378,0.000000000,-0.813951075,-0.580933452,0.000000000,171,171,2
0.207981512,0.421370447,0.000000000,-0.983454049,0.181157917,0.000000000,172,172,2
0.207859561,0.362157881,0.000000000,0.571436524,-0.820646346,0.000000000,173,173,2
0.208589792,0.423230827,0.000000000,-0.965070248,-0.261991233,0.000000000,174,174,2
0.209666669,0.319555402,0.000000000,-0.766417205,-0.642343104,0.000000000,176,176,2
0.209125131,0.363479197,0.000000000,0.213993400,-0.976835132,0.000000000,177,177,2
0.209690496,0.316404819,0.000000000,-0.963694453,0.267007530,0.000000000,178,178,2
0.210133389,0.317266613,0.000000000,-0.998745799,-0.050068486,0.000000000,179,179,2
0.210618988,0.362976223,0.000000000,-0.148013279,-0.988985419,0.000000000,180,180,2
0.210444331,0.317888975,0.000000000,-0.934366107,-0.356314480,0.000000000,181,181,2
0.212125003,0.361958325,0.000000000,-0.529363215,-0.848395288,0.000000000,182,182,2
0.213699996,0.318155557,0.000000000,0.664594531,-0.747204185,0.000000000,184,184,2
0.213822216,0.361022323,0.000000000,-0.816246748,-0.577703476,0.000000000,185,185,2
0.214055583,0.357962966,0.000000000,-0.970945477,0.239300892,0.000000000,186,186,2
0.214866608,0.360099912,0.000000000,-0.958101988,-0.286427349,0.000000000,187,187,2
0.214904711,0.359142721,0.000000000,-0.999835730,-0.018126296,0.000000000,188,188,2
0.216716409,0.374850690,0.000000000,-0.776921749,-0.629597187,0.000000000,189,189,2
0.217088893,0.541444421,0.000000000,0.133936390,-0.990989983,0.000000000,190,190,2
0.217529416,0.326960742,0.000000000,-0.823624969,-0.567134798,0.000000000,191,191,2
0.218066692,0.324116647,0.000000000,-0.977962673,0.208779767,0.000000000,192,192,2
0.219273642,0.582357764,0.000000000,0.999999225,0.001271743,-0.000000000,193,969,1
0.219499961,0.566255510,0.000000000,-0.948050916,-0.318118632,0.000000000,194,194,2
0.219333246,0.564133346,0.000000000,-0.774149895,-0.633002341,0.000000000,195,195,2
0.219318196,0.550969720,0.000000000,-0.994786561,0.101978876,0.000000000,196,196,2
0.218333200,0.543466806,0.000000000,-0.930016100,0.367518723,0.000000000,197,197,2
0.219766706,0.542633235,0.000000000,-0.654271543,-0.756259739,0.000000000,198,198,2
0.218266606,0.542466640,0.000000000,0.423707604,-0.905799031,0.000000000,199,199,2
0.218866602,0.325844377,0.000000000,-0.974943936,-0.222450823,0.000000000,201,201,2
0.221324131,0.564018488,0.000000000,-0.424652398,-0.905356467,0.000000000,203,203,2
0.219437495,0.371770799,0.000000000,-0.469322711,-0.883026779,0.000000000,205,205,2
0.220277652,0.543555677,0.000000000,-0.982707143,-0.185166731,0.000000000,206,206,2
0.220166743,0.542916715,0.000000000,-0.882091224,-0.471078604,0.000000000,207,207,2
0.221142873,0.540904880,0.000000000,-0.330586076,-0.943775892,0.000000000,208,208,2
0.221020818,0.370687515,0.000000000,-0.097973354,-0.995189071,0.000000000,209,209,2
0.286826491,0.558626354,0.000000000,-0.097995281,-0.995186865,0.000000000,212,309,1
0.286826909,0.558624923,0.000000000,-0.097995281,-0.995186865,0.000000000,212,309,1
0.286826909,0.558624923,0.000000000,-0.132186398,-0.991224945,0.000000000,212,344,1
0.222708315,0.370624959,0.000000000,0.331460208,-0.943469226,0.000000000,213,213,2
0.223966643,0.372366667,0.000000000,0.584790766,-0.811184227,0.000000000,214,214,2
0.226423040,0.375910223,0.000000000,-0.839141607,0.543913007,0.000000000,215,215,2
0.228387043,0.564311802,0.000000000,0.254754931,-0.967005670,0.000000000,216,216,2
0.225374997,0.540249825,0.000000000,0.149118319,-0.988819420,0.000000000,217,217,2
0.227889001,0.564481437,0.000000000,0.558265984,-0.829662025,0.000000000,218,218,2
0.226833403,0.522666693,0.000000000,0.240907833,-0.970548034,0.000000000,219,219,2
0.227994263,0.581535161,0.000000000,0.999594212,0.028486505,-0.000000000,220,1145,1
0.229579642,0.569391191,0.000000000,-0.969101965,-0.246660456,0.000000000,221,221,2
0.226750016,0.567958355,0.000000000,-0.940199196,0.340625226,0.000000000,222,222,2
0.227873310,0.550580859,0.000000000,-1.000000000,0.000266756,0.000000000,223,223,2
0.226722181,0.543333352,0.000000000,-0.954270661,0.298944145,0.000000000,224,224,2
0.226600006,0.542599976,0.000000000,-0.826596916,0.562794447,0.000000000,225,225,2
0.228176475,0.382411718,0.000000000,-0.813306987,-0.581834853,0.000000000,227,227,2
0.229235291,0.540255070,0.000000000,-0.863181353,-0.504894018,0.000000000,228,228,2
0.228703663,0.522555590,0.000000000,0.572575927,-0.819851756,0.000000000,229,229,2
0.228814840,0.379407465,0.000000000,-0.978020549,0.208508596,0.000000000,230,230,2
0.229128063,0.595948815,0.000000000,-0.966057062,-0.258328885,0.000000000,231,231,2
0.228999987,0.542999983,0.000000000,-0.969111383,-0.246623471,0.000000000,232,232,2
0.229487196,0.381307781,0.000000000,-0.965205789,-0.261491448,0.000000000,233,233,2
0.229240596,0.531490743,0.000000000,-0.977242827,0.212123618,0.000000000,235,235,2
0.229190275,0.528095305,0.000000000,0.999999940,-0.000412841,0.000000000,236,236,2
0.229181617,0.523727238,0.000000000,-0.835053980,0.550167978,0.000000000,237,237,2
0.229500011,0.380416512,0.000000000,-0.999937952,-0.011141148,0.000000000,238,238,2
0.232390866,0.568604946,0.000000000,-0.798103571,-0.602520287,0.000000000,240,240,2
0.231138945,0.535888731,0.000000000,-0.827223778,0.561872721,0.000000000,242,242,2
0.235404745,0.563559413,0.000000000,-0.451705456,-0.892167151,0.000000000,243,243,2
0.231833339,0.539499998,0.000000000,-0.667141676,-0.744930863,0.000000000,244,244,2
0.232571438,0.535857260,0.000000000,0.570440114,-0.821339190,0.000000000,245,245,2
0.232533380,0.580933392,0.000000000,-0.883757889,0.467944473,0.000000000,246,246,2
0.282746553,0.532867193,0.000000000,-0.097995281,-0.995186865,0.000000000,247,309,1
0.233666658,0.535833478,0.000000000,0.243257880,-0.969961703,0.000000000,251,251,2
0.238404766,0.160071462,0.000000000,-0.440878779,-0.897566676,0.000000000,252,252,2
0.240550682,0.271144837,0.000000000,-0.269264311,-0.963066339,0.000000000,253,253,2
0.241841704,0.266775042,0.000000000,0.354467541,-0.935068369,0.000000000,254,254,2
0.248113707,0.150319099,0.000000000,-0.709359705,-0.704846680,0.000000000,255,605,1
0.242386758,0.268026680,0.000000000,0.639522552,-0.768772364,0.000000000,256,256,2
0.244333312,0.177166492,0.000000000,-0.371941388,-0.928256214,0.000000000,257,257,2
0.243925884,0.534518540,0.000000000,-0.492879391,-0.870097697,0.000000000,258,258,2
0.245333374,0.534500062,0.000000000,-0.785383463,-0.619009614,0.000000000,259,259,2
0.246233314,0.176899984,0.000000000,-0.712189913,-0.701986849,0.000000000,260,260,2
0.247703835,0.526686668,0.000000000,-0.979895711,-0.199510425,0.000000000,261,261,2
0.246508792,0.174754351,0.000000000,-0.939909697,-0.341423154,0.000000000,262,262,2
0.246500015,0.168166667,0.000000000,-0.997407556,-0.071959227,0.000000000,263,263,2
0.247388870,0.161157414,0.000000000,-0.855785608,-0.517330647,0.000000000,264,264,2
0.248703703,0.537444353,0.000000000,0.174454451,-0.984665275,0.000000000,265,265,2
0.247818336,0.526090980,0.000000000,1.000000000,0.000262750,-0.000000000,267,267,2
0.249141961,0.448986173,0.000000000,0.999999225,0.001271743,-0.000000000,268,969,1
0.249141961,0.448986173,0.000000000,0.999999225,0.001271743,-0.000000000,268,969,1
0.249611169,0.380277783,0.000000000,-0.946067929,-0.323968470,0.000000000,270,270,2
0.248976320,0.377738029,0.000000000,-0.769661248,-0.638452590,0.000000000,271,271,2
0.248166502,0.533666670,0.000000000,-0.998230934,0.059456587,0.000000000,272,272,2
0.251437068,0.377614766,0.000000000,-0.327270418,-0.944930732,0.000000000,273,273,2
0.253991812,0.154811516,0.000000000,-0.667801082,-0.744339764,0.000000000,274,274,2
0.255653232,0.519213259,0.000000000,0.004226920,-0.999991059,0.000000000,276,276,2
0.250583500,0.518750012,0.000000000,0.367381155,-0.930070460,0.000000000,277,277,2
0.250466615,0.518133402,0.000000000,0.591198862,-0.806525826,0.000000000,278,278,2
0.250523865,0.517047524,0.000000000,-0.862026155,0.506863832,0.000000000,279,279,2
0.259167701,0.377156675,0.000000000,-0.004344984,-0.999990582,0.000000000,280,280,2
0.252482861,0.565045953,0.000000000,-0.824252248,0.566222787,0.000000000,282,282,2
0.254430562,0.564680517,0.000000000,0.572385967,-0.819984317,0.000000000,283,283,2
0.254000008,0.563242376,0.000000000,-0.984146357,0.177358419,0.000000000,284,284,2
0.259170383,0.266799897,0.000000000,-0.339981765,-0.940432072,0.000000000,286,286,2
0.262722224,0.561986029,0.000000000,-0.739883661,-0.672734916,0.000000000,287,287,2
0.257651567,0.140818149,0.000000000,-0.419691384,-0.907666862,0.000000000,288,288,2
0.258726150,0.268059522,0.000000000,-0.641349316,-0.767248988,0.000000000,289,289,2
0.265229225,0.271235973,0.000000000,0.290204793,-0.956964612,0.000000000,290,290,2
0.260434806,0.149362206,0.000000000,-0.362883687,-0.931834459,0.000000000,291,291,2
0.270166457,0.140500039,0.000000000,-0.003689403,-0.999993205,0.000000000,292,292,2
0.263666630,0.535611153,0.000000000,-0.414387107,-0.910100698,0.000000000,294,294,2
0.262090892,0.518484771,0.000000000,0.355251759,-0.934770644,0.000000000,295,295,2
0.270584166,0.149164885,0.000000000,0.001836927,-0.999998331,0.000000000,296,296,2
0.263499975,0.518625021,0.000000000,0.562687337,-0.826669812,0.000000000,297,297,2
0.263890356,0.527185798,0.000000000,-0.981758893,0.190130353,0.000000000,298,298,2
0.263833463,0.519833267,0.000000000,-0.865582526,0.500766277,0.000000000,299,299,2
0.265259206,0.531518519,0.000000000,-0.869253278,0.494367063,0.000000000,300,300,2
0.267166764,0.531833529,0.000000000,0.534444869,-0.845203400,0.000000000,305,305,2
0.268333256,0.531666756,0.000000000,0.270798057,-0.962636232,0.000000000,306,306,2
0.271509886,0.347451031,0.000000000,-0.901623547,0.432521641,0.000000000,308,308,2
0.271131486,0.330489278,0.000000000,0.999594212,0.028486505,-0.000000000,309,1145,1
0.269862801,0.314862758,0.000000000,-0.982454002,-0.186505303,0.000000000,310,310,2
0.271024942,0.287694901,0.000000000,-0.999999225,-0.001271656,0.000000000,312,969,1
0.269777983,0.274055660,0.000000000,-0.876325488,0.481719553,0.000000000,313,313,2
0.271791726,0.273416609,0.000000000,-0.768572927,-0.639762282,0.000000000,314,314,2
0.269916743,0.272666752,0.000000000,0.556827843,-0.830627978,0.000000000,315,315,2
0.273314834,0.349194378,0.000000000,0.408226758,-0.912880540,0.000000000,316,316,2
0.272391349,0.299318820,0.000000000,-0.986126900,-0.165993243,0.000000000,318,318,2
0.272416741,0.313916743,0.000000000,-0.943249464,0.332085073,0.000000000,319,319,2
0.304437459,0.349715024,0.000000000,0.001271699,-0.999999225,0.000000000,320,969,1
0.272499979,0.275166661,0.000000000,-0.971092463,-0.238703713,0.000000000,322,322,2
0.273697913,0.271479100,0.000000000,-0.321106523,-0.947043121,0.000000000,324,324,2
0.273222327,0.561222017,0.000000000,0.469869822,-0.882735729,0.000000000,325,325,2
0.283797950,0.559222162,0.000000000,-0.716701806,-0.697379768,0.000000000,327,327,2
0.277592540,0.530518591,0.000000000,-0.517016828,-0.855975270,0.000000000,328,328,2
0.279428542,0.529976070,0.000000000,-0.853952765,-0.520350575,0.000000000,329,329,2
0.281333357,0.149833277,0.000000000,0.450813740,-0.892618060,0.000000000,330,330,2
0.281786680,0.533426523,0.000000000,0.162533492,-0.986703038,0.000000000,331,331,2
0.281413257,0.524929523,0.000000000,-0.977869332,-0.209216833,0.000000000,332,332,2
0.307325125,0.377179980,0.000000000,0.001271699,-0.999999225,0.000000000,333,969,1
0.281481475,0.522592545,0.000000000,1.000000000,-0.000135272,0.000000000,335,335,2
0.281500012,0.517000020,0.000000000,-0.836579025,-0.547846258,0.000000000,336,336,2
0.283239603,0.141020864,0.000000000,0.446249247,-0.894908726,0.000000000,337,337,2
0.282642871,0.515976131,0.000000000,-0.576786160,-0.816895187,0.000000000,338,338,2
0.283097416,0.020659750,0.000000000,-0.996898174,0.078702867,0.000000000,339,339,2
0.284836650,0.019267984,0.000000000,-0.961445868,-0.274994463,0.000000000,340,340,2
0.283833385,0.015041687,0.000000000,-0.786813200,-0.617191195,0.000000000,341,341,2
0.288242459,0.155925602,0.000000000,0.660050988,-0.751220882,0.000000000,342,342,2
0.286279112,0.014907071,0.000000000,-0.341175884,-0.939999521,0.000000000,343,343,2
0.305164248,0.513298392,0.000000000,-0.132186398,-0.991224945,0.000000000,344,344,1
0.293639421,0.151301220,0.000000000,0.704846740,-0.709359646,0.000000000,345,605,1
0.462378621,0.014558703,0.000000000,0.001271699,-0.999999225,0.000000000,346,969,1
0.286833495,0.558416724,0.000000000,0.480494827,-0.876997590,0.000000000,347,347,2
0.294180542,0.151986048,0.000000000,-0.728201807,0.685362756,0.000000000,348,348,2
0.294348538,0.161651552,0.000000000,-0.876863480,0.480739474,0.000000000,349,349,2
0.295755565,0.177155405,0.000000000,0.514262378,-0.857632935,0.000000000,350,350,2
0.294846296,0.175743610,0.000000000,-0.879739583,0.475455791,0.000000000,351,351,2
0.294833511,0.168833330,0.000000000,-0.992662907,0.120914876,0.000000000,352,352,2
0.297395110,0.478913635,0.000000000,-0.911488652,-0.411325276,0.000000000,354,354,2
0.311749637,0.177167684,0.000000000,0.001271699,-0.999999225,0.000000000,355,969,1
0.299538523,0.557820439,0.000000000,-0.718749702,-0.695268929,0.000000000,356,356,2
0.314750612,0.160501331,0.000000000,0.027940661,-0.999609590,0.000000000,357,357,2
0.311800033,0.556400001,0.000000000,-0.712945461,-0.701219559,0.000000000,359,359,2
0.315413326,0.015840160,0.000000000,0.318375051,-0.947964847,0.000000000,360,360,2
0.317239285,0.020512847,0.000000000,-0.962508321,0.271252275,0.000000000,361,361,2
0.317133218,0.016933400,0.000000000,-0.851806164,0.523857176,0.000000000,362,362,2
0.319875002,0.556999981,0.000000000,0.480632305,-0.876922250,0.000000000,364,364,2
0.319635689,0.020844998,0.000000000,-0.975345254,-0.220684499,0.000000000,365,365,2
0.319833517,0.017166499,0.000000000,-0.860692978,-0.509124458,0.000000000,366,366,2
0.319833517,0.016500000,0.000000000,-0.662270427,-0.749264896,0.000000000,367,367,2
0.321666688,0.015833499,0.000000000,-0.314606547,-0.949222207,0.000000000,368,368,2
0.322939366,0.555333197,0.000000000,-0.713815808,-0.700333476,0.000000000,369,369,2
0.326897442,0.348204881,0.000000000,-0.368749797,-0.929528713,0.000000000,370,370,2
0.329777837,0.555851936,0.000000000,0.519013107,-0.854766309,0.000000000,371,371,2
0.327166617,0.378500015,0.000000000,0.285585344,-0.958353281,0.000000000,372,372,2
0.327133328,0.271233112,0.000000000,0.320335388,-0.947304189,0.000000000,373,373,2
0.327803969,0.265921652,0.000000000,-0.342796147,-0.939409852,0.000000000,374,374,2
0.327690512,0.177142724,0.000000000,0.361975461,-0.932187676,0.000000000,375,375,2
0.327999979,0.160500005,0.000000000,-0.320841938,-0.947132766,0.000000000,376,376,2
0.328125000,0.510625064,0.000000000,-0.491485000,-0.870886087,0.000000000,377,377,2
0.328000009,0.348133177,0.000000000,-0.660820961,-0.750543654,0.000000000,378,378,2
0.328611165,0.271222025,0.000000000,0.544182479,-0.838966906,0.000000000,379,379,2
0.329597324,0.272708327,0.000000000,-0.933642983,0.358205020,0.000000000,380,380,2
0.328666657,0.378666997,0.000000000,0.561211824,-0.827672184,0.000000000,381,381,2
0.328666657,0.347999960,0.000000000,-0.873014987,-0.487693489,0.000000000,382,382,2
0.329592735,0.265425831,0.000000000,-0.796394169,-0.604777992,0.000000000,383,383,2
0.329380989,0.177190289,0.000000000,0.589103937,-0.808057249,0.000000000,384,384,2
0.329221994,0.265777975,0.000000000,-0.559068143,-0.829121709,0.000000000,385,385,2
0.334412694,0.551174581,0.000000000,-0.767922640,-0.640542626,0.000000000,386,386,2
0.329722315,0.509888768,0.000000000,-0.801679194,-0.597754538,0.000000000,387,387,2
0.330952346,0.376602948,0.000000000,-0.247848630,-0.968798816,0.000000000,388,388,2
0.330850005,0.350683481,0.000000000,0.249939173,-0.968261600,0.000000000,389,389,2
0.329824358,0.343733341,0.000000000,-0.979425490,-0.201806083,0.000000000,390,390,2
0.330074131,0.160481438,0.000000000,-0.636139214,-0.771574378,0.000000000,391,391,2
0.332291812,0.585249841,0.000000000,0.024319842,-0.999704242,0.000000000,392,392,2
0.329842269,0.507420957,0.000000000,-0.970131576,-0.242579401,0.000000000,393,393,2
0.329833537,0.444500148,0.000000000,-0.999999225,-0.001271656,0.000000000,394,969,1
0.329833508,0.380999982,0.000000000,-0.988371253,0.152060181,0.000000000,395,395,2
0.329835773,0.306670159,0.000000000,0.999999225,0.001271743,-0.000000000,399,969,1
0.329833508,0.271666765,0.000000000,-0.803767920,0.594942987,0.000000000,400,400,2
0.329842269,0.262701780,0.000000000,-0.972722828,-0.231970564,0.000000000,401,401,2
0.329834610,0.220833346,0.000000000,0.999999225,0.001271743,-0.000000000,402,969,1
0.329833478,0.179500014,0.000000000,-0.940233767,0.340529680,0.000000000,403,403,2
0.329833478,0.177833334,0.000000000,-0.818775296,0.574114144,0.000000000,404,404,2
0.330500036,0.159000009,0.000000000,-0.886589408,-0.462557435,0.000000000,407,407,2
0.330500036,0.156333327,0.000000000,-0.979523957,-0.201327771,0.000000000,408,408,2
0.330495030,0.149328321,0.000000000,-0.999845386,-0.017584736,0.000000000,409,409,2
0.330499977,0.142666653,0.000000000,-0.932042360,-0.362349391,0.000000000,410,410,2
0.330592692,0.140851900,0.000000000,-0.749085784,-0.662473023,0.000000000,411,411,2
0.331333339,0.584333003,0.000000000,-0.242853552,-0.970062971,0.000000000,412,412,2
0.332333297,0.140499979,0.000000000,-0.411405593,-0.911452413,0.000000000,413,413,2
0.333380967,0.527396858,0.000000000,0.136606589,-0.990625381,0.000000000,415,415,2
0.335374087,0.559065044,0.000000000,-0.942352593,0.334621727,0.000000000,416,416,2
0.336260259,0.561675847,0.000000000,-0.999999225,-0.001271655,0.000000000,417,969,1
0.335257620,0.550697148,0.000000000,-0.922141314,-0.386853278,0.000000000,418,418,2
0.334166765,0.557916760,0.000000000,-0.807253122,0.590205371,0.000000000,419,419,2
0.379418194,0.141447693,0.000000000,0.001271699,-0.999999225,0.000000000,420,969,1
0.335041583,0.587291658,0.000000000,0.333067328,-0.942903042,0.000000000,421,421,2
0.334904999,0.531873047,0.000000000,-0.977667630,0.210157186,0.000000000,422,422,2
0.335000008,0.529500067,0.000000000,-0.860406280,0.509608805,0.000000000,423,423,2
0.334777981,0.529110968,0.000000000,0.635960400,-0.771721661,0.000000000,424,424,2
0.337422311,0.544811249,0.000000000,-0.968702793,0.248223454,0.000000000,426,426,2
0.337291747,0.529333293,0.000000000,-0.910332978,-0.413876712,0.000000000,427,427,2
0.338044435,0.526822269,0.000000000,-0.342379391,-0.939561844,0.000000000,428,428,2
0.339714259,0.550028563,0.000000000,0.239814475,-0.970818758,0.000000000,429,429,2
0.337583482,0.587416768,0.000000000,-0.937649131,-0.347583264,0.000000000,430,430,2
0.337866604,0.548533380,0.000000000,0.468956560,-0.883221269,0.000000000,431,431,2
0.343466729,0.553240001,0.000000000,-0.932922304,0.360077828,0.000000000,435,435,2
0.345592380,0.516412079,0.000000000,-0.999999225,-0.001271656,0.000000000,436,969,1
0.343676507,0.585843146,0.000000000,-0.987921178,0.154957294,0.000000000,437,437,2
0.343666732,0.551666558,0.000000000,-0.991715610,0.128453359,0.000000000,438,438,2
0.344193786,0.530806005,0.000000000,-0.983740032,0.179598317,0.000000000,439,439,2
0.344666779,0.525133431,0.000000000,-0.911952913,-0.410294920,0.000000000,443,443,2
0.344833374,0.376166493,0.000000000,0.336777359,-0.941584349,0.000000000,444,444,2
0.344833374,0.350833476,0.000000000,-0.336774200,-0.941585481,0.000000000,445,445,2
0.346184999,0.541259348,0.000000000,-0.988097727,0.153827518,0.000000000,446,446,2
0.346151352,0.421393901,0.000000000,-0.837295711,-0.546750426,0.000000000,447,447,2
0.346571445,0.376190245,0.000000000,0.539955080,-0.841693878,0.000000000,448,448,2
0.346666634,0.350833535,0.000000000,-0.609099865,-0.793093562,0.000000000,449,449,2
0.347256333,0.420512825,0.000000000,-0.522941530,-0.852368593,0.000000000,451,451,2
0.347190291,0.402500004,0.000000000,-0.873705924,0.486454576,0.000000000,453,453,2
0.347159296,0.399420291,0.000000000,-0.979270041,0.202558994,0.000000000,454,454,2
0.347171396,0.388419002,0.000000000,0.999951661,0.009834265,-0.000000000,456,456,2
0.347166508,0.378500015,0.000000000,-0.941036284,0.338305742,0.000000000,457,457,2
0.347190291,0.376714259,0.000000000,-0.801826358,0.597557187,0.000000000,458,458,2
0.347166508,0.349500000,0.000000000,-0.875812173,-0.482652128,0.000000000,459,459,2
0.347175300,0.346754372,0.000000000,-0.978699505,-0.205298215,0.000000000,460,460,2
0.347168237,0.285751939,0.000000000,0.999999225,0.001271743,-0.000000000,463,969,1
0.347166508,0.225666687,0.000000000,-0.930572629,-0.366107374,0.000000000,464,464,2
0.347249836,0.223749995,0.000000000,-0.731188297,-0.682175756,0.000000000,465,465,2
0.347177595,0.206577808,0.000000000,-0.893547475,0.448968709,0.000000000,467,467,2
0.347165674,0.182999924,0.000000000,0.999999225,0.001271743,-0.000000000,468,969,1
0.347166508,0.159333333,0.000000000,-0.947031200,-0.321141571,0.000000000,469,469,2
0.347166479,0.157333374,0.000000000,-0.782353163,-0.622835159,0.000000000,470,470,2
0.348499954,0.403833479,0.000000000,0.481296211,-0.876558065,0.000000000,471,471,2
0.348333210,0.208166495,0.000000000,0.509603441,-0.860409379,0.000000000,472,472,2
0.348499954,0.156833529,0.000000000,-0.481228739,-0.876595080,0.000000000,473,473,2
0.352612585,0.223495483,0.000000000,-0.361813933,-0.932250321,0.000000000,474,474,2
0.423724532,0.419941217,0.000000000,0.001271699,-0.999999225,0.000000000,475,969,1
0.350746691,0.015840160,0.000000000,0.334582031,-0.942366660,0.000000000,476,476,2
0.352333367,0.403833628,0.000000000,0.172219366,-0.985058665,0.000000000,477,477,2
0.352918684,0.208162487,0.000000000,0.144837499,-0.989455462,0.000000000,478,478,2
0.353166670,0.156833515,0.000000000,-0.115906164,-0.993260205,0.000000000,479,479,2
0.352753609,0.223507285,0.000000000,-0.060311362,-0.998179615,0.000000000,480,480,2
0.353235275,0.021228811,0.000000000,-0.996745110,0.080617636,0.000000000,481,481,2
0.352416545,0.017916625,0.000000000,-0.934952974,0.354771763,0.000000000,482,482,2
0.352500021,0.016500000,0.000000000,-0.831532955,0.555475473,0.000000000,483,483,2
0.354846328,0.019435883,0.000000000,-0.968020380,-0.250871629,0.000000000,484,484,2
0.354866803,0.016600002,0.000000000,-0.770225167,-0.637772143,0.000000000,485,485,2
0.356666684,0.015833499,0.000000000,-0.332808644,-0.942994416,0.000000000,486,486,2
0.355833292,0.403833538,0.000000000,0.480238110,-0.877138197,0.000000000,487,487,2
0.357166678,0.208166480,0.000000000,0.483668119,-0.875251532,0.000000000,488,488,2
0.357055515,0.403944492,0.000000000,0.576046824,-0.817416728,0.000000000,489,489,2
0.357833385,0.156833515,0.000000000,-0.483234495,-0.875490963,0.000000000,490,490,2
0.358819485,0.140513882,0.000000000,0.266386092,-0.963866413,0.000000000,491,491,2
0.357232332,0.411973715,0.000000000,-0.980243683,0.197793692,0.000000000,492,492,2
0.357166469,0.404999971,0.000000000,-0.864720404,0.502253532,0.000000000,493,493,2
0.358963013,0.416962773,0.000000000,-0.845824718,0.533460855,0.000000000,494,494,2
0.358299971,0.223300010,0.000000000,-0.706933498,-0.707280040,0.000000000,495,495,2
0.358500004,0.221166685,0.000000000,-0.936873913,-0.349667341,0.000000000,497,497,2
0.358503550,0.215751797,0.000000000,-0.999870062,-0.016121227,0.000000000,498,498,2
0.358523846,0.210642859,0.000000000,-0.946151555,0.323724031,0.000000000,499,499,2
0.358499974,0.208833396,0.000000000,-0.804248750,0.594292760,0.000000000,500,500,2
0.359166503,0.156000018,0.000000000,-0.819412053,-0.573204875,0.000000000,502,502,2
0.359219015,0.148931548,0.000000000,-0.985203922,-0.171386465,0.000000000,503,503,2
0.360814750,0.144037217,0.000000000,-0.864345193,-0.502899051,0.000000000,504,504,2
0.360500008,0.417166531,0.000000000,0.580636442,-0.814162970,0.000000000,505,505,2
0.361600012,0.417133242,0.000000000,0.317909569,-0.948121071,0.000000000,506,506,2
0.362333387,0.143833488,0.000000000,-0.622676492,-0.782479465,0.000000000,507,507,2
0.363400012,0.143800199,0.000000000,-0.377784729,-0.925893486,0.000000000,508,508,2
0.395259351,0.417184979,0.000000000,-0.454895228,-0.890544951,0.000000000,509,509,2
0.396740645,0.417148024,0.000000000,-0.768190742,-0.640221000,0.000000000,510,510,2
0.397500008,0.143833488,0.000000000,0.431117058,-0.902296066,0.000000000,511,511,2
0.399420291,0.420492709,0.000000000,0.273378909,-0.961906433,0.000000000,512,512,2
0.399022937,0.412626445,0.000000000,-0.978376210,-0.206833497,0.000000000,513,513,2
0.398666650,0.143833488,0.000000000,0.583069146,-0.812422574,0.000000000,514,514,2
0.399208128,0.410250008,0.000000000,1.000000000,-0.000223089,0.000000000,517,517,2
0.399166465,0.404833257,0.000000000,-0.847262383,-0.531174600,0.000000000,518,518,2
0.400055617,0.403888971,0.000000000,-0.569010437,-0.822330296,0.000000000,520,520,2
0.400928527,0.145357206,0.000000000,-0.945585966,0.325372458,0.000000000,521,521,2
0.401847214,0.140513882,0.000000000,-0.266699106,-0.963779867,0.000000000,522,522,2
0.406804830,0.403804958,0.000000000,-0.156458214,-0.987684608,0.000000000,523,523,2
0.401520878,0.222000003,0.000000000,-0.895203054,0.445658565,0.000000000,525,525,2
0.401493162,0.216500014,0.000000000,-0.997547805,0.069988646,0.000000000,526,526,2
0.401499987,0.211166650,0.000000000,-0.967399657,-0.253254622,0.000000000,527,527,2
0.401499987,0.209166691,0.000000000,-0.840118110,-0.542403579,0.000000000,528,528,2
0.402333349,0.208166495,0.000000000,-0.566326499,-0.824181020,0.000000000,529,529,2
0.401512831,0.155589759,0.000000000,-0.861276090,0.508137286,0.000000000,531,531,2
0.401499838,0.149800003,0.000000000,-0.993008196,0.118045799,0.000000000,532,532,2
0.402833372,0.223499984,0.000000000,0.485113651,-0.874451101,0.000000000,533,533,2
0.402833372,0.156833515,0.000000000,0.482731014,-0.875768721,0.000000000,534,534,2
0.406666666,0.208166540,0.000000000,-0.203661203,-0.979041457,0.000000000,535,535,2
0.408228815,0.223522946,0.000000000,0.188065782,-0.982156456,0.000000000,536,536,2
0.406833380,0.156833515,0.000000000,0.162729710,-0.986670673,0.000000000,537,537,2
0.410666674,0.156833515,0.000000000,0.507301509,-0.861768663,0.000000000,539,539,2
0.410909086,0.208151355,0.000000000,-0.549679279,-0.835375845,0.000000000,540,540,2
0.411833435,0.402500004,0.000000000,-0.492378682,-0.870381117,0.000000000,541,541,2
0.411833465,0.401666760,0.000000000,-0.732921898,-0.680312872,0.000000000,542,542,2
0.411846310,0.400256366,0.000000000,-0.958849311,-0.283915699,0.000000000,543,543,2
0.413125068,0.387841403,0.000000000,-0.999999225,-0.001271656,0.000000000,544,969,1
0.411888987,0.376222134,0.000000000,-0.942131579,-0.335243344,0.000000000,545,545,2
0.413176000,0.315232933,0.000000000,-0.999999225,-0.001271656,0.000000000,546,969,1
0.411919683,0.280505747,0.000000000,-0.990299582,-0.138948604,0.000000000,547,547,2
0.413077086,0.238366202,0.000000000,-0.998934686,0.046147119,0.000000000,549,549,2
0.411857277,0.226904735,0.000000000,-0.939201057,0.343367815,0.000000000,550,550,2
0.411800206,0.225933403,0.000000000,-0.843418121,0.537257791,0.000000000,551,551,2
0.411833495,0.224833250,0.000000000,0.509311676,-0.860582113,0.000000000,552,552,2
0.411846280,0.207102537,0.000000000,-0.848930657,-0.528504252,0.000000000,553,553,2
0.411835074,0.183499902,0.000000000,0.999999225,0.001271743,-0.000000000,554,969,1
0.411833525,0.159666702,0.000000000,-0.960721195,0.277515590,0.000000000,555,555,2
0.411814958,0.157592565,0.000000000,-0.842189014,0.539182365,0.000000000,556,556,2
0.414404899,0.376833290,0.000000000,-0.973716676,0.227762625,0.000000000,558,558,2
0.414409161,0.349696994,0.000000000,-0.985301614,-0.170823857,0.000000000,559,559,2
0.414355636,0.248244464,0.000000000,-0.970884085,-0.239549667,0.000000000,560,560,2
0.416376024,0.403752387,0.000000000,0.210907295,-0.977506101,0.000000000,561,561,2
0.414523870,0.402238101,0.000000000,0.527508795,-0.849549592,0.000000000,562,562,2
0.414499998,0.400999993,0.000000000,-0.884585977,0.466377228,0.000000000,563,563,2
0.414476126,0.399761856,0.000000000,-0.977414846,0.211329609,0.000000000,564,564,2
0.414499998,0.227166697,0.000000000,-0.954815686,-0.297198743,0.000000000,566,566,2
0.414499998,0.225833341,0.000000000,-0.762280524,-0.647246778,0.000000000,567,567,2
0.416018069,0.223765790,0.000000000,-0.280435383,-0.959872961,0.000000000,568,568,2
0.418987125,0.015846306,0.000000000,0.315070391,-0.949068367,0.000000000,571,571,2
0.531741738,0.222808957,0.000000000,0.001271699,-0.999999225,0.000000000,572,969,1
0.473916948,0.403835148,0.000000000,0.001271699,-0.999999225,0.000000000,573,969,1
0.420906156,0.020512847,0.000000000,-0.961537421,0.274673998,0.000000000,574,574,2
0.420833498,0.017000001,0.000000000,-0.814114571,0.580704331,0.000000000,575,575,2
0.420778006,0.016444333,0.000000000,0.624185622,-0.781276107,0.000000000,576,576,2
0.422476113,0.022571573,0.000000000,0.993002713,-0.118091986,0.000000000,577,577,2
0.423472285,0.020370390,0.000000000,-0.958610952,-0.284719437,0.000000000,578,578,2
0.423500001,0.017000001,0.000000000,-0.813153625,-0.582049191,0.000000000,579,579,2
0.423555702,0.016444333,0.000000000,-0.620219707,-0.784428120,0.000000000,580,580,2
0.425253361,0.015840160,0.000000000,-0.317891061,-0.948127270,0.000000000,581,581,2
0.425833404,0.140499994,0.000000000,0.340334088,-0.940304577,0.000000000,582,582,2
0.427571446,0.140523851,0.000000000,0.539932787,-0.841708124,0.000000000,583,583,2
0.428187281,0.205666691,0.000000000,-0.895747066,0.444564074,0.000000000,585,585,2
0.428165346,0.173833206,0.000000000,0.999999225,0.001271743,-0.000000000,586,969,1
0.428166449,0.142166644,0.000000000,-0.900646508,0.434552521,0.000000000,587,587,2
0.428222030,0.140666664,0.000000000,-0.757623613,0.652691722,0.000000000,588,588,2
0.429500014,0.207166523,0.000000000,0.483638495,-0.875267863,0.000000000,589,589,2
0.471416473,0.207167640,0.000000000,0.001271699,-0.999999225,0.000000000,590,969,1
0.501358330,0.141231164,0.000000000,-0.074709080,0.997205377,0.000000000,591,554,1
0.466357142,0.136880919,0.000000000,-0.217346489,-0.976094544,0.000000000,592,592,2
0.465636283,0.137424275,0.000000000,-0.508556008,-0.861028969,0.000000000,593,593,2
0.471944481,0.137277856,0.000000000,0.478327036,-0.878181815,0.000000000,594,594,2
0.490079969,0.015840160,0.000000000,0.336948633,-0.941523075,0.000000000,596,596,2
0.492023349,0.020728720,0.000000000,-0.979728997,0.200327635,0.000000000,597,597,2
0.491833508,0.017000001,0.000000000,-0.884989679,0.465610623,0.000000000,598,598,2
0.493200004,0.016466599,0.000000000,-0.710950792,-0.703241765,0.000000000,599,599,2
0.494135052,0.020387407,0.000000000,-0.983411431,-0.181389049,0.000000000,601,601,2
0.494166493,0.017000001,0.000000000,-0.884971380,-0.465645522,0.000000000,602,602,2
0.495920002,0.015840160,0.000000000,-0.338869303,-0.940833449,0.000000000,603,603,2
0.514131010,0.206821337,0.000000000,-0.424019605,-0.905653059,0.000000000,604,604,2
0.526506543,0.194409713,0.000000000,-0.709359705,-0.704846680,0.000000000,605,605,1
0.516833425,0.420499980,0.000000000,0.335668534,-0.941980243,0.000000000,606,606,2
0.518571436,0.420523822,0.000000000,0.544499338,-0.838761270,0.000000000,607,607,2
0.520312548,0.437500000,0.000000000,0.479756355,-0.877401769,0.000000000,608,608,2
0.519187272,0.436000019,0.000000000,-0.900761843,0.434313387,0.000000000,609,609,2
0.519169271,0.428464442,0.000000000,-0.979480028,0.201541439,0.000000000,610,610,2
0.519181609,0.428424329,0.000000000,1.000000000,-0.000110345,0.000000000,612,612,2
0.519166470,0.421500057,0.000000000,-0.844273090,0.535913169,0.000000000,613,613,2
0.556166291,0.437500030,0.000000000,0.001271699,-0.999999225,0.000000000,615,969,1
0.527000070,0.223033264,0.000000000,-0.246763587,-0.969075739,0.000000000,616,616,2
0.528166473,0.216333330,0.000000000,-0.996686757,0.081336074,0.000000000,618,618,2
0.528380871,0.209738061,0.000000000,-0.940821052,-0.338903785,0.000000000,619,619,2
0.529500008,0.403833479,0.000000000,0.337736815,-0.941240609,0.000000000,620,620,2
0.530462980,0.221129492,0.000000000,0.347880632,-0.937538862,0.000000000,621,621,2
0.535358071,0.201312497,0.000000000,-0.740932524,-0.671579480,0.000000000,622,622,2
0.531407475,0.403852016,0.000000000,0.597916961,-0.801558137,0.000000000,623,623,2
0.532808244,0.415508360,0.000000000,-0.872674584,0.488302231,0.000000000,624,624,2
0.531833291,0.409666747,0.000000000,-0.991035879,0.133596286,0.000000000,625,625,2
0.531833470,0.405166656,0.000000000,-0.876618803,0.481185555,0.000000000,626,626,2
0.536889017,0.420096070,0.000000000,-0.753460646,0.657492995,0.000000000,627,627,2
0.538791716,0.182125092,0.000000000,-0.405180246,-0.914236844,0.000000000,628,628,2
0.541820467,0.171141014,0.000000000,-0.877961576,0.478731155,0.000000000,629,629,2
0.544360518,0.161910191,0.000000000,-0.999999225,-0.001271656,0.000000000,630,969,1
0.540424228,0.423742294,0.000000000,0.474861443,-0.880060613,0.000000000,631,631,2
0.542249918,0.168264702,0.000000000,-0.902753890,-0.430157393,0.000000000,632,632,2
0.541683674,0.167376146,0.000000000,-0.684294224,-0.729206085,0.000000000,633,633,2
0.545374990,0.145416602,0.000000000,0.509364605,-0.860550880,0.000000000,634,634,2
0.544250071,0.173291638,0.000000000,-0.681186616,-0.732109845,0.000000000,635,635,2
0.541960835,0.171960816,0.000000000,-0.813454270,0.581628859,0.000000000,636,636,2
0.545340061,0.145387769,0.000000000,-0.309466839,-0.950910270,0.000000000,637,637,2
0.572166622,0.181833208,0.000000000,0.001271699,-0.999999225,0.000000000,638,969,1
0.542025626,0.172589779,0.000000000,0.572507799,-0.819899321,0.000000000,639,639,2
0.542484820,0.193605989,0.000000000,-0.476127893,-0.879376054,0.000000000,640,640,2
0.567250311,0.424167484,0.000000000,0.001271699,-0.999999225,0.000000000,641,969,1
0.543410361,0.173230782,0.000000000,0.229093999,-0.973404348,0.000000000,642,642,2
0.544400036,0.146066800,0.000000000,0.526480377,-0.850187302,0.000000000,643,643,2
0.545514047,0.145520821,0.000000000,-0.930344105,0.366687715,0.000000000,644,644,2
0.544944465,0.146055505,0.000000000,-0.789167047,0.614178658,0.000000000,645,645,2
0.545398533,0.145391300,0.000000000,-0.785843432,-0.618425608,0.000000000,646,646,2
0.544857144,0.125047579,0.000000000,-0.936676741,0.350195199,0.000000000,647,647,2
0.544875205,0.124833375,0.000000000,-0.803980052,0.594656289,0.000000000,648,648,2
0.544470668,0.123215720,0.000000000,0.518189311,-0.855265975,0.000000000,649,649,2
0.572083533,0.193166167,0.000000000,0.001271699,-0.999999225,0.000000000,650,969,1
0.544533372,0.173666611,0.000000000,-0.121696897,-0.992567301,0.000000000,651,651,2
0.547336936,0.122644931,0.000000000,0.124437742,-0.992227435,0.000000000,652,652,2
0.549140096,0.123139985,0.000000000,-0.270671397,-0.962671816,0.000000000,653,653,2
0.546450436,0.134506747,0.000000000,-0.993880332,-0.110462494,0.000000000,654,654,2
0.545166731,0.173750013,0.000000000,-0.393059283,-0.919513166,0.000000000,655,655,2
0.546166539,0.150500000,0.000000000,-0.939056873,-0.343761861,0.000000000,656,656,2
0.547221959,0.140333340,0.000000000,-0.991974771,0.126436144,0.000000000,657,657,2
0.549727261,0.125454441,0.000000000,-0.879412293,-0.476060987,0.000000000,659,659,2
0.550296366,0.124703683,0.000000000,-0.493952751,-0.869488776,0.000000000,660,660,2
0.563619316,0.147187710,0.000000000,0.090807863,-0.995868444,0.000000000,661,661,1
0.551110923,0.121388830,0.000000000,0.569858968,-0.821742535,0.000000000,663,663,2
0.561333299,0.015833499,0.000000000,0.330680728,-0.943742692,0.000000000,665,665,2
0.564234555,0.021833392,0.000000000,-0.999838173,0.017990494,0.000000000,666,666,2
0.563147962,0.018722223,0.000000000,-0.958562374,0.284882754,0.000000000,667,667,2
0.563133180,0.016600000,0.000000000,-0.829574168,0.558396518,0.000000000,668,668,2
0.565500081,0.018939363,0.000000000,-0.964766562,-0.263107419,0.000000000,669,669,2
0.565500021,0.016666751,0.000000000,-0.804153144,-0.594422281,0.000000000,670,670,2
0.567253292,0.015840160,0.000000000,-0.332335949,-0.943161070,0.000000000,671,671,2
0.576833367,0.149833515,0.000000000,0.392364919,-0.919809639,0.000000000,673,673,2
0.577238083,0.147142723,0.000000000,-0.231502295,-0.972834349,0.000000000,674,674,2
0.578666627,0.147777751,0.000000000,-0.700042188,-0.714101493,0.000000000,675,675,2
0.580869257,0.144767895,0.000000000,-0.892802894,-0.450447589,0.000000000,676,676,2
0.579811513,0.152326092,0.000000000,-0.920763195,0.390122086,0.000000000,678,678,2
0.579944491,0.156388834,0.000000000,0.544573963,-0.838712871,0.000000000,679,679,2
0.582363486,0.155909106,0.000000000,0.037154786,-0.999309540,0.000000000,681,681,2
0.580500066,0.150500000,0.000000000,-0.988171697,0.153351739,0.000000000,682,682,2
0.581523836,0.140285715,0.000000000,-0.667612433,-0.744509041,0.000000000,683,683,2
0.582083404,0.139749989,0.000000000,-0.267421007,-0.963579774,0.000000000,684,684,2
0.584232330,0.140828297,0.000000000,0.208393604,-0.978045046,0.000000000,685,685,2
0.590582609,0.153245822,0.000000000,-0.353421777,-0.935464084,0.000000000,686,686,2
0.591770053,0.145351037,0.000000000,0.555431962,-0.831561983,0.000000000,687,687,2
0.591833293,0.437500000,0.000000000,0.338689208,-0.940898299,0.000000000,688,688,2
0.594666898,0.423747092,0.000000000,-0.419469953,-0.907769263,0.000000000,689,689,2
0.593666613,0.437500000,0.000000000,0.558139980,-0.829746783,0.000000000,690,690,2
0.594187260,0.530333340,0.000000000,-0.896900356,0.442232788,0.000000000,692,692,2
0.594152451,0.527000010,0.000000000,-0.978429675,0.206580162,0.000000000,693,693,2
0.594164312,0.483000040,0.000000000,0.999999225,0.001271743,-0.000000000,694,969,1
0.594166458,0.439833373,0.000000000,-0.941251755,0.337705672,0.000000000,695,695,2
0.594166458,0.438166708,0.000000000,-0.815168440,0.579223990,0.000000000,696,696,2
0.597884715,0.150807694,0.000000000,-0.564504564,-0.825429916,0.000000000,697,697,2
0.595500052,0.531833470,0.000000000,0.481759369,-0.876303554,0.000000000,698,698,2
0.599127889,0.419712305,0.000000000,-0.716405272,-0.697684348,0.000000000,699,699,2
0.618333519,0.531833887,0.000000000,0.001271699,-0.999999225,0.000000000,700,969,1
0.598555446,0.149444476,0.000000000,-0.729253471,0.684243619,0.000000000,701,701,2
0.602333248,0.193586126,0.000000000,0.418869883,-0.908046246,0.000000000,702,702,2
0.602893889,0.415560603,0.000000000,-0.913957477,-0.405809969,0.000000000,703,703,2
0.603166640,0.408666730,0.000000000,-0.985399604,-0.170257702,0.000000000,704,704,2
0.603166521,0.402333349,0.000000000,-0.860704422,-0.509105086,0.000000000,705,705,2
0.603999972,0.401166469,0.000000000,-0.566831291,-0.823833883,0.000000000,706,706,2
0.608980060,0.199701965,0.000000000,0.675948620,-0.736948788,0.000000000,707,707,2
0.605989516,0.182312533,0.000000000,0.447490126,-0.894288898,0.000000000,708,708,2
0.606579006,0.401157677,0.000000000,-0.202280283,-0.979327679,0.000000000,709,709,2
0.609115839,0.185239151,0.000000000,0.548798561,-0.835954607,0.000000000,710,710,2
0.614023685,0.401170999,0.000000000,-0.083137594,-0.996538103,0.000000000,711,711,2
0.614101470,0.431289852,0.000000000,-0.886221826,0.463261098,0.000000000,712,712,2
0.610833526,0.428666651,0.000000000,-0.996752143,0.080530621,0.000000000,713,713,2
0.611280739,0.426684231,0.000000000,-0.952807426,-0.303575546,0.000000000,714,714,2
0.617270648,0.193632036,0.000000000,-0.727730155,0.685863614,0.000000000,715,715,2
0.613913715,0.430505395,0.000000000,0.624381006,-0.781120002,0.000000000,716,716,2
0.612047553,0.223523855,0.000000000,0.284044832,-0.958811045,0.000000000,717,717,2
0.612047553,0.221142724,0.000000000,-0.283995450,-0.958825648,0.000000000,718,718,2
0.614823759,0.422995180,0.000000000,-0.721505880,-0.692408383,0.000000000,719,719,2
0.612999976,0.223499998,0.000000000,0.553982496,-0.832528412,0.000000000,720,720,2
0.612999976,0.221166492,0.000000000,-0.553932548,-0.832561553,0.000000000,721,721,2
0.614777505,0.224753112,0.000000000,-0.873312950,0.487159580,0.000000000,722,722,2
0.613904655,0.221142724,0.000000000,-0.833268166,-0.552869022,0.000000000,723,723,2
0.614742219,0.205424264,0.000000000,-0.883395433,0.468628407,0.000000000,724,724,2
0.615137041,0.218970582,0.000000000,-0.977555990,-0.210676029,0.000000000,725,725,2
0.617794931,0.228700832,0.000000000,0.530509353,-0.847679138,0.000000000,726,726,2
0.616484702,0.228030264,0.000000000,-0.766367674,0.642402172,0.000000000,727,727,2
0.615222037,0.223444343,0.000000000,-0.969888330,0.243550107,0.000000000,728,728,2
0.615169764,0.211748451,0.000000000,-0.999383152,0.035119470,0.000000000,729,729,2
0.615111053,0.207111001,0.000000000,-0.966023028,0.258456081,0.000000000,730,730,2
0.617312491,0.519500136,0.000000000,0.485629946,-0.874164522,0.000000000,731,731,2
0.616187334,0.518000007,0.000000000,-0.901607335,0.432555526,0.000000000,732,732,2
0.616157770,0.515087724,0.000000000,-0.977748871,0.209778860,0.000000000,733,733,2
0.616166413,0.473749667,0.000000000,0.999999225,0.001271743,-0.000000000,734,969,1
0.616133153,0.433600008,0.000000000,-0.972155392,0.234337226,0.000000000,735,735,2
0.618424356,0.419227302,0.000000000,-0.441606909,-0.897208691,0.000000000,736,736,2
0.647666454,0.519501567,0.000000000,0.001271699,-0.999999225,0.000000000,737,969,1
0.619666755,0.400500000,0.000000000,-0.402232081,-0.915537775,0.000000000,738,738,2
0.619636357,0.418242455,0.000000000,-0.146924227,-0.989147782,0.000000000,739,739,2
0.619800210,0.399399996,0.000000000,-0.700489521,-0.713662744,0.000000000,740,740,2
0.619844556,0.397755563,0.000000000,-0.963708043,-0.266958594,0.000000000,741,741,2
0.621075332,0.312395871,0.000000000,-0.999999225,-0.001271656,0.000000000,743,969,1
0.621075332,0.312395871,0.000000000,-0.999999225,-0.001271655,0.000000000,743,969,1
0.619833469,0.231666625,0.000000000,-0.958822131,0.284007221,0.000000000,745,745,2
0.619888961,0.228444338,0.000000000,0.293854982,-0.955850065,0.000000000,747,747,2
0.622940004,0.420373380,0.000000000,0.371307820,-0.928509831,0.000000000,748,748,2
0.625141859,0.401106089,0.000000000,0.265640527,-0.964072168,0.000000000,749,749,2
0.622199833,0.399733394,0.000000000,0.594455063,-0.804128826,0.000000000,750,750,2
0.622166514,0.398999989,0.000000000,-0.832584023,0.553898871,0.000000000,751,751,2
0.622190297,0.231428549,0.000000000,-0.942835569,-0.333258420,0.000000000,752,752,2
0.622166514,0.230499983,0.000000000,-0.777184367,-0.629272997,0.000000000,753,753,2
0.622166514,0.229499996,0.000000000,-0.483436197,-0.875379622,0.000000000,754,754,2
0.625499845,0.228500023,0.000000000,-0.237425849,-0.971405685,0.000000000,755,755,2
0.623592556,0.421055555,0.000000000,0.571538150,-0.820575476,0.000000000,756,756,2
0.624460340,0.200984135,0.000000000,0.443535507,-0.896256864,0.000000000,757,757,2
0.625820518,0.202384621,0.000000000,0.103165060,-0.994664252,0.000000000,758,758,2
0.627150178,0.201633304,0.000000000,-0.363910943,-0.931433797,0.000000000,759,759,2
0.627499998,0.422833532,0.000000000,-0.039973579,-0.999200761,0.000000000,760,760,2
0.632604897,0.195224017,0.000000000,-0.717038631,-0.697033465,0.000000000,761,761,2
0.629259348,0.422852039,0.000000000,-0.403831661,-0.914833367,0.000000000,762,762,2
0.629777789,0.401147991,0.000000000,0.531791568,-0.846875310,0.000000000,763,763,2
0.630090952,0.228515193,0.000000000,-0.568541110,-0.822654843,0.000000000,764,764,2
0.630433261,0.422433436,0.000000000,-0.758356214,-0.651840448,0.000000000,765,765,2
0.632827401,0.014954099,0.000000000,0.302483678,-0.953154624,0.000000000,766,766,2
0.630508661,0.420087725,0.000000000,-0.957292318,-0.289121836,0.000000000,767,767,2
0.630490065,0.417078435,0.000000000,-0.979708314,-0.200428754,0.000000000,768,768,2
0.630505204,0.410166711,0.000000000,0.999868631,0.016209198,-0.000000000,769,769,2
0.630499899,0.403499991,0.000000000,-0.940141499,0.340784371,0.000000000,770,770,2
0.630476117,0.401761860,0.000000000,-0.801082075,0.598554492,0.000000000,771,771,2
0.630849838,0.270633310,0.000000000,-0.937412322,-0.348221362,0.000000000,772,772,2
0.630833447,0.227166623,0.000000000,-0.873105824,-0.487530828,0.000000000,773,773,2
0.630835950,0.219084382,0.000000000,-0.992347062,-0.123479940,0.000000000,774,774,2
0.635721564,0.205897555,0.000000000,-0.789696515,-0.613497674,0.000000000,775,775,2
0.635077119,0.014641078,0.000000000,0.590984821,-0.806682706,0.000000000,776,776,2
0.634601474,0.019250004,0.000000000,-0.966078877,0.258247286,0.000000000,777,777,2
0.635515213,0.015242454,0.000000000,-0.821070075,0.570827484,0.000000000,778,778,2
0.635787725,0.021424364,0.000000000,0.976376235,-0.216077507,0.000000000,779,779,2
0.636488974,0.020511132,0.000000000,-0.990812659,-0.135241657,0.000000000,780,780,2
0.666360676,0.179346338,0.000000000,-0.345596045,-0.938383400,0.000000000,782,784,1
0.641166627,0.531833470,0.000000000,0.380971760,-0.924586654,0.000000000,783,783,2
0.679440081,0.185390398,0.000000000,-0.345596045,-0.938383400,0.000000000,784,784,1
0.642904699,0.531857312,0.000000000,0.608753979,-0.793359041,0.000000000,785,785,2
0.644088924,0.580488920,0.000000000,0.528520525,-0.848920584,0.000000000,786,786,2
0.643166482,0.578999937,0.000000000,-0.890208542,0.455553263,0.000000000,787,787,2
0.643157780,0.576245546,0.000000000,-0.978069067,0.208281055,0.000000000,788,788,2
0.643167615,0.554999709,0.000000000,0.999999225,0.001271743,-0.000000000,789,969,1
0.643166482,0.534166634,0.000000000,-0.941998661,0.335616648,0.000000000,790,790,2
0.643133163,0.532599926,0.000000000,-0.825690389,0.564123571,0.000000000,791,791,2
0.698166311,0.580498278,0.000000000,0.001271699,-0.999999225,0.000000000,792,969,1
0.645511210,0.421911120,0.000000000,-0.848924816,0.528513670,0.000000000,793,793,2
0.645491242,0.419087738,0.000000000,-0.978983581,0.203939274,0.000000000,794,794,2
0.645497620,0.411082238,0.000000000,0.999904931,-0.013788189,0.000000000,795,795,2
0.645500004,0.403499991,0.000000000,-0.940870225,-0.338767260,0.000000000,796,796,2
0.645500004,0.401666641,0.000000000,-0.790226638,-0.612814784,0.000000000,797,797,2
0.646833301,0.401166469,0.000000000,-0.481747657,-0.876310050,0.000000000,798,798,2
0.646999955,0.422833502,0.000000000,0.455556989,-0.890206635,0.000000000,799,799,2
0.662500083,0.401166767,0.000000000,0.001271699,-0.999999225,0.000000000,800,969,1
0.662500083,0.422833771,0.000000000,0.001271699,-0.999999225,0.000000000,801,969,1
0.651979148,0.228500009,0.000000000,0.483550638,-0.875316441,0.000000000,802,802,2
0.650846362,0.227256358,0.000000000,-0.863404572,0.504512131,0.000000000,803,803,2
0.650833547,0.222499996,0.000000000,-0.990290403,0.139014155,0.000000000,804,804,2
0.650823772,0.217411742,0.000000000,-0.973874867,-0.227085531,0.000000000,805,805,2
0.650833488,0.215166718,0.000000000,-0.845027506,-0.534722865,0.000000000,806,806,2
0.651666701,0.214166522,0.000000000,-0.567394078,-0.823446393,0.000000000,807,807,2
0.654245555,0.214157760,0.000000000,-0.206358343,-0.978476524,0.000000000,808,808,2
0.666499913,0.228499889,0.000000000,0.026448851,-0.999650180,0.000000000,809,809,2
0.675250411,0.214165851,0.000000000,0.001271699,-0.999999225,0.000000000,810,969,1
0.677833378,0.519500077,0.000000000,-0.335668325,-0.941980302,0.000000000,811,811,2
0.680005670,0.424409389,0.000000000,0.458270073,-0.888813019,0.000000000,812,812,2
0.677999973,0.401166528,0.000000000,-0.375473082,-0.926833272,0.000000000,813,813,2
0.679666579,0.519499958,0.000000000,-0.605119109,-0.796135008,0.000000000,814,814,2
0.680216849,0.398798525,0.000000000,-0.701261461,-0.712904215,0.000000000,815,815,2
0.680833399,0.228500009,0.000000000,0.395813912,-0.918330789,0.000000000,816,816,2
0.680166543,0.518166602,0.000000000,-0.876341760,-0.481689870,0.000000000,817,817,2
0.680175304,0.515421093,0.000000000,-0.978936255,-0.204166070,0.000000000,818,818,2
0.680163145,0.482416302,0.000000000,0.999999225,0.001271743,-0.000000000,819,969,1
0.680166543,0.449833363,0.000000000,-0.942412138,-0.334453970,0.000000000,820,820,2
0.680233181,0.447933286,0.000000000,-0.769265592,-0.638929129,0.000000000,821,821,2
0.681666732,0.447499990,0.000000000,-0.454044908,-0.890978813,0.000000000,822,822,2
0.682981431,0.396481484,0.000000000,-0.285724670,-0.958311796,0.000000000,823,823,2
0.682333171,0.228599995,0.000000000,0.552272975,-0.833663404,0.000000000,824,824,2
0.682520807,0.371666670,0.000000000,-0.899512768,0.436894476,0.000000000,826,826,2
0.682505190,0.300333261,0.000000000,-0.999999225,-0.001271656,0.000000000,827,969,1
0.682505190,0.300333261,0.000000000,0.999999225,0.001271743,-0.000000000,827,969,1
0.682638943,0.229333341,0.000000000,-0.848381877,0.529384732,0.000000000,829,829,2
0.683615386,0.373128086,0.000000000,0.519059360,-0.854738235,0.000000000,830,830,2
0.689250946,0.447497636,0.000000000,-0.019531993,-0.999809265,0.000000000,831,831,2
0.689248919,0.426168710,0.000000000,0.018278733,-0.999832988,0.000000000,832,832,2
0.688666701,0.396500021,0.000000000,0.022600211,-0.999744594,0.000000000,833,833,2
0.689499915,0.373172194,0.000000000,0.042992409,-0.999075413,0.000000000,834,834,2
0.693999946,0.396500021,0.000000000,0.387303948,-0.921952128,0.000000000,835,835,2
0.695410192,0.373153687,0.000000000,-0.297802716,-0.954627454,0.000000000,836,836,2
0.695833325,0.214166507,0.000000000,0.338990092,-0.940789938,0.000000000,837,837,2
0.695633411,0.396866709,0.000000000,0.573498070,-0.819206953,0.000000000,838,838,2
0.696999967,0.447499990,0.000000000,0.325956315,-0.945384860,0.000000000,839,839,2
0.698472202,0.425208241,0.000000000,-0.469991922,-0.882670760,0.000000000,840,840,2
0.699463308,0.408207476,0.000000000,-0.940827966,0.338884592,0.000000000,841,841,2
0.696789503,0.168438584,0.000000000,-0.670839310,-0.741602778,0.000000000,842,842,2
0.698207378,0.371125966,0.000000000,-0.606319249,-0.795221329,0.000000000,843,843,2
0.697571397,0.214190274,0.000000000,0.549813330,-0.835287571,0.000000000,844,844,2
0.697833538,0.166666687,0.000000000,-0.915048718,-0.403343350,0.000000000,845,845,2
0.697833776,0.155833364,0.000000000,-0.997269571,-0.073847100,0.000000000,846,846,2
0.697846353,0.145256385,0.000000000,-0.906627536,-0.421931893,0.000000000,847,847,2
0.698037088,0.143629655,0.000000000,-0.688046634,-0.725666523,0.000000000,848,848,2
0.698177516,0.360911161,0.000000000,-0.845111966,0.534589410,0.000000000,849,849,2
0.698154330,0.356186926,0.000000000,-0.979101956,0.203370005,0.000000000,850,850,2
0.698169649,0.342855543,0.000000000,0.999975920,-0.006938260,0.000000000,851,851,2
0.698153615,0.331743568,0.000000000,-0.944745243,-0.327805519,0.000000000,852,852,2
0.698166490,0.329833329,0.000000000,-0.785631120,-0.618695259,0.000000000,853,853,2
0.699499905,0.328999966,0.000000000,-0.426207036,-0.904625654,0.000000000,854,854,2
0.698177516,0.284577817,0.000000000,-0.895709157,0.444640487,0.000000000,856,856,2
0.698157787,0.280166715,0.000000000,-0.979677975,0.200576916,0.000000000,857,857,2
0.698167443,0.247333348,0.000000000,0.999999225,0.001271743,-0.000000000,858,969,1
0.698166430,0.216333315,0.000000000,-0.930874288,0.365339637,0.000000000,859,859,2
0.698199868,0.214533404,0.000000000,-0.778913856,0.627131045,0.000000000,860,860,2
0.698857188,0.447571456,0.000000000,0.543964446,-0.839108288,0.000000000,861,861,2
0.699256361,0.286153674,0.000000000,0.520352244,-0.853951752,0.000000000,862,862,2
0.699755609,0.361822426,0.000000000,0.444615722,-0.895721436,0.000000000,863,863,2
0.700166762,0.143500000,0.000000000,-0.341749877,-0.939790964,0.000000000,864,864,2
0.699411750,0.562980473,0.000000000,-0.864398956,0.502806664,0.000000000,865,865,2
0.701722205,0.531111121,0.000000000,-0.820445120,-0.571725368,0.000000000,866,866,2
0.699500024,0.558666646,0.000000000,-0.979554236,0.201180249,0.000000000,867,867,2
0.699499249,0.545084059,0.000000000,0.999966145,-0.008231719,0.000000000,868,868,2
0.699500024,0.533666611,0.000000000,-0.957791150,-0.287464976,0.000000000,869,869,2
0.701999903,0.519499898,0.000000000,0.623461485,-0.781854093,0.000000000,870,870,2
0.699500024,0.517833412,0.000000000,-0.900122821,0.435636252,0.000000000,871,871,2
0.699481487,0.515166640,0.000000000,-0.979664505,0.200642571,0.000000000,872,872,2
0.699498177,0.482333243,0.000000000,-0.999999225,-0.001271655,0.000000000,873,969,1
0.699511170,0.449733347,0.000000000,-0.933610678,0.358289212,0.000000000,874,874,2
0.699444354,0.448055655,0.000000000,-0.829100788,0.559099197,0.000000000,875,875,2
0.700999975,0.563833475,0.000000000,0.427078009,-0.904214799,0.000000000,876,876,2
0.701999903,0.531166494,0.000000000,-0.626063406,-0.779772222,0.000000000,877,877,2
0.702239633,0.422770917,0.000000000,-0.734718800,-0.678371787,0.000000000,878,878,2
0.701578915,0.369157672,0.000000000,-0.213273063,-0.976992667,0.000000000,879,879,2
0.716000319,0.286167651,0.000000000,0.001271699,-0.999999225,0.000000000,880,969,1
0.716443598,0.328996181,0.000000000,0.001271699,-0.999999225,0.000000000,881,969,1
0.716333568,0.361835361,0.000000000,0.001271699,-0.999999225,0.000000000,882,969,1
0.795999587,0.143498719,0.000000000,0.001271699,-0.999999225,0.000000000,883,969,1
0.733666956,0.563831449,0.000000000,0.001271699,-0.999999225,0.000000000,884,969,1
0.703433394,0.420133412,0.000000000,-0.999973536,0.007278109,0.000000000,885,885,2
0.703833222,0.421666592,0.000000000,-0.921443224,-0.388513029,0.000000000,886,886,2
0.723416805,0.369167060,0.000000000,0.001271699,-0.999999225,0.000000000,887,969,1
0.704508841,0.527754307,0.000000000,-0.979076087,-0.203494564,0.000000000,888,888,2
0.704509795,0.524745166,0.000000000,0.998313367,0.058055039,-0.000000000,889,889,2
0.704500020,0.521999955,0.000000000,-0.948029816,0.318181515,0.000000000,890,890,2
0.704499960,0.520333230,0.000000000,-0.823292613,0.567617178,0.000000000,891,891,2
0.720351756,0.171018481,0.000000000,-0.660341203,-0.750965714,0.000000000,892,892,2
0.720606089,0.138121083,0.000000000,0.000029999,-1.000000000,0.000000000,893,893,2
0.720333338,0.138667002,0.000000000,-0.997738719,-0.067212254,0.000000000,894,894,2
0.720333338,0.422778010,0.000000000,-0.960556865,0.278083622,0.000000000,895,895,2
0.721550763,0.420217335,0.000000000,-0.965525925,-0.260307014,0.000000000,896,896,2
0.723333359,0.422833443,0.000000000,0.338219345,-0.941067338,0.000000000,898,898,2
0.721511126,0.169422209,0.000000000,-0.901983202,-0.431771219,0.000000000,900,900,2
0.721495152,0.165247649,0.000000000,-0.992751896,-0.120181940,0.000000000,901,901,2
0.721499920,0.161333308,0.000000000,-0.887784362,-0.460259587,0.000000000,902,902,2
0.722055495,0.159888998,0.000000000,-0.613453627,-0.789730728,0.000000000,903,903,2
0.730097651,0.405210853,0.000000000,-0.865325928,-0.501209557,0.000000000,905,905,1
0.724578977,0.159824759,0.000000000,-0.245645419,-0.969359756,0.000000000,906,906,2
0.799832940,0.422835350,0.000000000,0.001271699,-0.999999225,0.000000000,907,969,1
0.729085684,0.159828737,0.000000000,0.036640864,-0.999328494,0.000000000,908,908,2
0.732833385,0.361833483,0.000000000,-0.341011226,-0.940059245,0.000000000,909,909,2
0.732833385,0.286166579,0.000000000,-0.338939250,-0.940808296,0.000000000,910,910,2
0.733287811,0.328984857,0.000000000,0.344503850,-0.938784957,0.000000000,911,911,2
0.733102560,0.159820691,0.000000000,0.372886151,-0.927877128,0.000000000,912,912,2
0.734703720,0.361777902,0.000000000,-0.636107862,-0.771600127,0.000000000,913,913,2
0.734740674,0.286148012,0.000000000,-0.633072495,-0.774092495,0.000000000,914,914,2
0.734714329,0.159857288,0.000000000,0.582891941,-0.812549651,0.000000000,915,915,2
0.734916627,0.329041630,0.000000000,0.580199063,-0.814474761,0.000000000,916,916,2
0.735190332,0.360357106,0.000000000,-0.888064981,-0.459718078,0.000000000,917,917,2
0.735163391,0.354748398,0.000000000,-0.979720473,-0.200369194,0.000000000,918,918,2
0.735175014,0.341270626,0.000000000,0.999966800,0.008151717,-0.000000000,921,921,2
0.735179365,0.331743568,0.000000000,-0.945697546,0.325047970,0.000000000,922,922,2
0.735166490,0.330000013,0.000000000,-0.809900999,0.586566687,0.000000000,923,923,2
0.735166550,0.284666747,0.000000000,-0.890227199,-0.455516785,0.000000000,924,924,2
0.735162854,0.279407352,0.000000000,-0.979217887,-0.202811286,0.000000000,925,925,2
0.735164285,0.237025782,0.000000000,0.999999225,0.001271743,-0.000000000,927,969,1
0.735155404,0.197066650,0.000000000,-0.934457898,-0.356073618,0.000000000,928,928,2
0.735259116,0.195185229,0.000000000,-0.737735927,-0.675089419,0.000000000,929,929,2
0.735177696,0.171911106,0.000000000,-0.845383763,0.534159422,0.000000000,930,930,2
0.735166550,0.166166723,0.000000000,-0.978742838,0.205091551,0.000000000,931,931,2
0.735166550,0.166166633,0.000000000,-1.000000000,0.000000000,0.000000000,932,932,2
0.735166490,0.160833299,0.000000000,-0.841424942,0.540374041,0.000000000,933,933,2
0.737078369,0.194823712,0.000000000,-0.398784816,-0.917044580,0.000000000,934,934,2
0.736755610,0.172822416,0.000000000,0.444611162,-0.895723701,0.000000000,935,935,2
0.738015831,0.391349256,0.000000000,-0.639289141,-0.768966496,0.000000000,936,936,2
0.740666628,0.172843918,0.000000000,0.041491453,-0.999138892,0.000000000,937,937,2
0.740999937,0.194833517,0.000000000,-0.014250834,-0.999898493,0.000000000,938,938,2
0.739833355,0.390500039,0.000000000,-0.345218837,-0.938522279,0.000000000,939,939,2
0.741833389,0.390500039,0.000000000,0.044080485,-0.999027967,0.000000000,940,940,2
0.745452642,0.392295450,0.000000000,0.523855567,-0.851807117,0.000000000,941,941,2
0.744666696,0.172833517,0.000000000,-0.320484817,-0.947253704,0.000000000,942,942,2
0.745000064,0.369166434,0.000000000,-0.364812195,-0.931081116,0.000000000,943,943,2
0.744755566,0.194822416,0.000000000,0.330966890,-0.943642378,0.000000000,944,944,2
0.746740639,0.194851995,0.000000000,0.585437775,-0.810717404,0.000000000,945,945,2
0.746740639,0.172814995,0.000000000,-0.636189222,-0.771533072,0.000000000,946,946,2
0.746966600,0.368966579,0.000000000,-0.709418297,-0.704787731,0.000000000,947,947,2
0.747175038,0.366754353,0.000000000,-0.942510664,-0.334176153,0.000000000,948,948,2
0.747166932,0.294627875,0.000000000,0.999999225,0.001271743,-0.000000000,949,969,1
0.747166455,0.223499984,0.000000000,-0.842594504,-0.538548470,0.000000000,952,952,2
0.747999966,0.222499982,0.000000000,-0.559933722,-0.828537405,0.000000000,953,953,2
0.748088837,0.204488888,0.000000000,0.532659173,-0.846329868,0.000000000,954,954,2
0.747171819,0.199688181,0.000000000,-0.902396917,0.430905789,0.000000000,955,955,2
0.747166276,0.199833304,0.000000000,-0.989059269,0.147519097,0.000000000,956,956,2
0.747166455,0.171333268,0.000000000,-0.886969447,-0.461828113,0.000000000,958,958,2
0.747163057,0.166248232,0.000000000,-0.990549862,-0.137153327,0.000000000,959,959,2
0.747166395,0.161333308,0.000000000,-0.887769878,-0.460287571,0.000000000,960,960,2
0.747722149,0.159888998,0.000000000,-0.613443673,-0.789738476,0.000000000,961,961,2
0.792666554,0.394165486,0.000000000,0.001271699,-0.999999225,0.000000000,962,969,1
0.750245690,0.159824759,0.000000000,-0.242746368,-0.970089793,0.000000000,963,963,2
0.750578880,0.222491220,0.000000000,-0.200751826,-0.979642153,0.000000000,964,964,2
0.812666774,0.204499438,0.000000000,0.001271699,-0.999999225,0.000000000,965,969,1
0.752503395,0.137333438,0.000000000,-0.000019273,-1.000000000,0.000000000,966,966,2
0.752166748,0.580500066,0.000000000,0.337911099,-0.941178024,0.000000000,967,967,2
0.812916756,0.159834400,0.000000000,0.001271699,-0.999999225,0.000000000,968,969,1
0.813083470,0.222500533,0.000000000,0.001271699,-0.999999225,0.000000000,969,969,1
0.754036963,0.580555558,0.000000000,0.590359926,-0.807140172,0.000000000,970,970,2
0.754512131,0.585297644,0.000000000,-0.873893738,0.486117065,0.000000000,972,972,2
0.754500151,0.584999979,0.000000000,-0.980024695,0.198876008,0.000000000,973,973,2
0.756088912,0.589488864,0.000000000,0.447825521,-0.894120991,0.000000000,974,974,2
0.792500079,0.589501679,0.000000000,0.001271699,-0.999999225,0.000000000,975,969,1
0.766166687,0.563833475,0.000000000,0.337867230,-0.941193819,0.000000000,976,976,2
0.768000007,0.563833535,0.000000000,0.612776697,-0.790256202,0.000000000,977,977,2
0.769422233,0.576488853,0.000000000,0.528521597,-0.848919868,0.000000000,978,978,2
0.768500030,0.574999988,0.000000000,-0.890221000,0.455528885,0.000000000,979,979,2
0.768504143,0.569705546,0.000000000,-0.975405753,0.220416889,0.000000000,980,980,2
0.768500030,0.569833517,0.000000000,1.000000000,-0.000000000,0.000000000,982,982,2
0.768499970,0.564833343,0.000000000,-0.846298039,0.532709718,0.000000000,983,983,2
0.785500109,0.576501787,0.000000000,0.001271699,-0.999999225,0.000000000,984,969,1
0.791333377,0.138667002,0.000000000,-0.997596443,-0.069291987,0.000000000,985,985,2
0.791638911,0.138138756,0.000000000,0.000016476,-1.000000000,0.000000000,986,986,2
0.801499963,0.576499879,0.000000000,-0.335645378,-0.941988468,0.000000000,988,988,2
0.803333402,0.576499939,0.000000000,-0.612816453,-0.790225327,0.000000000,989,989,2
0.803833485,0.575166643,0.000000000,-0.876305938,-0.481755078,0.000000000,990,990,2
0.803833723,0.569785714,0.000000000,-0.974336088,-0.225098312,0.000000000,991,991,2
0.803833485,0.570083380,0.000000000,-1.000000000,-0.000000004,0.000000000,992,992,2
0.803833485,0.564833343,0.000000000,-0.846334636,-0.532651603,0.000000000,993,993,2
0.804666579,0.563833535,0.000000000,-0.567327023,-0.823492587,0.000000000,994,994,2
0.807245672,0.563824832,0.000000000,-0.206032827,-0.978545070,0.000000000,995,995,2
0.841416538,0.563831389,0.000000000,0.001271699,-0.999999225,0.000000000,996,969,1
0.828833461,0.589500010,0.000000000,-0.344697982,-0.938713670,0.000000000,997,997,2
0.830666661,0.589407265,0.000000000,-0.631909013,-0.775042593,0.000000000,998,998,2
0.831161439,0.585121155,0.000000000,-0.908435464,-0.418025106,0.000000000,999,999,2
0.831166565,0.584999919,0.000000000,-0.985296309,-0.170854524,0.000000000,1000,1000,2
0.831566513,0.580566764,0.000000000,-0.650187373,-0.759773910,0.000000000,1001,1001,2
0.833912253,0.580491185,0.000000000,-0.287003338,-0.957929611,0.000000000,1002,1002,2
0.862917006,0.580501378,0.000000000,0.001271699,-0.999999225,0.000000000,1003,969,1
0.838499963,0.394166499,0.000000000,0.335657626,-0.941984057,0.000000000,1004,1004,2
0.840333283,0.394166529,0.000000000,0.612829626,-0.790215075,0.000000000,1005,1005,2
0.842884183,0.408787340,0.000000000,-0.826215029,0.563354909,0.000000000,1006,1006,2
0.840836704,0.400748402,0.000000000,-0.988333583,0.152304932,0.000000000,1007,1007,2
0.840833485,0.395333320,0.000000000,-0.860712409,0.509091496,0.000000000,1008,1008,2
0.846607327,0.413059503,0.000000000,0.575325906,-0.817924261,0.000000000,1009,1009,2
0.854333341,0.414166480,0.000000000,0.050483339,-0.998724937,0.000000000,1010,1010,2
0.862575710,0.414075583,0.000000000,-0.348297298,-0.937384129,0.000000000,1011,1011,2
0.866467655,0.410790980,0.000000000,-0.718488812,-0.695538580,0.000000000,1012,1012,2
0.869777739,0.406777740,0.000000000,-0.915420890,-0.402498037,0.000000000,1013,1013,2
0.870163441,0.400748402,0.000000000,-0.988827407,-0.149064958,0.000000000,1014,1014,2
0.870166481,0.395333320,0.000000000,-0.860701382,-0.509110093,0.000000000,1015,1015,2
0.873551369,0.394166470,0.000000000,-0.522920728,-0.852381349,0.000000000,1016,1016,2
0.873833358,0.394166470,0.000000000,-0.325207531,-0.945642710,0.000000000,1017,1017,2
0.875166595,0.563833535,0.000000000,-0.337538064,-0.941311896,0.000000000,1018,1018,2
0.875166595,0.422833502,0.000000000,0.338640988,-0.940915704,0.000000000,1019,1019,2
0.875166595,0.222499982,0.000000000,0.337515444,-0.941320002,0.000000000,1020,1020,2
0.875166595,0.159833476,0.000000000,0.337475508,-0.941334307,0.000000000,1021,1021,2
0.877166748,0.204500005,0.000000000,-0.337906420,-0.941179752,0.000000000,1022,1022,2
0.877000034,0.563833535,0.000000000,-0.612842619,-0.790205002,0.000000000,1023,1023,2
0.877037048,0.422888994,0.000000000,0.590304315,-0.807180822,0.000000000,1024,1024,2
0.877074122,0.222518548,0.000000000,0.548004687,-0.836475313,0.000000000,1025,1025,2
0.877074122,0.159851998,0.000000000,0.585366011,-0.810769200,0.000000000,1026,1026,2
0.877500057,0.562499940,0.000000000,-0.875257969,-0.483656406,0.000000000,1027,1027,2
0.877508879,0.559754431,0.000000000,-0.978529274,-0.206107959,0.000000000,1028,1028,2
0.877497196,0.492083460,0.000000000,-0.999999225,-0.001271655,0.000000000,1030,969,1
0.877500057,0.425166607,0.000000000,-0.941513658,0.336974919,0.000000000,1031,1031,2
0.877533436,0.423533380,0.000000000,-0.818110764,0.575060725,0.000000000,1032,1032,2
0.877500057,0.393333346,0.000000000,-0.823472321,-0.567356408,0.000000000,1033,1033,2
0.877508879,0.390754402,0.000000000,-0.979218781,-0.202806965,0.000000000,1034,1034,2
0.877498567,0.307251245,0.000000000,-0.999999225,-0.001271655,0.000000000,1037,969,1
0.877500057,0.224833354,0.000000000,-0.940582991,0.339563906,0.000000000,1038,1038,2
0.877466559,0.223266602,0.000000000,-0.822308898,0.569041431,0.000000000,1039,1039,2
0.877520978,0.181333289,0.000000000,-0.879384458,0.476112425,0.000000000,1041,1041,2
0.877499223,0.171250805,0.000000000,-0.994633257,0.103463493,0.000000000,1042,1042,2
0.877512932,0.161410227,0.000000000,-0.893856704,0.448352784,0.000000000,1043,1043,2
0.878833354,0.182999998,0.000000000,0.435931772,-0.899979711,0.000000000,1045,1045,2
0.879650831,0.201476052,0.000000000,-0.624372363,-0.781126916,0.000000000,1046,1046,2
0.879500270,0.201833338,0.000000000,-0.807165921,-0.590324640,0.000000000,1047,1047,2
0.887166917,0.183005154,0.000000000,0.010650676,-0.999943316,0.000000000,1048,1048,2
0.882579029,0.199157730,0.000000000,-0.241263732,-0.970459640,0.000000000,1049,1049,2
0.905750453,0.199167401,0.000000000,0.001271699,-0.999999225,0.000000000,1050,969,1
0.891500056,0.580500066,0.000000000,-0.337521076,-0.941317976,0.000000000,1051,1051,2
0.891500056,0.143499970,0.000000000,0.337524056,-0.941316903,0.000000000,1052,1052,2
0.893333435,0.580500066,0.000000000,-0.612818062,-0.790224016,0.000000000,1053,1053,2
0.893370509,0.143555537,0.000000000,0.590355754,-0.807143211,0.000000000,1054,1054,2
0.893833578,0.579166710,0.000000000,-0.876305461,-0.481755912,0.000000000,1055,1055,2
0.893842280,0.576421022,0.000000000,-0.978605986,-0.205743521,0.000000000,1056,1056,2
0.893843412,0.421916544,0.000000000,-0.999999225,-0.001271655,0.000000000,1057,969,1
0.893833578,0.267833382,0.000000000,-0.940405071,-0.340056330,0.000000000,1058,1058,2
0.893833518,0.265999973,0.000000000,-0.790251315,-0.612782955,0.000000000,1059,1059,2
0.893833578,0.157166615,0.000000000,-0.882962167,0.469444245,0.000000000,1061,1061,2
0.893836141,0.150915280,0.000000000,-0.994183660,0.107697994,0.000000000,1062,1062,2
0.893833578,0.144999996,0.000000000,-0.888378739,0.459111392,0.000000000,1063,1063,2
0.895166576,0.265499979,0.000000000,-0.481757492,-0.876304567,0.000000000,1064,1064,2
0.895565391,0.183014497,0.000000000,-0.347051740,-0.937846005,0.000000000,1066,1066,2
0.895333230,0.158499986,0.000000000,0.455559313,-0.890205443,0.000000000,1067,1067,2
0.944499850,0.265501648,0.000000000,0.001271699,-0.999999225,0.000000000,1068,969,1
0.897259295,0.182814896,0.000000000,-0.651092350,-0.758998573,0.000000000,1069,1069,2
0.944583237,0.158499986,0.000000000,0.001271699,-0.999999225,0.000000000,1070,969,1
0.897518575,0.247500002,0.000000000,-0.907233000,0.420628518,0.000000000,1072,1072,2
0.897497892,0.236250758,0.000000000,-0.998708308,0.050811168,0.000000000,1073,1073,2
0.897488832,0.225244388,0.000000000,-0.958104134,-0.286420137,0.000000000,1074,1074,2
0.897481501,0.223222226,0.000000000,-0.813574731,-0.581460416,0.000000000,1075,1075,2
0.897499979,0.179166675,0.000000000,-0.918758512,-0.394819975,0.000000000,1076,1076,2
0.897699952,0.175366595,0.000000000,-0.696321309,-0.717730224,0.000000000,1077,1077,2
0.898833275,0.249166504,0.000000000,0.481684536,-0.876344681,0.000000000,1078,1078,2
0.898589730,0.222512826,0.000000000,-0.520389855,-0.853928804,0.000000000,1079,1079,2
0.899912298,0.175157741,0.000000000,-0.333435088,-0.942773104,0.000000000,1080,1080,2
0.913416147,0.222499311,0.000000000,0.001271699,-0.999999225,0.000000000,1081,969,1
0.913666725,0.249168515,0.000000000,0.001271699,-0.999999225,0.000000000,1082,969,1
0.914417267,0.175165296,0.000000000,0.003119919,-0.999995172,0.000000000,1083,1083,2
0.928499877,0.249166489,0.000000000,-0.337481052,-0.941332340,0.000000000,1084,1084,2
0.928422153,0.222488850,0.000000000,0.327544779,-0.944835663,0.000000000,1085,1085,2
0.928499877,0.199166462,0.000000000,-0.337479085,-0.941333055,0.000000000,1086,1086,2
0.928499877,0.175166488,0.000000000,0.337541550,-0.941310644,0.000000000,1087,1087,2
0.930333376,0.249166504,0.000000000,-0.612766743,-0.790263891,0.000000000,1088,1088,2
0.930407405,0.222518548,0.000000000,0.585412264,-0.810735822,0.000000000,1089,1089,2
0.930954516,0.196075693,0.000000000,-0.630773187,-0.775967300,0.000000000,1090,1090,2
0.930407405,0.175184995,0.000000000,0.577249885,-0.816567600,0.000000000,1091,1091,2
0.930833399,0.247833356,0.000000000,-0.872835577,-0.488014430,0.000000000,1092,1092,2
0.930835724,0.236666679,0.000000000,-0.996971428,-0.077768572,0.000000000,1093,1093,2
0.930833399,0.225333318,0.000000000,-0.961450756,0.274977326,0.000000000,1094,1094,2
0.930809677,0.223428592,0.000000000,-0.837048173,0.547129273,0.000000000,1095,1095,2
0.930833519,0.196333334,0.000000000,-0.834990978,-0.550263703,0.000000000,1096,1096,2
0.930833578,0.178333342,0.000000000,-0.824776769,0.565458477,0.000000000,1097,1097,2
0.932333291,0.180833474,0.000000000,0.459499180,-0.888178229,0.000000000,1098,1098,2
0.933912277,0.193491176,0.000000000,-0.242780730,-0.970081210,0.000000000,1099,1099,2
0.936086059,0.180838794,0.000000000,0.049272582,-0.998785377,0.000000000,1100,1100,2
0.937666655,0.193500012,0.000000000,0.079002127,-0.996874452,0.000000000,1101,1101,2
0.940000057,0.180833489,0.000000000,-0.317224264,-0.948350549,0.000000000,1102,1102,2
0.940923035,0.193487152,0.000000000,0.441123635,-0.897446334,0.000000000,1103,1103,2
0.942621231,0.177742392,0.000000000,-0.625865459,-0.779931068,0.000000000,1104,1104,2
0.942249715,0.193666756,0.000000000,0.546562374,-0.837418377,0.000000000,1105,1105,2
0.942516208,0.196408629,0.000000000,-0.834400475,0.551158667,0.000000000,1107,1107,2
0.942500055,0.178000003,0.000000000,-0.834294617,-0.551318884,0.000000000,1108,1108,2
0.943833351,0.199166507,0.000000000,0.481692374,-0.876340389,0.000000000,1109,1109,2
0.945579052,0.175157741,0.000000000,-0.242791802,-0.970078409,0.000000000,1111,1111,2
0.948500156,0.199166551,0.000000000,0.115273550,-0.993333757,0.000000000,1112,1112,2
0.961750507,0.175165385,0.000000000,0.001271699,-0.999999225,0.000000000,1113,969,1
0.952999890,0.199166492,0.000000000,0.453241795,-0.891387641,0.000000000,1114,1114,2
0.954333186,0.199266598,0.000000000,0.536791921,-0.843714654,0.000000000,1115,1115,2
0.954683304,0.248166651,0.000000000,-0.871472299,0.490444779,0.000000000,1116,1116,2
0.954664648,0.236111730,0.000000000,-0.981600463,0.190946609,0.000000000,1117,1117,2
0.954644322,0.222599998,0.000000000,-0.983773232,-0.179416478,0.000000000,1118,1118,2
0.954604924,0.215842098,0.000000000,-0.967964053,0.251088887,0.000000000,1119,1119,2
0.954499900,0.207500011,0.000000000,-0.999125600,0.041810654,0.000000000,1120,1120,2
0.954511225,0.200911134,0.000000000,-0.906446993,0.422319710,0.000000000,1121,1121,2
0.955999911,0.249166504,0.000000000,0.543973684,-0.839102268,0.000000000,1123,1123,2
0.955925941,0.220184997,0.000000000,-0.860365927,-0.509676814,0.000000000,1124,1124,2
0.955833435,0.217666641,0.000000000,-0.827440798,0.561553001,0.000000000,1125,1125,2
0.956600010,0.217599988,0.000000000,0.485949099,-0.873987138,0.000000000,1126,1126,2
0.957166672,0.220166489,0.000000000,-0.618235886,-0.785992622,0.000000000,1128,1128,2
0.967041790,0.218578890,0.000000000,0.007110048,-0.999974728,0.000000000,1129,1129,2
0.966582537,0.249167934,0.000000000,0.022649413,-0.999743462,0.000000000,1130,1130,2
0.958333313,0.220166489,0.000000000,-0.333430618,-0.942774653,0.000000000,1131,1131,2
0.976666689,0.220166504,0.000000000,0.324298799,-0.945954680,0.000000000,1132,1132,2
0.977422118,0.249177590,0.000000000,-0.325750589,-0.945455730,0.000000000,1133,1133,2
0.977148175,0.217592552,0.000000000,-0.294018507,-0.955799758,0.000000000,1134,1134,2
0.977499962,0.175166488,0.000000000,0.335666835,-0.941980779,0.000000000,1135,1135,2
0.977733314,0.220199794,0.000000000,0.573652208,-0.819098949,0.000000000,1136,1136,2
0.978055477,0.217666671,0.000000000,-0.619765282,-0.784787238,0.000000000,1137,1137,2
0.978833258,0.220166504,0.000000000,-0.871925473,0.489638716,0.000000000,1138,1138,2
0.979596615,0.216307044,0.000000000,-0.942589879,-0.333952636,0.000000000,1139,1139,2
0.979333401,0.249166504,0.000000000,-0.612764657,-0.790265501,0.000000000,1140,1140,2
0.979407430,0.175184995,0.000000000,0.577248752,-0.816568375,0.000000000,1141,1141,2
0.979833543,0.247833356,0.000000000,-0.872837365,-0.488011181,0.000000000,1142,1142,2
0.979835570,0.235417292,0.000000000,-0.997183144,-0.075005651,0.000000000,1143,1143,2
0.979833603,0.222000018,0.000000000,-0.972354889,0.233507991,0.000000000,1144,1144,2
0.979832053,0.196166664,0.000000000,-0.999999225,-0.001271655,0.000000000,1145,969,1
0.979833543,0.177666709,0.000000000,-0.948897362,0.315584987,0.000000000,1146,1146,2
0.979833543,0.176000014,0.000000000,-0.830196440,0.557470977,0.000000000,1147,1147,2
0.993833423,0.265499979,0.000000000,-0.340242684,-0.940337658,0.000000000,1148,1148,2
0.993833423,0.158499986,0.000000000,0.338228375,-0.941064060,0.000000000,1149,1149,2
0.995666623,0.265500009,0.000000000,-0.612855554,-0.790194988,0.000000000,1150,1150,2
0.995571434,0.158523872,0.000000000,0.544485927,-0.838770032,0.000000000,1151,1151,2
0.996177673,0.264088899,0.000000000,-0.882085979,-0.471088469,0.000000000,1152,1152,2
0.996157825,0.261245608,0.000000000,-0.977840006,-0.209353477,0.000000000,1153,1153,2
0.996168494,0.210667819,0.000000000,-0.999999225,-0.001271655,0.000000000,1155,969,1
0.996166587,0.160666689,0.000000000,-0.930578947,0.366091400,0.000000000,1156,1156,2
0.996199787,0.158866614,0.000000000,-0.770232081,0.637763798,0.000000000,1157,1157,2
