0.294288278,0.012432717,0.074064620,-0.998404086,-0.046976604,-0.031344559,0,56937,1
0.298267275,0.015370331,0.031978723,-0.966223061,-0.037490550,-0.254965633,2,54377,2
0.273633420,0.149179965,0.003692100,-0.006439755,-0.016421583,0.999844432,18,56932,1
0.253960103,0.018731961,0.224631175,0.059095461,-0.998123884,-0.016012747,68,56932,1
0.227436885,0.070665404,0.047461193,-0.995090187,-0.046158541,-0.087549835,182,56937,1
0.271950066,0.488363355,0.010474088,0.095050737,-0.007197813,0.995446444,350,56937,1
0.265242875,0.614945948,0.058962621,-0.995542705,-0.046242945,-0.082197092,372,56937,1
0.226161256,0.597170949,0.231297985,0.059217960,-0.998116672,-0.016011842,403,56932,1
0.242407337,0.596745908,0.032632865,0.032612529,-0.996664405,0.074809343,447,54395,2
0.250275820,0.456612647,0.017840618,0.392378002,0.007791564,0.919771016,464,56937,1
0.280914277,0.312589735,0.057497479,-0.995695412,-0.046272386,-0.080308951,555,56937,1
0.240212500,0.377235711,0.031157820,-0.969702542,-0.083233319,-0.229672104,635,56650,1
0.287738234,0.338583648,0.008248064,-0.109587923,-0.252952725,-0.961252034,682,682,2
0.259867102,0.329204291,0.028588975,0.046255335,-0.987022817,-0.153773844,685,56298,2
0.236816883,0.321804106,0.243830919,0.047392894,-0.998746634,-0.016098348,753,56932,1
0.294073343,0.165750176,0.007267864,-0.691048682,0.010430355,-0.722733021,807,56300,2
0.247061536,0.170618042,0.220938191,0.042619102,-0.998961151,-0.016132619,811,56932,1
0.288545638,0.160700426,0.056949057,-0.995835006,-0.046299789,-0.078542635,880,56937,1
0.205035672,0.451251119,0.292913467,0.998598039,0.052428514,0.007292777,1028,56932,1
0.205035672,0.451251119,0.292913467,-0.981362104,-0.048722859,0.185888723,1028,56937,1
0.214772627,0.347295523,0.068979099,-0.996985018,-0.046547879,-0.062081855,1202,56937,1
0.264627099,0.527348220,0.012385171,0.938191533,0.054569032,-0.341787815,1319,55665,2
0.220556855,0.459990263,0.110336274,-0.998842418,-0.047558285,-0.007214449,1382,56932,1
0.211991996,0.451297730,0.035944097,-0.976276577,-0.043802407,-0.212050691,1385,56937,1
0.207393289,0.409230590,0.080945030,0.935334206,0.348912954,0.058393534,1393,56658,1
0.207980007,0.411694407,0.083978362,-0.644942999,-0.763164997,-0.040345926,1430,56941,1
0.247344658,0.403654754,0.032041799,-0.390842855,-0.915515780,-0.095250934,1436,51980,2
0.238375723,0.395677358,0.025886580,-0.414886415,-0.909381926,0.029897176,1545,54428,2
0.233365461,0.384919882,0.099254593,0.999102056,0.041767374,0.007120923,1566,56932,1
0.273940951,0.389452904,0.028136460,-0.468295127,-0.882628739,-0.040818885,1602,54431,2
0.226616472,0.532730460,0.081205465,0.998965859,0.013406531,0.043445233,1679,57038,1
0.200971827,0.433977693,0.036185596,-0.062770396,0.020397810,-0.997819543,1737,1737,2
0.243814930,0.556626081,0.019724866,0.966230989,0.051410254,0.252496928,1808,56844,2
0.257483363,0.532069385,0.034227811,0.555896938,-0.830646157,0.031711258,1841,55677,2
0.236978471,0.523879588,0.024016235,0.881485820,0.061213911,-0.468226105,1936,47116,2
0.219453827,0.519956291,0.033148453,-0.929826260,0.294608295,0.220520020,1962,54442,2
0.234115049,0.517038047,0.050768968,0.128823534,-0.588214040,-0.798378825,2079,2079,2
0.210050717,0.592912674,0.039089669,-0.587891757,-0.806127191,-0.067395926,2173,55680,2
0.205042377,0.572078884,0.042284861,-0.855645061,-0.036587909,-0.516268253,2243,52014,2
0.204800218,0.509760082,0.049069662,0.937659264,-0.325782537,0.121082194,2371,55682,2
0.211349010,0.501712382,0.051305763,0.573695123,-0.819018245,0.009111394,2412,55683,2
0.193228051,0.497289747,0.092338942,-0.676929712,0.735657752,-0.023955898,2429,56949,1
0.180193037,0.458404809,0.076176137,-0.998393595,-0.046972103,-0.031684682,2464,56937,1
0.200071990,0.480801970,0.036844902,0.001147266,0.018456640,-0.999829054,2478,2478,2
0.267600179,0.846550047,0.008360133,0.013113650,0.002310961,-0.999911368,2523,2523,2
0.276096195,0.818851233,0.008634463,-0.022524882,0.000050949,-0.999746323,2528,2528,2
0.233415186,0.714072287,0.008660160,0.005913671,0.001092595,0.999981999,2529,56847,2
0.257066220,0.636750698,0.045338925,0.073278502,-0.996309578,0.044694290,2530,56944,2
0.230533153,0.685930490,0.040941466,0.997039080,0.076512560,0.007678296,2550,56932,1
0.193963364,0.696389318,0.060877331,-0.995410442,-0.046217855,-0.083797574,2829,56937,1
0.209664419,0.681916356,0.008493545,-0.491111815,0.141912371,0.859459162,2905,2905,2
0.212554693,0.669582188,0.039315857,0.069607534,-0.997574270,0.000683420,2912,56322,2
0.257472634,0.765261769,0.060367331,-0.995576203,-0.046249356,-0.081787422,2936,56937,1
0.218214452,0.747730315,0.234126836,0.045671493,-0.998826623,-0.016110750,2973,56932,1
0.206313893,0.840069890,0.007387848,-0.010090293,-0.015684322,-0.999826133,3020,56669,2
0.249594614,0.809973955,0.008476539,0.041969631,0.006994067,-0.999094427,3029,47204,2
0.194769040,0.745055318,0.042295158,-0.694912016,-0.718587041,0.027019734,3090,55695,2
0.259514719,0.950991452,0.007941771,-0.014558725,0.002120547,-0.999891818,3245,3245,2
0.250058085,0.917618692,0.057117768,-0.995527864,-0.046240117,-0.082377873,3247,56937,1
0.226144806,0.899099708,0.028371705,-0.048779167,0.997711003,-0.046833701,3263,56671,2
0.264054775,0.888692379,0.008192089,-0.004404878,0.002965752,-0.999985874,3321,3321,2
0.246898592,0.867596149,0.023522237,0.840379000,-0.541929424,-0.008698938,3341,56328,2
0.221390799,0.971841037,0.007294875,0.017213078,0.025219571,0.999533713,3374,47238,2
0.231749862,0.955726266,0.007462597,0.014194095,-0.053451777,-0.998469591,3375,3375,2
0.203657180,0.973435700,0.014830849,-0.986984253,-0.021782601,-0.159335032,3379,52063,2
0.205225319,0.985679388,0.009960647,0.438060135,0.066319041,0.896496058,3413,52064,2
0.193418831,0.995694220,0.015027572,0.728218675,0.681856930,0.069055647,3435,47241,2
0.183270067,0.985226512,0.030078599,-0.997350693,-0.037558138,-0.062297199,3482,54472,2
0.178310350,0.981824100,0.076879971,-0.998729408,-0.047564127,-0.016652383,3530,55700,2
0.192098245,0.988371730,0.016406620,-0.966757715,-0.251941681,-0.043644965,3550,3550,2
0.199714154,0.897056878,0.043581787,-0.085384376,-0.845241845,0.527518570,3595,52068,2
0.193344787,0.894606054,0.041573793,0.013900545,-0.977325737,0.211284518,3661,54475,2
0.189614311,0.886300683,0.041065782,-0.342869043,-0.006647023,-0.939359725,3696,47259,2
0.185243309,0.895125210,0.087023377,0.668355763,-0.743656158,-0.016616542,3717,55701,2
0.209292710,0.899263322,0.245868444,0.049456757,-0.998646796,-0.016083417,3778,56932,1
0.208836153,0.660934031,0.008269458,0.040066946,-0.041525040,-0.998333812,3812,3812,2
0.207480520,0.647001863,0.009775870,-0.997254074,-0.058396611,0.045542829,3833,3833,2
0.200414330,0.666661918,0.027144462,0.887739062,-0.460286260,0.007477811,3870,55705,2
0.284443408,0.013425699,0.235550284,-0.735263228,-0.677595973,-0.015864627,3935,56932,1
0.291861326,0.012210625,0.118084788,-0.748369873,-0.028082451,-0.662686944,3937,54483,2
0.288870126,0.004417728,0.202927873,0.844146073,-0.536102772,-0.003368129,3994,56932,1
0.288164049,0.020003147,0.118359208,-0.005541624,-0.728288591,-0.685248196,4098,52091,2
0.277904510,0.009693974,0.374414414,0.571414590,0.536774755,0.620772302,4260,54493,2
0.268400103,0.010616530,0.428796232,-0.996403575,-0.084374517,-0.007803417,4361,56932,1
0.224608377,0.074273892,0.548249066,-0.992427230,-0.048389334,0.112901449,4421,56937,1
0.227454975,0.075783528,0.530984461,-0.234354421,-0.022541506,0.971889853,4424,56937,1
0.226316258,0.068469837,0.537668884,0.897667944,0.031980474,0.439510584,4425,55716,2
0.217167869,0.080424212,0.104590558,-0.625026584,-0.020308301,-0.780339301,4438,56339,2
0.220233619,0.042947486,0.152347296,-0.437761456,-0.898919225,-0.017583532,4448,56932,1
0.207931668,0.079890870,0.173697099,0.998761773,0.049219020,0.007241117,4729,56932,1
0.203518659,0.048975140,0.159978554,-0.527361989,0.849563003,0.011493975,4875,55725,2
0.205955714,0.048239831,0.117541246,0.039448205,-0.998275936,-0.043462452,4890,52145,2
0.217519268,0.045389868,0.213573024,-0.301022083,-0.933758140,0.193601593,4957,55727,2
0.212077022,0.098236583,0.237936497,-0.567978024,0.676461220,0.468829632,5296,56347,2
0.212991118,0.083396271,0.253196836,0.550257623,-0.434981912,-0.712746263,5359,54537,2
0.216079846,0.068500772,0.251207918,0.420016736,0.569338083,-0.706710756,5444,56348,2
0.216874719,0.054658972,0.235197604,0.425990820,0.774774313,-0.467179418,5572,56349,2
0.218700066,0.046656404,0.370333672,-0.427701831,-0.903748572,-0.017598059,5653,56932,1
0.222070992,0.074679561,0.295588821,0.635333896,0.011072468,0.772158265,5666,55739,2
0.211821660,0.077469721,0.378949225,0.999368906,0.034823339,0.007008592,5814,56932,1
0.214708790,0.105849877,0.387215793,-0.583013773,0.812239826,0.019012041,6097,56354,2
0.263049662,0.005937371,0.493289828,0.042458516,-0.952688813,-0.300967425,6189,54558,2
0.216213763,0.050332405,0.449664503,-0.650710404,-0.733118355,0.197771341,6209,56355,2
0.147807896,0.024013689,0.443526059,-0.320001781,-0.920423925,0.224541128,6483,47590,2
0.162661090,0.027284881,0.442227125,-0.661761284,-0.744135439,0.091293350,6487,47591,2
0.188921422,0.049129859,0.455839753,0.498621732,0.663451135,-0.557861090,6488,55753,2
0.217237949,0.063580915,0.471368968,-0.614131153,-0.553159416,0.562901020,6507,56358,2
0.238343537,0.012748155,0.502177060,-0.757943153,-0.150008887,-0.634838223,6556,55755,2
0.213402584,0.097449370,0.453962743,-0.738493741,0.618440628,0.268622845,6640,54573,2
0.185078457,0.079941846,0.468864679,-0.600483596,0.429366708,0.674584150,6661,47607,2
0.217660293,0.086406127,0.473069161,-0.541134477,0.546570539,0.639088571,6665,55756,2
0.184450075,0.069739714,0.469081402,0.462706029,0.494392574,-0.735852718,6729,47617,2
0.198197141,0.069155075,0.472508401,-0.067197137,0.387486756,-0.919422925,6784,6784,2
0.141579270,0.056391414,0.481600374,0.406260312,0.773518443,-0.486437798,6992,52272,2
0.268727779,0.005703168,0.510454655,0.434376597,0.576795638,-0.691826403,7044,7044,2
0.202264592,0.069327250,0.562232912,-0.996639788,-0.046468355,-0.067452759,7057,56937,1
0.235363498,0.008263520,0.531719863,-0.647569358,-0.755868733,-0.096521698,7196,56687,2
0.232980058,0.008946314,0.593577266,0.889446259,0.425730854,-0.166248679,7537,54592,2
0.231529027,0.006846668,0.608627558,-0.085147448,-0.960903347,-0.263466775,7577,55764,2
0.180211902,0.071643956,0.629796445,-0.942403138,-0.040785845,-0.331983298,7611,56937,1
0.196225792,0.082210660,0.592802346,-0.132470712,-0.980321884,0.146357864,7643,52303,2
0.198803738,0.078758925,0.609842241,-0.481119484,-0.716576040,-0.505017817,7677,54596,2
0.197226524,0.078656346,0.590214074,0.919533253,-0.387983084,0.062672585,7713,47716,2
0.199002713,0.073528953,0.600537479,0.350383431,0.037313495,-0.935862780,7716,55766,2
0.197049722,0.066256560,0.592505991,-0.929843068,-0.360933900,-0.071544990,7757,55767,2
0.202603653,0.070692115,0.606389999,0.864557326,-0.316170007,0.390611291,7776,54599,2
0.229170099,0.007493102,0.661060870,-0.812483370,-0.579615653,0.062581964,7948,7948,2
0.230022833,0.006999003,0.621110260,0.405257910,0.200034067,-0.892049551,7957,7957,2
0.229913712,0.006694470,0.631269991,0.834479153,0.507036805,-0.215773508,7961,7961,2
0.229762316,0.006051469,0.640836656,0.848125577,0.474107444,-0.236442789,7963,7963,2
0.195264131,0.072218940,0.630167544,-0.099268869,-0.133605912,0.986050308,7989,7989,2
0.155736789,0.069148049,0.720183551,0.821163774,-0.186278626,-0.539435148,8029,8029,2
0.130311430,0.042328790,0.636085570,-0.982069790,-0.145344734,-0.120057546,8046,52314,2
0.118558928,0.038679834,0.636898458,0.040779401,-0.850878716,0.523777187,8048,8048,2
0.263180077,0.615438581,0.118219644,0.846342027,0.053951681,-0.529900432,8086,52318,2
0.261697531,0.614877045,0.124795295,-0.746279597,-0.030476496,-0.664934576,8089,55769,2
0.253076434,0.618889570,0.242201820,0.756665111,0.653616309,0.015608537,8094,56932,1
0.253423333,0.605067968,0.246830314,0.810118675,-0.586249352,-0.004410906,8128,56932,1
0.278645188,0.312644422,0.113300331,0.881588340,0.059243407,-0.468286574,8273,55774,2
0.278513700,0.312872678,0.118431509,0.880910039,0.056215242,0.469933420,8285,54611,2
0.269297779,0.316314042,0.239213333,0.764946997,0.643906713,0.015502406,8297,56932,1
0.269074678,0.302384049,0.251175076,0.814193726,-0.580577433,-0.004291504,8344,56932,1
0.213392735,0.232621551,0.104296319,0.610218167,0.016578298,0.792060018,8486,54619,2
0.204031512,0.199753255,0.161780447,-0.706379235,-0.707648814,-0.016172184,8515,56932,1
0.276567310,0.164764762,0.243484303,0.745166957,0.666691959,0.015749237,8592,56932,1
0.285065114,0.158993244,0.119804226,-0.806766391,-0.027301386,-0.590239465,8641,55785,2
0.286938071,0.159859791,0.112987727,-0.852496386,-0.061457098,0.519107819,8655,54625,2
0.277042627,0.150638357,0.236520097,0.809428334,-0.587201893,-0.004430997,8717,56932,1
0.221382678,0.120115466,0.163468301,0.562522769,-0.826763272,-0.005540858,8828,54629,2
0.200844482,0.232230693,0.176168770,0.999036133,0.043309841,0.007145832,8830,56932,1
0.190827236,0.197678804,0.176031247,-0.328986913,0.944329381,0.003118475,8906,8906,2
0.212529808,0.195044234,0.163969666,0.381054670,0.924384296,0.017636452,8949,56932,1
0.205526784,0.265718937,0.158584952,-0.579509020,0.814908743,0.009651652,9080,56932,1
0.268964410,0.317100614,0.290351480,0.609456718,0.616833568,-0.498075217,9450,52411,2
0.210358068,0.201874882,0.229825124,-0.445590019,-0.818883240,0.361773074,9581,56703,2
0.209487572,0.218472093,0.252463937,-0.438710064,-0.608257651,0.661480248,9667,55805,2
0.206618682,0.259538680,0.228154272,-0.536929011,0.776319921,0.330203831,9864,55808,2
0.208456933,0.240592301,0.253991961,0.513108611,-0.496284068,-0.700301111,10030,56386,2
0.219885617,0.405384988,0.159647137,0.907876015,0.396152884,-0.137201071,10335,56389,2
0.219831347,0.401676774,0.134193957,0.865519285,0.498871922,0.044758540,10367,54694,2
0.225450829,0.381780326,0.189935252,0.884948552,-0.465571612,-0.010451088,10434,56391,2
0.227876380,0.398064226,0.170322999,-0.950791180,-0.189587310,-0.245056897,10450,54698,2
0.225463286,0.404339135,0.176367104,-0.487795234,-0.747278750,0.451254129,10508,55822,2
0.207190484,0.397229135,0.311871827,-0.566926181,-0.823589504,-0.017178226,10515,56932,1
0.225811526,0.378504544,0.167005256,0.721409976,-0.692033827,0.025629662,10549,55824,2
0.230828032,0.376949042,0.136804044,0.547115684,-0.811925769,0.203570500,10602,52508,2
0.190963119,0.458957553,0.123540953,-0.468418896,-0.026295707,0.883115172,10656,55825,2
0.185729250,0.460451275,0.129917607,0.603824377,0.016233917,0.796952069,10658,54706,2
0.181518823,0.461771905,0.152168065,0.871391475,0.485755652,0.068690546,10660,56393,2
0.193835303,0.426431239,0.151132300,0.607987285,0.730984926,-0.309858859,10690,56710,2
0.214850157,0.516826332,0.139991641,0.953384399,-0.300520390,-0.027307380,10778,55827,2
0.211236566,0.515857279,0.096831709,-0.617320001,0.786661327,0.008944183,10784,56932,1
0.203016281,0.591878712,0.136273190,0.590816319,-0.806750834,-0.009444928,10812,56932,1
0.216955915,0.538286984,0.197429880,-0.709858000,-0.702720463,-0.047808252,11161,56242,1
0.201777980,0.516766906,0.313031286,0.636552274,-0.771186054,-0.008566231,11167,56932,1
0.214376748,0.504794478,0.172344655,0.962091982,-0.228907868,-0.148257270,11286,56716,2
0.191278756,0.491219550,0.150434509,0.669625878,-0.688135505,-0.279411525,11738,56406,2
0.189415723,0.478507042,0.165853649,0.675283432,-0.527048528,-0.515957594,11808,56717,2
0.184949428,0.478657156,0.136746719,-0.956786156,0.268418759,-0.111855708,11830,56718,2
0.186757416,0.484754443,0.114435077,0.744118154,-0.477917850,-0.466779083,11867,54747,2
0.182891101,0.478655040,0.140865922,-0.948004067,-0.286030769,0.139552057,11925,55844,2
0.182488829,0.461838990,0.136135250,-0.888733566,-0.041627958,0.456530184,12045,54753,2
0.192502111,0.425709069,0.111843273,-0.842633784,-0.526005507,0.115267657,12159,55847,2
0.182006270,0.454511225,0.152313694,0.822752059,-0.567907035,0.023679134,12396,55849,2
0.181393251,0.448587000,0.144629046,-0.959387600,-0.282046854,-0.005013912,12427,55850,2
0.183349863,0.439953029,0.144471779,-0.959533751,0.278349638,0.042621076,12437,55851,2
0.194388077,0.442137331,0.174044698,-0.683557451,-0.479914010,0.549937963,12466,56719,2
0.190269858,0.432303488,0.116016783,0.689063370,0.547604024,-0.474680454,12528,52635,2
0.192281321,0.423186064,0.128462747,-0.771033466,-0.580158353,-0.262533367,12635,54768,2
0.218622595,0.424469233,0.186839566,0.905519307,0.311789483,-0.287788212,12807,56876,2
0.223201916,0.381292701,0.251816899,0.945893228,-0.299761355,0.124214314,13039,56412,2
0.216198489,0.481425166,0.198540136,0.950278103,-0.132315844,-0.281893790,13074,56877,2
0.216728419,0.452838808,0.202360302,-0.951869547,-0.097852163,0.290464044,13085,56722,2
0.197144628,0.467845708,0.181438774,-0.432768315,0.404090226,0.805867672,13156,54784,2
0.192803681,0.457712084,0.179282233,0.643810689,0.057879612,-0.762992680,13224,55862,2
0.220797196,0.421245664,0.207630530,-0.284297764,0.437522441,0.853082061,13736,48524,2
0.200821847,0.456353962,0.245838344,-0.721054494,-0.026051357,-0.692388475,13820,56937,1
0.220335037,0.465124398,0.255950332,0.665949583,0.742469907,-0.072454989,13986,54810,2
0.192947492,0.455477953,0.365924805,0.998783708,0.048773218,0.007233938,13993,56932,1
0.218996465,0.458048254,0.267973125,-0.130133748,-0.018859610,0.991317093,14082,55875,2
0.220334783,0.452356994,0.254116297,-0.700943708,0.523947656,0.483897537,14194,55877,2
0.218554616,0.527040660,0.177324429,-0.283982545,-0.957333744,-0.053537082,14657,52756,2
0.199764028,0.592331231,0.209101066,0.677859545,-0.733898282,-0.043585952,14744,56949,1
0.200365901,0.593738854,0.190646052,0.852945328,0.508951485,0.115985818,14758,54827,2
0.214430183,0.532170534,0.259725273,0.860281467,-0.491651207,0.134888485,15383,56429,2
0.207766116,0.390087575,0.204595909,-0.162384674,-0.986573935,-0.017410319,15948,55902,2
0.215651169,0.373941153,0.189073443,-0.135995477,0.990706623,0.002375296,15977,15977,2
0.214795858,0.373531997,0.166430756,0.254159480,0.906787276,-0.336362600,15986,15986,2
0.247515857,0.611508310,0.383993626,-0.663121462,-0.474348575,-0.579019427,16518,54878,2
0.250180990,0.603914082,0.375126243,-0.711270750,0.595314622,-0.373757243,16554,54879,2
0.239580303,0.609513164,0.438209474,-0.999103487,-0.041732077,-0.007120440,16574,56932,1
0.239961997,0.603085637,0.495136648,0.939585149,0.312821597,-0.139005259,16626,55909,2
0.263094395,0.312867045,0.378926218,-0.596879721,-0.530754149,-0.601693213,16777,52882,2
0.255124688,0.307049572,0.438322157,-0.998515368,-0.053977739,-0.007317776,16782,56932,1
0.262858748,0.303652376,0.379426956,0.717980683,-0.440465599,0.538974822,16794,55914,2
0.262034893,0.292639375,0.291603476,-0.079112895,0.409444153,0.908898652,16873,48877,2
0.251864552,0.323404372,0.369692743,-0.044408828,-0.867840469,0.494854391,16875,55915,2
0.215777650,0.230417281,0.296339691,0.701564550,0.024894595,0.712170959,17157,56937,1
0.205049545,0.227999404,0.382714719,-0.998953581,-0.045169655,-0.007175934,17166,56932,1
0.211340204,0.199081063,0.369461447,0.478513360,0.877905846,0.017500790,17211,56932,1
0.262722999,0.154959947,0.436551392,-0.997929811,-0.063876458,-0.007476583,17324,56932,1
0.271564662,0.161074787,0.376480103,-0.543215811,-0.604127824,-0.583048999,17333,54907,2
0.274350166,0.153353944,0.374271512,-0.719170451,0.475475580,-0.506672323,17371,55924,2
0.208063051,0.259058505,0.371436983,-0.636740685,0.771030486,0.008562375,17595,56932,1
0.213530153,0.328358352,0.291826993,0.797109008,-0.026912399,-0.603235424,17621,52933,2
0.254835278,0.291996866,0.368195862,0.065472610,-0.821833789,-0.565952897,17789,17789,2
0.231132239,0.163957506,0.505289614,-0.771832645,-0.190055951,-0.606756270,18119,54930,2
0.211579114,0.219922498,0.476624846,-0.524512231,-0.532580495,0.664262712,18192,55938,2
0.185776055,0.222399980,0.475204438,0.157029316,-0.393175542,0.905955255,18245,49049,2
0.179726690,0.208670214,0.463775635,-0.638693452,-0.510252714,0.575945258,18258,49053,2
0.190626755,0.205950379,0.464375943,-0.073501639,0.527706444,-0.846240819,18295,18295,2
0.212598890,0.204620451,0.458993971,-0.482596427,-0.766276240,0.424171507,18303,55941,2
0.223067537,0.317929626,0.507980943,-0.728886247,-0.295171916,-0.617736518,18505,55944,2
0.208975986,0.251696438,0.457587123,-0.647901297,0.676917732,0.349294066,18519,55945,2
0.209825814,0.239542425,0.473819911,-0.650694847,0.495510489,0.575383067,18564,55946,2
0.221389338,0.383592516,0.279990584,-0.539856076,-0.150365859,0.828218281,18696,54950,2
0.220456704,0.381955415,0.289283425,-0.989131331,-0.058941163,-0.134704158,18706,18706,2
0.217209429,0.457974166,0.278590083,-0.885376751,0.464851469,-0.004605908,18780,49113,2
0.199852526,0.590983927,0.393070161,0.734748185,0.678154349,0.015870390,19050,56932,1
0.193569079,0.489307553,0.287839413,-0.584078908,-0.811319828,-0.024740418,19278,49156,2
0.199967742,0.586816430,0.445734352,0.485755622,-0.874022603,-0.011226476,19477,56932,1
0.209398553,0.378450215,0.296221018,-0.772054911,-0.066114478,-0.632107615,19616,53039,2
0.209398627,0.423528016,0.514129758,-0.592248082,-0.637236297,0.493124902,19922,56464,2
0.205271989,0.404957473,0.481198609,-0.631184459,-0.704672277,0.324103653,19927,56465,2
0.215970039,0.402648091,0.499779493,-0.998936713,0.014641792,-0.043716997,19930,54975,2
0.209676459,0.392289579,0.493934602,-0.521794140,0.334391505,0.784801424,19950,53055,2
0.216332018,0.389979988,0.474749446,-0.990749359,0.135631427,-0.004458338,19955,53056,2
0.205333039,0.526184916,0.438749671,-0.590492725,-0.804072857,0.069174848,20439,56475,2
0.204835594,0.521591306,0.433311284,-0.643894672,-0.211265922,0.735368252,20453,55001,2
0.214769080,0.593372107,0.504686654,-0.727559745,0.010474388,-0.685964465,20651,55004,2
0.202853590,0.531251907,0.459718585,0.351442695,0.683412671,-0.639871240,20806,55008,2
0.210359633,0.510533214,0.489217401,-0.996176064,-0.085988216,-0.015469770,20818,56751,2
0.204672590,0.517138302,0.496012628,0.273247987,0.768554747,-0.578497410,20988,49350,2
0.198074311,0.505910635,0.469428927,0.884580374,-0.382243216,-0.267222255,21057,55976,2
0.200540707,0.503204167,0.484652817,0.644583642,-0.682643235,-0.344253033,21069,55015,2
0.201143861,0.494036794,0.497619838,0.772272289,-0.445629716,-0.452780038,21109,56480,2
0.198898613,0.475370020,0.510383725,-0.729555368,0.348842382,0.588266909,21196,56482,2
0.212138876,0.388216257,0.432754755,-0.490987509,0.127926007,0.861722827,21511,55031,2
0.213978022,0.385126948,0.436513722,-0.256401032,0.939085066,0.228861913,21544,53167,2
0.201462552,0.403142631,0.463812530,0.724262774,0.666429341,-0.176961556,21647,56484,2
0.216354027,0.387564868,0.450592130,-0.921832561,0.387544960,0.005801015,21792,53177,2
0.196527526,0.420847565,0.489445835,-0.841062188,-0.505311072,0.193067670,21965,56485,2
0.215044841,0.671877921,0.069415480,0.045791123,-0.737527072,0.673763394,22252,53200,2
0.255204141,0.764705896,0.118950985,0.868219972,0.057600081,-0.492824942,22328,55049,2
0.193183511,0.744711161,0.170880690,0.676376581,-0.736515343,-0.007740296,22336,56932,1
0.180226147,0.838060081,0.111135535,-0.591902614,-0.022820126,-0.805686414,22573,56489,2
0.254028291,0.764205873,0.125746280,-0.698960483,-0.000427056,-0.715160251,22612,55994,2
0.245339617,0.769277632,0.250125915,0.751311362,0.659761786,0.015674992,22623,56932,1
0.245416120,0.755287170,0.247255132,0.796427190,-0.604715407,-0.004802377,22666,56932,1
0.185047939,0.721814811,0.168204427,0.471839905,-0.881610096,-0.011440722,23042,56932,1
0.185671955,0.684755385,0.111399658,0.596956193,0.024539523,0.801898479,23074,56495,2
0.168001309,0.832759976,0.182256594,0.997997224,0.062816627,0.007459523,23086,56932,1
0.180620342,0.799872041,0.209134132,0.490539819,0.869508445,-0.057669811,23408,56009,2
0.181921437,0.710055768,0.238577247,-0.480131805,0.750228524,0.454566509,23605,56760,2
0.180273890,0.822806418,0.259260446,-0.349271715,-0.644399822,0.680263281,23623,55086,2
0.173336610,0.812020361,0.238835871,0.556835234,0.748308718,-0.360511541,23675,56015,2
0.245506510,0.918322325,0.127759472,-0.754552782,-0.027653025,-0.655656517,23823,55093,2
0.247497246,0.916704834,0.120868921,0.847957432,0.049115982,-0.527783871,23824,55094,2
0.237120390,0.920990944,0.252087772,0.749715090,0.661574602,0.015694480,23833,56932,1
0.237904787,0.907118261,0.249198839,0.808321655,-0.588724256,-0.004463130,23860,56932,1
0.174963117,0.872619748,0.164071709,0.519411623,-0.854457319,-0.010688365,24364,56932,1
0.159654230,0.866787791,0.169051498,-0.066557392,-0.997536600,-0.022157144,24474,56510,2
0.166397691,0.855986774,0.163345069,0.878743827,0.477230608,0.007763521,24517,56511,2
0.172869384,0.981382191,0.112714194,0.642764270,0.019794915,0.765808225,24699,55117,2
0.160951599,0.979387641,0.185265899,0.998068213,0.061680466,0.007441320,24731,56932,1
0.173541725,0.866355002,0.228644371,-0.541002929,0.785902917,0.299453586,24938,56516,2
0.182730526,0.875441730,0.370456725,-0.999675333,0.024757000,-0.006032097,25236,56932,1
0.174857616,0.849490762,0.255333930,-0.462404519,0.607072294,0.646254897,25270,56037,2
0.164769322,0.846375823,0.251765698,-0.047233026,0.709869862,0.702747345,25379,55138,2
0.176822960,0.966885149,0.279323369,0.997976661,0.063420460,-0.004524261,25670,56041,2
0.163955837,0.974416435,0.254719883,0.527283072,0.622103453,-0.578757286,25674,55145,2
0.184490576,0.650362790,0.160647959,-0.503363252,-0.863899112,-0.017430883,25939,56932,1
0.176193684,0.684340596,0.179707438,0.998939216,0.045485802,0.007180946,26063,56932,1
0.171656623,0.714013040,0.172306120,0.227142990,0.973776758,0.012845150,26267,56525,2
0.182810798,0.654957891,0.227522746,-0.528692245,-0.810177922,0.253172457,26308,56526,2
0.184825897,0.662833989,0.245941654,-0.435046554,-0.764564753,0.475578845,26500,56057,2
0.184739888,0.693405628,0.259766877,-0.430127561,0.523180664,0.735712171,26588,56058,2
0.165843263,0.703127146,0.242674321,-0.197636157,0.754599571,0.625715256,26613,26613,2
0.171553612,0.688213825,0.255161196,-0.474520832,-0.649247468,-0.594396949,26691,50033,2
0.187047943,0.674911678,0.260274142,-0.425081044,-0.572438300,0.701156616,26697,56060,2
0.185814813,0.710496545,0.374527693,0.580386579,-0.814284146,-0.009635829,27027,56932,1
0.192147344,0.742159545,0.397182435,0.643254459,-0.765606105,-0.008431420,27246,56932,1
0.189675927,0.672835886,0.303864002,0.641667664,0.025317227,0.766564846,27474,56776,2
0.182812944,0.831539571,0.303938448,0.682817996,0.028740888,0.730023026,27478,56070,2
0.172391862,0.829991698,0.387286931,0.997855067,0.065031990,0.007494992,27493,56932,1
0.231159210,0.759427309,0.443304062,-0.999212861,-0.039034046,-0.007076832,27593,56932,1
0.246560737,0.760706663,0.366970628,-0.080951400,-0.992294669,-0.093798824,27610,55213,2
0.238991290,0.755471051,0.385854244,0.624207735,-0.516148269,0.586477458,27645,53523,2
0.190885201,0.742279351,0.367636770,0.615557790,-0.365815789,0.698045492,27824,50170,2
0.180597514,0.805113375,0.461134791,-0.507722378,-0.793985844,0.334371656,28211,56077,2
0.204053015,0.746173143,0.508344471,-0.724382639,0.041807286,-0.688129425,28267,55228,2
0.174464092,0.826932311,0.468876004,-0.952953458,0.269295573,0.139138728,28441,56081,2
0.177382320,0.819160938,0.476236433,-0.629198134,-0.503336012,0.592252135,28461,56083,2
0.229312673,0.906400144,0.389093131,0.617629647,-0.530988276,0.580159605,28800,56543,2
0.185228854,0.862504303,0.297519445,0.811773777,0.042996742,-0.582387030,29006,55249,2
0.176073492,0.861830056,0.376975209,0.625526190,-0.780153692,-0.008784533,29017,56932,1
0.221671551,0.910678267,0.445568860,-0.999307692,-0.036532722,-0.007036360,29157,56932,1
0.181732625,0.888452649,0.453932136,0.467514694,-0.883910418,-0.011506361,29241,56932,1
0.170389414,0.969731033,0.309218258,0.564682961,0.029446945,0.824782431,29354,50333,2
0.164190650,0.966448188,0.387972534,0.999960482,0.006028857,0.006539478,29361,56932,1
0.105491810,0.877973974,0.449840009,0.442575276,-0.875579476,-0.193617612,29741,53631,2
0.213797390,0.906805038,0.507710338,-0.014413351,0.918635190,-0.394843876,29747,53632,2
0.198582321,0.899295449,0.506536663,-0.670082808,0.030295407,-0.741667867,29813,55270,2
0.188020170,0.900778174,0.560259163,-0.731338024,0.680393040,-0.047010448,29825,56791,1
0.176237851,0.857124686,0.457520396,-0.581784844,0.749678969,0.315448701,29882,55272,2
0.175265506,0.950441837,0.524177015,-0.992349029,-0.123177148,-0.008414600,29886,56932,1
0.167247683,0.961809337,0.467913300,-0.535943151,-0.755864859,0.376076221,29893,55274,2
0.176753566,0.843300939,0.475989580,-0.612797081,0.495443523,0.615642369,29903,56099,2
0.147501037,0.853959560,0.467455357,-0.590303302,0.530501902,0.608366549,29951,55277,2
0.117333248,0.864586949,0.470554292,0.048310500,-0.733344913,-0.678138137,29986,29986,2
0.119969957,0.875113606,0.448758543,0.684383571,-0.717198670,-0.131321043,30077,30077,2
0.196397200,0.661376953,0.295638442,0.745027065,0.086968824,-0.661340415,30166,55282,2
0.187499687,0.649444222,0.367501646,-0.528579772,-0.848706484,-0.017343771,30173,56932,1
0.181104854,0.679374576,0.384624481,0.998179257,0.059860595,0.007412145,30268,56932,1
0.181761011,0.684030592,0.392318547,-0.974227786,0.223733559,0.028696606,30485,50464,2
0.185200244,0.705023289,0.456292838,-0.603777587,0.736306429,0.305459648,30566,56108,2
0.184103504,0.653427839,0.441919416,-0.815032184,-0.432934463,0.385084778,30635,53684,2
0.188987881,0.653276980,0.460770667,0.483236134,0.788716555,-0.380011976,30655,56110,2
0.185675249,0.688890874,0.476608753,-0.640892267,0.438802212,0.629848957,30709,56111,2
0.156347960,0.693071127,0.472658247,-0.557566583,0.440179288,0.703819454,30779,55301,2
0.186972082,0.667846262,0.477245241,-0.616916478,-0.514051855,0.595957041,30856,56114,2
0.156397805,0.669855297,0.476743639,0.171084464,0.486932367,-0.856520355,30871,53705,2
0.121322460,0.715159357,0.458746046,0.649784803,-0.722865820,-0.235041946,30998,30998,2
0.124565385,0.705415905,0.476276517,0.055592317,-0.895786047,-0.440995246,31017,31017,2
0.108247064,0.683861971,0.495672077,-0.077081494,0.640989482,0.763669372,31035,31035,2
0.096379727,0.678179741,0.495611399,0.663739502,-0.643162429,-0.381827205,31036,31036,2
0.106757000,0.844807744,0.491360724,-0.269687414,0.734511912,0.622704625,31044,55308,2
0.093882896,0.866402447,0.472288251,0.373128265,-0.903507769,-0.210829630,31053,31053,2
0.098070644,0.837934971,0.497063100,-0.282889068,0.586501241,0.758940160,31055,31055,2
0.218712300,0.224378601,0.548276246,-0.990090609,-0.045388285,-0.132893130,31117,56937,1
0.230083585,0.158148021,0.543844521,-0.676194847,-0.732358277,-0.080074444,31118,56791,1
0.219299391,0.226211965,0.532753646,-0.161857843,-0.019276930,0.986625791,31123,56937,1
0.217693284,0.230617449,0.552681684,-0.991835415,-0.048420925,0.117974527,31125,56937,1
0.232871309,0.148021802,0.548683941,-0.747304559,0.663083196,-0.043089405,31279,56563,2
0.194522664,0.223666906,0.564740360,-0.994276643,-0.046015684,-0.096418634,31574,56937,1
0.203202724,0.160423845,0.568248093,-0.314955860,0.147806153,0.937526703,31618,31618,2
0.229876637,0.156945139,0.605139971,0.372948170,0.863436639,0.339686424,31657,53749,2
0.229685917,0.157411441,0.598934591,-0.651741743,-0.714506209,0.254388660,31671,55326,2
0.228941932,0.143486679,0.587993801,0.890706778,-0.453389585,-0.032854948,31725,56125,2
0.237408549,0.151890978,0.591998219,0.193927512,0.979163110,-0.060264494,31727,55328,2
0.192566320,0.223263383,0.603077054,0.299143612,-0.084572136,-0.950452924,31851,56126,2
0.188991219,0.218827903,0.595457792,0.864207327,0.487976611,0.122574709,31863,53761,2
0.171589449,0.223993689,0.632945597,-0.945322037,-0.041023444,-0.323547989,31875,56937,1
0.221454024,0.295738429,0.551076651,-0.798496008,0.599343896,-0.056489184,32024,56794,1
0.213695318,0.286931783,0.526516795,0.334118158,0.941306353,0.048035454,32083,53771,2
0.211689562,0.369790852,0.533315480,-0.617524207,-0.038521316,0.785608053,32200,56937,1
0.205506876,0.477509767,0.551567376,-0.996198833,-0.048094615,0.072628014,32202,56937,1
0.222995013,0.309652537,0.551216662,-0.637618542,-0.767318249,-0.068303093,32299,56571,1
0.212155133,0.380075127,0.567377150,0.818521738,0.045548961,-0.572667062,32539,56937,1
0.181810006,0.385742456,0.673531294,-0.736627877,-0.612072647,0.287656993,32553,57082,1
0.183524176,0.385208786,0.680000424,-0.994922161,-0.100324877,-0.008055845,32554,56932,1
0.182915002,0.386715561,0.568418145,0.902891159,0.037780773,0.428205848,32563,56937,1
0.190417066,0.320290565,0.565484583,0.999938071,0.003745949,-0.010487172,32658,56144,2
0.218852356,0.309311301,0.614802361,0.851799667,0.517459333,0.081690356,32741,56576,2
0.224242434,0.303875148,0.612205505,0.959628940,-0.051623128,0.276491344,32801,56145,2
0.190001085,0.233165994,0.607862651,-0.547365785,-0.666748047,-0.505804062,32950,55361,2
0.193272918,0.227170601,0.610449433,-0.796544373,-0.244977534,-0.552723408,33020,55362,2
0.187855199,0.228377923,0.593774557,0.889922082,-0.403808385,0.212079003,33024,53817,2
0.188328400,0.224851012,0.600329995,0.862321377,0.033352025,-0.505261898,33043,53818,2
0.227445692,0.154727295,0.613882661,0.053677619,-0.045689788,0.997512519,33134,56148,2
0.226434052,0.149991795,0.661596298,-0.135903478,-0.031218624,0.990230143,33146,56149,2
0.227024212,0.153292894,0.635925353,-0.668074191,-0.737438798,-0.099302202,33155,56150,2
0.226358876,0.146906033,0.651430547,0.318895847,-0.261285186,-0.911062896,33252,50756,2
0.229102924,0.147417396,0.631980121,0.520497739,-0.422780186,-0.741848469,33306,50759,2
0.225897387,0.144912779,0.639166474,-0.999740601,0.022668958,-0.002222657,33334,50761,2
0.225646690,0.150889561,0.672894955,-0.445495903,-0.756106198,0.479413122,33399,50763,2
0.186721116,0.412133515,0.724775672,0.998348534,0.046953417,0.033099603,33452,56937,1
0.215295449,0.311791897,0.616908908,-0.015427176,0.208478794,-0.977905214,33479,53831,2
0.218275577,0.307798713,0.664099813,-0.266880512,-0.274595410,0.923781514,33481,53832,2
0.216938794,0.300212741,0.660314739,-0.580797732,0.504624069,0.638771236,33530,53835,2
0.219415843,0.300671101,0.663444161,-0.511226296,0.181377724,0.840089142,33552,53837,2
0.221848115,0.303952724,0.636405706,-0.337356627,-0.940783858,-0.033411290,33574,53838,2
0.217934340,0.298518091,0.641574323,0.857148886,-0.515045166,0.004942431,33661,55370,2
0.217848837,0.292580754,0.616475046,0.854389131,0.499757290,-0.142344251,33744,33744,2
0.185640007,0.224950686,0.632204890,0.549593985,0.554376364,-0.624990642,33752,50790,2
0.216693014,0.304877311,0.675552309,-0.472828656,-0.384431958,0.792871475,33775,33775,2
0.209085941,0.396709740,0.535886288,0.820257783,0.035463855,-0.570893645,33835,56153,2
0.212215006,0.458097219,0.561480939,-0.996793211,-0.066890612,-0.043919627,33893,56579,2
0.209041119,0.460759521,0.551352382,0.338863283,-0.822203219,-0.457333177,33928,55377,2
0.202222571,0.437485874,0.514542162,-0.666739583,-0.396153212,0.631285191,34089,56582,2
0.212641716,0.434888601,0.541705728,0.943456769,0.013263222,0.331230283,34228,55388,2
0.214600161,0.422387749,0.523625970,-0.987242043,0.159088522,0.006636500,34401,50878,2
0.202063173,0.463380486,0.610867679,0.032127894,-0.578425348,-0.815102398,34568,50894,2
0.209428266,0.460094094,0.594529986,-0.180280715,-0.238732100,0.954204321,34593,50897,2
0.207923621,0.460418493,0.608984888,0.841123402,0.480844736,-0.247588024,34617,55399,2
0.208109036,0.451350421,0.557431102,0.418305695,0.897738695,-0.138150349,34783,53893,2
0.209561750,0.447021842,0.571065962,0.841324925,-0.533675849,0.085805655,34803,55400,2
0.203529105,0.449132979,0.610551417,-0.221775293,0.974802792,0.023986017,34822,50909,2
0.205732286,0.447763145,0.594066799,0.036044672,0.088989906,-0.995380163,34847,50910,2
0.237965390,0.603916705,0.517369330,0.489131689,0.859488428,0.148424804,35028,35028,2
0.208094209,0.599442303,0.543123782,-0.760338068,0.646084845,-0.066786595,35036,56941,1
0.204287335,0.534169436,0.537087321,-0.178360656,-0.020025827,0.983761430,35091,56937,1
0.207068071,0.533359766,0.535984099,0.949446201,0.048670441,-0.310134053,35106,56937,1
0.207377359,0.479450673,0.537333667,-0.542476833,0.434677541,0.718870163,35543,55418,2
0.208569422,0.601212204,0.582608879,-0.740558863,0.671987236,0.002396206,35704,56922,2
0.181808442,0.492329150,0.562122226,-0.992035747,-0.051391177,-0.114995755,35826,56179,2
0.173051998,0.453797132,0.648982465,-0.998414695,-0.046981171,-0.030998690,35831,56937,1
0.173719242,0.494195670,0.646672308,0.639737546,-0.768546462,-0.008502363,35921,56932,1
0.175575420,0.469380558,0.670569360,-0.509014904,-0.860581577,-0.017412795,36047,56932,1
0.182299539,0.573202133,0.606820524,-0.992317200,-0.105289251,-0.064967394,36065,56592,2
0.177522585,0.566421747,0.564515471,-0.985873163,-0.038546357,-0.162997872,36076,56186,2
0.176639035,0.509335577,0.698019087,0.999249458,0.038087465,0.007061433,36083,56932,1
0.171867892,0.571640611,0.574971855,0.914849222,-0.365204602,-0.172268882,36138,53965,2
0.174494103,0.514168978,0.680049121,0.789284050,-0.529874980,-0.310263157,36208,57028,1
0.172573105,0.536280453,0.575595856,-0.908526361,-0.410614699,-0.077301286,36391,53979,2
0.173310548,0.532643616,0.620440364,-0.602297843,-0.795738876,-0.063536920,36422,56191,2
0.174240336,0.526443362,0.623861730,0.480885327,-0.876776278,-0.003552584,36507,55443,2
0.167956159,0.452014416,0.514022410,0.549255490,0.086456269,-0.831170201,36695,53989,2
0.167524591,0.428442538,0.506410897,-0.598321199,-0.341790587,0.724700630,36722,56194,2
0.122519687,0.428321600,0.520786762,0.787449419,0.398968101,-0.469838262,36758,51092,2
0.127774253,0.410196811,0.508663237,0.826234758,0.121321470,-0.550106585,36762,36762,2
0.181061655,0.378392249,0.621786773,-0.401288778,-0.915652037,-0.023423422,36817,56198,2
0.181832895,0.370168209,0.602940619,-0.806098819,0.551868081,0.213650078,36851,56199,2
0.184959024,0.347907633,0.573819816,0.510518730,0.858146191,0.054367919,37108,37108,2
0.178410575,0.460315257,0.605223358,-0.927116454,-0.190450519,0.322775155,37161,55458,2
0.178908974,0.444722265,0.604981780,-0.868095815,-0.039505295,0.494822264,37171,54011,2
0.168748572,0.444023162,0.598987639,-0.972803950,-0.077703148,0.218208119,37176,37176,2
0.178057328,0.439970404,0.615183711,-0.400097549,-0.915831387,-0.034276675,37185,55459,2
0.177709401,0.433977097,0.649376214,0.620720863,-0.783981442,-0.008878350,37186,56932,1
0.178188726,0.409115404,0.652373493,-0.528253376,-0.848909676,-0.017345004,37291,56932,1
0.178906918,0.402615100,0.629963994,0.614171267,-0.789172769,-0.000185828,37346,56204,2
0.166134879,0.474358052,0.507694900,-0.659830630,0.240458518,0.711901128,37392,55465,2
0.120661780,0.469883472,0.519807696,0.872864783,-0.185194328,-0.451453477,37406,51148,2
0.075672232,0.435531437,0.536343515,-0.207114220,-0.894671619,-0.395810992,37436,37436,2
0.048267744,0.493462831,0.534556687,-0.207097858,-0.699036181,0.684440613,37512,37512,2
0.065413103,0.481421262,0.535718679,-0.646607220,0.756344318,-0.099208973,37513,37513,2
0.214285493,0.459846944,0.614648044,-0.649967492,-0.758654296,0.044564165,37536,54021,2
0.207033753,0.452766448,0.632208943,0.178579748,-0.016306078,-0.983790338,37572,55466,2
0.210663453,0.444233298,0.615017831,-0.773496330,0.628669322,-0.080488041,37671,54024,2
0.208967268,0.444762319,0.612561524,-0.444769621,0.072525807,-0.892703772,37694,51160,2
0.203120530,0.444418013,0.611258507,0.043050006,-0.458782673,0.887505114,37710,51161,2
0.174060181,0.504968584,0.661706150,-0.737803936,-0.557303488,0.380864978,37784,56206,2
0.176754117,0.499806494,0.637179434,-0.420183092,-0.907334864,-0.013770640,37837,55471,2
0.176750675,0.464269102,0.620550036,-0.613171577,0.789820433,0.014297828,37935,55474,2
0.182231635,0.546693265,0.651235342,-0.993740320,-0.098237701,-0.053193361,38047,56606,2
0.174577057,0.547324955,0.614872813,-0.562649488,0.174212337,0.808131039,38133,54044,2
0.182356611,0.514271200,0.706044018,0.994100511,0.092537850,0.056577522,38443,56211,2
0.177572593,0.520243526,0.710541070,0.002914842,-0.330773085,0.943705857,38457,54059,2
0.172114030,0.500959575,0.679525673,-0.578904152,-0.813618362,-0.053806391,38618,56212,2
0.172130287,0.486230403,0.709865093,0.975726664,-0.120974004,-0.182545379,38700,56607,2
0.180467784,0.530646741,0.689277470,-0.753620744,-0.526395798,0.393653691,38816,55491,2
0.180357352,0.530193448,0.680666447,0.741454840,0.638115525,0.207493141,38837,51263,2
0.173965931,0.475833744,0.718476176,0.652020752,0.426180989,-0.627087474,38908,55492,2
0.204521522,0.600508988,0.668166101,0.447816163,-0.441150069,-0.777719378,38911,55493,2
0.179870591,0.398476422,0.662333369,-0.676652968,0.554670036,0.484233409,38912,56215,2
0.181464717,0.373272419,0.626952052,-0.491371274,0.870945990,-0.002736547,39071,54089,2
0.177081287,0.438603103,0.675250590,-0.391020924,-0.920047700,-0.024797155,39410,55503,2
0.175839961,0.428829342,0.713304043,-0.782594979,0.511377037,0.355019301,39957,56222,2
0.178255677,0.402749509,0.682424724,-0.586717844,0.809775233,0.005123001,40183,55514,2
0.175662041,0.464551061,0.692630708,0.525357068,-0.850859165,0.006220249,40319,56225,2
0.173265859,0.480985790,0.720315814,-0.510473013,0.378699839,0.772012830,40384,54136,2
0.179196700,0.507185757,0.734354079,0.510406911,0.561249912,-0.651523948,40595,55519,2
0.179238006,0.491426557,0.755091786,0.705948710,0.531080008,-0.468604803,40652,54147,2
0.182542279,0.394628644,0.730679333,0.121314369,-0.391763508,-0.912033021,40901,51430,2
0.164865464,0.451789737,0.737947285,-0.583631217,0.811759353,0.020527814,40953,56234,2
0.174299106,0.438210338,0.749379396,0.399590403,0.916295528,-0.027018050,41174,56235,2
0.175135016,0.433006138,0.734317362,-0.483395010,0.875355422,-0.009063805,41233,54170,2
0.179921582,0.419303656,0.776888430,0.363086909,-0.461584896,-0.809387028,41349,54176,2
0.184311390,0.410863191,0.754108965,0.749217808,-0.457675636,-0.478754431,41433,55534,2
0.172423124,0.450711995,0.831294000,-0.067798637,-0.001164656,0.997698367,41517,56236,2
0.113237791,0.447664350,0.777053177,-0.058989100,-0.003910022,0.998251021,41972,41972,2
0.177741319,0.467990816,0.802300692,-0.650681973,-0.707309306,0.276272625,41974,54194,2
0.173036948,0.454749554,0.851216793,-0.202451169,-0.154024184,0.967104077,42020,56616,2
0.171392202,0.449903280,0.875203848,0.705419719,0.298107356,-0.643051445,42038,54197,2
0.173375607,0.448278666,0.842905879,-0.802670300,0.588866234,0.094641179,42095,55541,2
0.175466195,0.439019531,0.853421152,-0.756850839,0.634090126,0.158450469,42200,54199,2
0.166137964,0.439804554,0.850253403,0.864729583,0.395429254,0.309642494,42217,42217,2
0.189858675,0.750111282,0.554486692,-0.989635468,-0.045327093,-0.136261150,42290,56937,1
0.189858675,0.750111282,0.554486692,-0.992874444,-0.045789283,-0.110016964,42290,56937,1
0.195755228,0.763720691,0.562707841,-0.726731360,-0.683108628,-0.072279066,42382,56620,2
0.219085157,0.755890429,0.506830871,0.001952400,-0.920255184,0.391314030,42415,42415,2
0.200058550,0.752135277,0.549472332,0.700369895,-0.711425006,0.057936132,42428,56242,1
0.193303496,0.742169380,0.561785519,-0.972051382,0.233645499,-0.022933912,42513,56621,2
0.190340817,0.731090784,0.539448619,-0.199364990,-0.005227932,0.979911447,42572,55554,2
0.187048599,0.800840914,0.540586531,-0.197978616,-0.024733178,0.979894280,42703,55558,2
0.196092680,0.748708546,0.595599353,-0.803971827,0.593885899,0.030476887,42879,56623,2
0.158888981,0.837024808,0.574211955,-0.993221521,-0.045843396,-0.106814995,43059,56937,1
0.157530352,0.831215978,0.609942138,-0.407967836,0.040986225,0.912075877,43069,56252,2
0.138919115,0.829553902,0.640547335,-0.948946238,-0.041322637,-0.312719524,43083,56937,1
0.194428086,0.757557809,0.646991968,-0.624576032,-0.780853570,-0.013134957,43237,54255,2
0.194254950,0.752331376,0.640701234,0.746129215,-0.659729064,0.089715324,43257,56823,2
0.192180574,0.752829313,0.669791520,-0.987391472,-0.038235959,0.153610691,43358,54260,2
0.184676766,0.747251749,0.622999012,0.267119348,-0.803856909,-0.531470895,43455,43455,2
0.193436339,0.754390240,0.670239508,0.096345238,0.012017362,-0.995275497,43499,55576,2
0.191043928,0.752963841,0.681385279,-0.057940111,0.996075034,0.066915244,43557,43557,2
0.222883597,0.908227742,0.519837916,0.869751096,-0.419706970,-0.259575009,43597,55577,2
0.184124455,0.861855626,0.541388690,-0.221880630,-0.027833378,0.974676549,43740,55580,2
0.177796215,0.945082903,0.541190922,-0.540252090,-0.049388357,0.840052664,43870,55586,2
0.187463894,0.915344954,0.545324445,-0.687038779,-0.716640770,-0.120015956,43943,56260,2
0.183211610,0.919252515,0.585605443,0.952256143,0.304304689,-0.024634939,44243,56265,2
0.151964113,0.948277593,0.575375021,-0.997204423,-0.055140451,-0.050427370,44265,56266,2
0.138735920,0.950647235,0.620273948,0.947616041,0.043818615,0.316391945,44294,51719,2
0.158959672,0.824144065,0.607071340,0.628249824,-0.771078110,-0.103637613,44507,56268,2
0.161203101,0.895186007,0.580217779,-0.925740004,-0.373754501,0.057559837,44586,44586,2
0.190248430,0.907080233,0.624454737,0.316396356,0.181908309,-0.931022406,44654,54305,2
0.182784170,0.903714776,0.643746555,0.998673677,0.031245714,0.040921830,44669,56632,2
0.185313225,0.899887681,0.620878696,0.260057688,-0.965101600,0.030805288,44756,55607,2
0.157009274,0.828033745,0.623944223,0.842065394,-0.367739588,0.394580215,44909,55608,2
0.182392761,0.912490964,0.672464907,0.746766627,0.105864778,-0.656606615,44966,51762,2
0.185160547,0.901873112,0.672172785,0.514263630,-0.496509016,-0.699293733,44982,55609,2
0.175556704,0.903531671,0.672005713,0.552415490,-0.596324742,-0.582437992,45050,45050,2
0.117638662,0.955413043,0.659026563,0.047976092,-0.892783880,0.447923303,45081,54316,2
0.195103750,0.659436047,0.538651705,0.269378215,0.029820362,-0.962572694,45105,56272,2
0.204367921,0.613444328,0.579599023,0.806460321,0.591100395,0.014902487,45154,56932,1
0.201208159,0.620129883,0.525276482,0.473618031,0.851036310,0.226767138,45161,55614,2
0.168281540,0.684281826,0.574226737,-0.993034661,-0.045814127,-0.108550504,45384,56937,1
0.148015887,0.678133488,0.639611840,-0.947803915,-0.041227814,-0.316177189,45391,56937,1
0.168906137,0.683601439,0.609486759,-0.325304747,-0.203156322,0.923528254,45651,56279,2
0.166971341,0.670467615,0.608522594,-0.623137116,0.681573391,0.383611709,45704,56280,2
0.066525243,0.684253335,0.503988802,-0.535377562,0.767866552,0.351783842,45923,45923,2
0.202646524,0.604577601,0.643474400,-0.995529711,-0.080775738,-0.048948452,45937,56826,2
0.168423608,0.677780688,0.619487405,0.825035512,-0.327524662,0.460482419,46200,55634,2
0.194829017,0.596015930,0.621152639,0.083262295,-0.867946863,-0.489628166,46257,46257,2
0.204307333,0.608647764,0.668716669,-0.346270710,-0.373047292,0.860774279,46266,51862,2
0.201990291,0.602264702,0.678646207,-0.747080028,0.575793087,0.332165241,46310,46310,2
0.111840896,0.806049228,0.671220899,0.058425490,-0.906496167,0.418152094,46347,57069,2
0.079725564,0.699754715,0.650503218,-0.997229278,0.049822949,0.055239901,46384,46384,2
0.101034395,0.691625118,0.641887605,0.188090459,0.007465559,-0.982123375,46385,51868,2
0.062751003,0.696341276,0.661144376,0.069227874,-0.905519247,-0.418619692,46392,46392,2
0.078987241,0.856426835,0.646519482,-0.046520997,-0.895879328,-0.441855222,46440,51872,2
0.091484062,0.856400192,0.639686644,0.570109487,-0.732843280,-0.371370345,46461,51873,2
0.042217847,0.958418250,0.669873297,0.040612850,-0.891100287,0.451985538,46470,54366,2
0.123285651,0.679106534,0.733258069,0.894383788,0.437922448,-0.091113880,46485,46485,2
0.114050277,0.824240565,0.734620273,-0.347702742,0.212579325,0.913188279,46536,51875,2
0.141239926,0.199376240,0.476222277,-0.423409522,-0.840270638,0.338629216,46642,51882,2
0.149649292,0.186260223,0.455367446,-0.570672393,-0.783734858,0.245138317,46647,54370,2
0.129106641,0.182195365,0.462705672,-0.054253403,-0.912695765,0.405022353,46651,51884,2
0.129802227,0.215009242,0.488771230,0.610587299,0.731775522,-0.302799881,46666,54371,2
0.097585887,0.205706015,0.495626777,-0.390288591,-0.792953491,-0.467867076,46681,46681,2
0.109172501,0.196338519,0.482168198,0.472860008,0.820991099,-0.319964200,46685,51886,2
0.154732808,0.106708378,0.631336749,0.020587828,-0.907473326,-0.419605076,46778,46778,2
0.140602186,0.094079554,0.655657411,0.031194633,0.896221340,0.442508966,46783,46783,2
0.162124485,0.089505240,0.667687178,-0.002715942,-0.881453216,-0.472263664,46794,51891,2
0.126984835,0.081780389,0.679405272,-0.021246661,-0.898760378,-0.437925130,46797,46797,2
0.126803353,0.074364908,0.695151508,0.082725048,0.904662549,0.418021888,46803,46803,2
0.140915170,0.076959565,0.691693544,0.036118370,0.911453724,0.409814209,46805,46805,2
0.126281664,0.205872193,0.635524631,-0.642574906,-0.032727983,0.765523672,46819,46819,2
0.087157816,0.196882963,0.655097663,-0.067479417,-0.927295983,0.368196666,46836,51893,2
0.106067434,0.196145177,0.643641949,-0.976794899,-0.169984490,0.130296364,46841,46841,2
0.085499614,0.073329903,0.691154301,0.032467313,-0.914042711,-0.404316515,46846,46846,2
0.078340456,0.068194777,0.701259196,0.057962153,0.922600746,0.381376952,46850,46850,2
0.111440368,0.081455059,0.678046763,0.018720720,0.910321236,0.413478881,46851,46851,2
0.098762050,0.073919065,0.692035437,-0.014020732,-0.901657104,-0.432224512,46855,46855,2
0.111768983,0.074001834,0.693602562,-0.155617341,-0.881446660,-0.445909351,46861,46861,2
0.052220356,0.464633077,0.540445209,-0.169376075,-0.219038934,0.960902572,46865,54375,2
0.062826432,0.441753715,0.532434344,0.461557180,-0.740314424,-0.488773674,46876,46876,2
0.061752010,0.431161255,0.538520813,0.221055269,0.017312881,0.975107610,46882,46882,2
